dataset,dataset_label,image,image_stem,model,model_label,pll_score,wer,cer,levenshtein,gt_source,gt_file,prediction_file,gt_chars,pred_chars,pll_per_pred_char,pll_per_gt_char,pll_per_char_mean,pred_lines_xml,page_weighted_wc,page_mean_wc,page_string_count,gt_lines_text,len_ratio,line_ratio,base_valid,page_high_confidence,page_complete_high_confidence
bnf150amitaitanchuma2,BNF 150 Amitai Tanchuma 2,Midrach_rabba_Nombres_(hébreu)__btv1b105399567_Page_134_Image_0001.tif,Midrach_rabba_Nombres_(hébreu)__btv1b105399567_Page_134_Image_0001,ashkenazy,ashkenazy,3922.381534989574,0.5972602739726027,0.2505896226415094,429.0,gt,datasets/bnf150amitaitanchuma2/gt/Midrach_rabba_Nombres_(hébreu)__btv1b105399567_Page_134_Image_0001.txt,analysis_results/full_run_20260613/predictions/bnf150amitaitanchuma2/ashkenazy__Midrach_rabba_Nombres_(hébreu)__btv1b105399567_Page_134_Image_0001.xml,1702,1382,2.838192138197955,2.3045719947059777,2.543697493508154,26,0.9113209036838895,0.9113209036838895,299,26,0.8119858989424207,1.0,True,True,True
bnf150amitaitanchuma2,BNF 150 Amitai Tanchuma 2,Midrach_rabba_Nombres_(hébreu)__btv1b105399567_Page_134_Image_0001.tif,Midrach_rabba_Nombres_(hébreu)__btv1b105399567_Page_134_Image_0001,biblia9,biblia9,5143.6186387352645,0.7917808219178082,0.2954009433962264,505.0,gt,datasets/bnf150amitaitanchuma2/gt/Midrach_rabba_Nombres_(hébreu)__btv1b105399567_Page_134_Image_0001.txt,analysis_results/full_run_20260613/predictions/bnf150amitaitanchuma2/biblia9__Midrach_rabba_Nombres_(hébreu)__btv1b105399567_Page_134_Image_0001.xml,1702,1535,3.3508916213259052,3.0221026079525646,3.1780158410474293,26,0.9521334220062558,0.9521334220062558,291,26,0.9018801410105758,1.0,True,True,True
bnf150amitaitanchuma2,BNF 150 Amitai Tanchuma 2,Midrach_rabba_Nombres_(hébreu)__btv1b105399567_Page_134_Image_0001.tif,Midrach_rabba_Nombres_(hébreu)__btv1b105399567_Page_134_Image_0001,italian_7,italian 7,3915.779604180134,0.3178082191780822,0.0784198113207547,139.0,gt,datasets/bnf150amitaitanchuma2/gt/Midrach_rabba_Nombres_(hébreu)__btv1b105399567_Page_134_Image_0001.txt,analysis_results/full_run_20260613/predictions/bnf150amitaitanchuma2/italian_7__Midrach_rabba_Nombres_(hébreu)__btv1b105399567_Page_134_Image_0001.xml,1702,1667,2.3489979629154973,2.3006930694360364,2.3245946002850304,26,0.9560662732728454,0.9560662732728454,350,26,0.9794359576968272,1.0,True,True,True
bnf150amitaitanchuma2,BNF 150 Amitai Tanchuma 2,Midrach_rabba_Nombres_(hébreu)__btv1b105399567_Page_134_Image_0001.tif,Midrach_rabba_Nombres_(hébreu)__btv1b105399567_Page_134_Image_0001,prenumeranten,prenumeranten,4495.977370142937,0.989041095890411,0.6709905660377359,1138.0,gt,datasets/bnf150amitaitanchuma2/gt/Midrach_rabba_Nombres_(hébreu)__btv1b105399567_Page_134_Image_0001.txt,analysis_results/full_run_20260613/predictions/bnf150amitaitanchuma2/prenumeranten__Midrach_rabba_Nombres_(hébreu)__btv1b105399567_Page_134_Image_0001.xml,1702,1211,3.71261549970515,2.6415848238207618,3.0868365054191123,26,0.48207803542900973,0.48207803542900973,294,26,0.7115158636897767,1.0,True,False,False
bnf150amitaitanchuma2,BNF 150 Amitai Tanchuma 2,Midrach_rabba_Nombres_(hébreu)__btv1b105399567_Page_134_Image_0001.tif,Midrach_rabba_Nombres_(hébreu)__btv1b105399567_Page_134_Image_0001,sephardi,sephardi,3477.3177983204223,0.3260273972602739,0.0878537735849056,155.0,gt,datasets/bnf150amitaitanchuma2/gt/Midrach_rabba_Nombres_(hébreu)__btv1b105399567_Page_134_Image_0001.txt,analysis_results/full_run_20260613/predictions/bnf150amitaitanchuma2/sephardi__Midrach_rabba_Nombres_(hébreu)__btv1b105399567_Page_134_Image_0001.xml,1702,1643,2.116444186439697,2.043077437321047,2.0791137807595947,26,0.956154145690008,0.956154145690008,344,26,0.9653349001175088,1.0,True,True,True
bnf150amitaitanchuma2,BNF 150 Amitai Tanchuma 2,Midrach_rabba_Nombres_(hébreu)__btv1b105399567_Page_134_Image_0001.tif,Midrach_rabba_Nombres_(hébreu)__btv1b105399567_Page_134_Image_0001,sinai_no_voc_61,sinai no voc 61,4780.825483679771,0.8657534246575342,0.3856132075471698,660.0,gt,datasets/bnf150amitaitanchuma2/gt/Midrach_rabba_Nombres_(hébreu)__btv1b105399567_Page_134_Image_0001.txt,analysis_results/full_run_20260613/predictions/bnf150amitaitanchuma2/sinai_no_voc_61__Midrach_rabba_Nombres_(hébreu)__btv1b105399567_Page_134_Image_0001.xml,1702,1503,3.180855278562722,2.8089456425850594,2.983354435993617,26,0.9261329597217528,0.9261329597217528,299,26,0.8830787309048178,1.0,True,True,True
bnf150amitaitanchuma2,BNF 150 Amitai Tanchuma 2,Midrach_rabba_Nombres_(hébreu)__btv1b105399567_Page_134_Image_0001.tif,Midrach_rabba_Nombres_(hébreu)__btv1b105399567_Page_134_Image_0001,vat44,vat44,4827.553309260169,0.7150684931506849,0.2158018867924528,371.0,gt,datasets/bnf150amitaitanchuma2/gt/Midrach_rabba_Nombres_(hébreu)__btv1b105399567_Page_134_Image_0001.txt,analysis_results/full_run_20260613/predictions/bnf150amitaitanchuma2/vat44__Midrach_rabba_Nombres_(hébreu)__btv1b105399567_Page_134_Image_0001.xml,1702,1506,3.2055466860957296,2.8364002992127904,3.0096965768454917,26,0.9347903550368416,0.9347903550368416,270,26,0.8848413631022327,1.0,True,True,True
bnf150amitaitanchuma2,BNF 150 Amitai Tanchuma 2,Midrach_rabba_Nombres_(hébreu)__btv1b105399567_Page_224_Image_0001.tif,Midrach_rabba_Nombres_(hébreu)__btv1b105399567_Page_224_Image_0001,ashkenazy,ashkenazy,3666.2323775669065,0.3696275071633237,0.0975166565717746,167.0,gt,datasets/bnf150amitaitanchuma2/gt/Midrach_rabba_Nombres_(hébreu)__btv1b105399567_Page_224_Image_0001.txt,analysis_results/full_run_20260613/predictions/bnf150amitaitanchuma2/ashkenazy__Midrach_rabba_Nombres_(hébreu)__btv1b105399567_Page_224_Image_0001.xml,1657,1578,2.32334117716534,2.2125723461478013,2.266604251973358,26,0.9564597467352042,0.9564597467352042,317,26,0.9523234761617381,1.0,True,True,True
bnf150amitaitanchuma2,BNF 150 Amitai Tanchuma 2,Midrach_rabba_Nombres_(hébreu)__btv1b105399567_Page_224_Image_0001.tif,Midrach_rabba_Nombres_(hébreu)__btv1b105399567_Page_224_Image_0001,biblia9,biblia9,5078.388511445373,0.7191977077363897,0.2077528770442156,347.0,gt,datasets/bnf150amitaitanchuma2/gt/Midrach_rabba_Nombres_(hébreu)__btv1b105399567_Page_224_Image_0001.txt,analysis_results/full_run_20260613/predictions/bnf150amitaitanchuma2/biblia9__Midrach_rabba_Nombres_(hébreu)__btv1b105399567_Page_224_Image_0001.xml,1657,1543,3.291243364514176,3.0648089990617824,3.173992819653358,26,0.9572417536497038,0.9572417536497038,290,26,0.9312009656004828,1.0,True,True,True
bnf150amitaitanchuma2,BNF 150 Amitai Tanchuma 2,Midrach_rabba_Nombres_(hébreu)__btv1b105399567_Page_224_Image_0001.tif,Midrach_rabba_Nombres_(hébreu)__btv1b105399567_Page_224_Image_0001,italian_7,italian 7,3457.531684473506,0.2464183381088825,0.0587522713506965,100.0,gt,datasets/bnf150amitaitanchuma2/gt/Midrach_rabba_Nombres_(hébreu)__btv1b105399567_Page_224_Image_0001.txt,analysis_results/full_run_20260613/predictions/bnf150amitaitanchuma2/italian_7__Midrach_rabba_Nombres_(hébreu)__btv1b105399567_Page_224_Image_0001.xml,1657,1632,2.118585590976413,2.0866214148904683,2.102482021570998,26,0.9643133418681534,0.9643133418681534,343,26,0.9849124924562462,1.0,True,True,True
bnf150amitaitanchuma2,BNF 150 Amitai Tanchuma 2,Midrach_rabba_Nombres_(hébreu)__btv1b105399567_Page_224_Image_0001.tif,Midrach_rabba_Nombres_(hébreu)__btv1b105399567_Page_224_Image_0001,prenumeranten,prenumeranten,5403.776875646319,0.98567335243553,0.6341611144760751,1071.0,gt,datasets/bnf150amitaitanchuma2/gt/Midrach_rabba_Nombres_(hébreu)__btv1b105399567_Page_224_Image_0001.txt,analysis_results/full_run_20260613/predictions/bnf150amitaitanchuma2/prenumeranten__Midrach_rabba_Nombres_(hébreu)__btv1b105399567_Page_224_Image_0001.xml,1657,1466,3.6860688101270935,3.2611809750430414,3.4606320048967785,26,0.5735142242354713,0.5735142242354713,293,26,0.8847314423657212,1.0,True,False,False
bnf150amitaitanchuma2,BNF 150 Amitai Tanchuma 2,Midrach_rabba_Nombres_(hébreu)__btv1b105399567_Page_224_Image_0001.tif,Midrach_rabba_Nombres_(hébreu)__btv1b105399567_Page_224_Image_0001,sephardi,sephardi,2990.787791946132,0.2492836676217765,0.0605693519079345,110.0,gt,datasets/bnf150amitaitanchuma2/gt/Midrach_rabba_Nombres_(hébreu)__btv1b105399567_Page_224_Image_0001.txt,analysis_results/full_run_20260613/predictions/bnf150amitaitanchuma2/sephardi__Midrach_rabba_Nombres_(hébreu)__btv1b105399567_Page_224_Image_0001.xml,1657,1592,1.8786355477048569,1.8049413349101582,1.8410512723583454,26,0.9604869764446717,0.9604869764446717,328,26,0.9607724803862402,1.0,True,True,True
bnf150amitaitanchuma2,BNF 150 Amitai Tanchuma 2,Midrach_rabba_Nombres_(hébreu)__btv1b105399567_Page_224_Image_0001.tif,Midrach_rabba_Nombres_(hébreu)__btv1b105399567_Page_224_Image_0001,sinai_no_voc_61,sinai no voc 61,4589.199323371053,0.8223495702005731,0.3434282253179891,573.0,gt,datasets/bnf150amitaitanchuma2/gt/Midrach_rabba_Nombres_(hébreu)__btv1b105399567_Page_224_Image_0001.txt,analysis_results/full_run_20260613/predictions/bnf150amitaitanchuma2/sinai_no_voc_61__Midrach_rabba_Nombres_(hébreu)__btv1b105399567_Page_224_Image_0001.xml,1657,1447,3.171526830249518,2.7695831764460186,2.956958326914338,26,0.9409198858636507,0.9409198858636507,273,26,0.8732649366324683,1.0,True,True,True
bnf150amitaitanchuma2,BNF 150 Amitai Tanchuma 2,Midrach_rabba_Nombres_(hébreu)__btv1b105399567_Page_224_Image_0001.tif,Midrach_rabba_Nombres_(hébreu)__btv1b105399567_Page_224_Image_0001,vat44,vat44,4601.2476020623,0.6848137535816619,0.1720169594185342,286.0,gt,datasets/bnf150amitaitanchuma2/gt/Midrach_rabba_Nombres_(hébreu)__btv1b105399567_Page_224_Image_0001.txt,analysis_results/full_run_20260613/predictions/bnf150amitaitanchuma2/vat44__Midrach_rabba_Nombres_(hébreu)__btv1b105399567_Page_224_Image_0001.xml,1657,1511,3.0451671754217737,2.776854316271756,2.9048280316049873,26,0.943105362388867,0.943105362388867,255,26,0.9118889559444779,1.0,True,True,True
bnf150amitaitanchuma2,BNF 150 Amitai Tanchuma 2,Midrach_rabba_Nombres_(hébreu)__btv1b105399567_Page_375_Image_0001.tif,Midrach_rabba_Nombres_(hébreu)__btv1b105399567_Page_375_Image_0001,ashkenazy,ashkenazy,3535.3577719555165,0.4267912772585669,0.1252459016393442,198.0,gt,datasets/bnf150amitaitanchuma2/gt/Midrach_rabba_Nombres_(hébreu)__btv1b105399567_Page_375_Image_0001.txt,analysis_results/full_run_20260613/predictions/bnf150amitaitanchuma2/ashkenazy__Midrach_rabba_Nombres_(hébreu)__btv1b105399567_Page_375_Image_0001.xml,1531,1482,2.3855315600239653,2.3091820848827673,2.3467359920049895,26,0.956586149536978,0.956586149536978,312,26,0.9679947746570868,1.0,True,True,True
bnf150amitaitanchuma2,BNF 150 Amitai Tanchuma 2,Midrach_rabba_Nombres_(hébreu)__btv1b105399567_Page_375_Image_0001.tif,Midrach_rabba_Nombres_(hébreu)__btv1b105399567_Page_375_Image_0001,biblia9,biblia9,4296.373587921262,0.6510903426791277,0.1927868852459016,300.0,gt,datasets/bnf150amitaitanchuma2/gt/Midrach_rabba_Nombres_(hébreu)__btv1b105399567_Page_375_Image_0001.txt,analysis_results/full_run_20260613/predictions/bnf150amitaitanchuma2/biblia9__Midrach_rabba_Nombres_(hébreu)__btv1b105399567_Page_375_Image_0001.xml,1531,1452,2.958934977907205,2.8062531599746974,2.880572301656897,26,0.9680708942406656,0.9680708942406656,284,26,0.9483997387328543,1.0,True,True,True
bnf150amitaitanchuma2,BNF 150 Amitai Tanchuma 2,Midrach_rabba_Nombres_(hébreu)__btv1b105399567_Page_375_Image_0001.tif,Midrach_rabba_Nombres_(hébreu)__btv1b105399567_Page_375_Image_0001,italian_7,italian 7,2909.9835514065617,0.2554517133956386,0.0681967213114754,111.0,gt,datasets/bnf150amitaitanchuma2/gt/Midrach_rabba_Nombres_(hébreu)__btv1b105399567_Page_375_Image_0001.txt,analysis_results/full_run_20260613/predictions/bnf150amitaitanchuma2/italian_7__Midrach_rabba_Nombres_(hébreu)__btv1b105399567_Page_375_Image_0001.xml,1531,1515,1.9207812220505358,1.900707740957911,1.9106917606083793,26,0.9624982011981197,0.9624982011981197,317,26,0.9895493141737427,1.0,True,True,True
bnf150amitaitanchuma2,BNF 150 Amitai Tanchuma 2,Midrach_rabba_Nombres_(hébreu)__btv1b105399567_Page_375_Image_0001.tif,Midrach_rabba_Nombres_(hébreu)__btv1b105399567_Page_375_Image_0001,prenumeranten,prenumeranten,5136.908516645432,0.9968847352024922,0.6334426229508197,986.0,gt,datasets/bnf150amitaitanchuma2/gt/Midrach_rabba_Nombres_(hébreu)__btv1b105399567_Page_375_Image_0001.txt,analysis_results/full_run_20260613/predictions/bnf150amitaitanchuma2/prenumeranten__Midrach_rabba_Nombres_(hébreu)__btv1b105399567_Page_375_Image_0001.xml,1531,1392,3.690307842417696,3.3552635641054427,3.514819375056745,26,0.581901801221276,0.581901801221276,286,26,0.9092096668843893,1.0,True,False,False
bnf150amitaitanchuma2,BNF 150 Amitai Tanchuma 2,Midrach_rabba_Nombres_(hébreu)__btv1b105399567_Page_375_Image_0001.tif,Midrach_rabba_Nombres_(hébreu)__btv1b105399567_Page_375_Image_0001,sephardi,sephardi,3146.2040509954054,0.2990654205607476,0.0760655737704918,125.0,gt,datasets/bnf150amitaitanchuma2/gt/Midrach_rabba_Nombres_(hébreu)__btv1b105399567_Page_375_Image_0001.txt,analysis_results/full_run_20260613/predictions/bnf150amitaitanchuma2/sephardi__Midrach_rabba_Nombres_(hébreu)__btv1b105399567_Page_375_Image_0001.xml,1531,1513,2.0794474890914776,2.054999380140696,2.0671511504569025,26,0.9557558810263356,0.9557558810263356,320,26,0.9882429784454605,1.0,True,True,True
bnf150amitaitanchuma2,BNF 150 Amitai Tanchuma 2,Midrach_rabba_Nombres_(hébreu)__btv1b105399567_Page_375_Image_0001.tif,Midrach_rabba_Nombres_(hébreu)__btv1b105399567_Page_375_Image_0001,sinai_no_voc_61,sinai no voc 61,4602.212525606155,0.8068535825545171,0.340983606557377,527.0,gt,datasets/bnf150amitaitanchuma2/gt/Midrach_rabba_Nombres_(hébreu)__btv1b105399567_Page_375_Image_0001.txt,analysis_results/full_run_20260613/predictions/bnf150amitaitanchuma2/sinai_no_voc_61__Midrach_rabba_Nombres_(hébreu)__btv1b105399567_Page_375_Image_0001.xml,1531,1423,3.2341619997232294,3.0060173256735174,3.1159191100921837,26,0.9404795914548729,0.9404795914548729,285,26,0.9294578706727629,1.0,True,True,True
bnf150amitaitanchuma2,BNF 150 Amitai Tanchuma 2,Midrach_rabba_Nombres_(hébreu)__btv1b105399567_Page_375_Image_0001.tif,Midrach_rabba_Nombres_(hébreu)__btv1b105399567_Page_375_Image_0001,vat44,vat44,4111.53681420871,0.6386292834890965,0.1744262295081967,272.0,gt,datasets/bnf150amitaitanchuma2/gt/Midrach_rabba_Nombres_(hébreu)__btv1b105399567_Page_375_Image_0001.txt,analysis_results/full_run_20260613/predictions/bnf150amitaitanchuma2/vat44__Midrach_rabba_Nombres_(hébreu)__btv1b105399567_Page_375_Image_0001.xml,1531,1445,2.8453541966842284,2.685523719274141,2.7631295794413373,26,0.9428592055516588,0.9428592055516588,265,26,0.9438275636838668,1.0,True,True,True
bnf150test2,BNF 150 test 2,Midrach_rabba_Nombres_(hébreu)__btv1b105399567_Page_097_Image_0001.tif,Midrach_rabba_Nombres_(hébreu)__btv1b105399567_Page_097_Image_0001,ashkenazy,ashkenazy,3807.9589910679497,0.4247787610619469,0.1321339950372208,240.0,gt,datasets/bnf150test2/gt/Midrach_rabba_Nombres_(hébreu)__btv1b105399567_Page_097_Image_0001.txt,analysis_results/full_run_20260613/predictions/bnf150test2/ashkenazy__Midrach_rabba_Nombres_(hébreu)__btv1b105399567_Page_097_Image_0001.xml,1641,1527,2.4937517950674195,2.320511268170597,2.4040145145630993,26,0.9519898077687596,0.9519898077687596,315,26,0.9305301645338209,1.0,True,True,True
bnf150test2,BNF 150 test 2,Midrach_rabba_Nombres_(hébreu)__btv1b105399567_Page_097_Image_0001.tif,Midrach_rabba_Nombres_(hébreu)__btv1b105399567_Page_097_Image_0001,biblia9,biblia9,4811.533423125744,0.6135693215339233,0.2016129032258064,347.0,gt,datasets/bnf150test2/gt/Midrach_rabba_Nombres_(hébreu)__btv1b105399567_Page_097_Image_0001.txt,analysis_results/full_run_20260613/predictions/bnf150test2/biblia9__Midrach_rabba_Nombres_(hébreu)__btv1b105399567_Page_097_Image_0001.xml,1641,1535,3.1345494613197027,2.932073993373397,3.029932886099335,26,0.9553613268171044,0.9553613268171044,310,26,0.935405240706886,1.0,True,True,True
bnf150test2,BNF 150 test 2,Midrach_rabba_Nombres_(hébreu)__btv1b105399567_Page_097_Image_0001.tif,Midrach_rabba_Nombres_(hébreu)__btv1b105399567_Page_097_Image_0001,italian_7,italian 7,3522.336870210944,0.28023598820059,0.0732009925558312,133.0,gt,datasets/bnf150test2/gt/Midrach_rabba_Nombres_(hébreu)__btv1b105399567_Page_097_Image_0001.txt,analysis_results/full_run_20260613/predictions/bnf150test2/italian_7__Midrach_rabba_Nombres_(hébreu)__btv1b105399567_Page_097_Image_0001.xml,1641,1603,2.197340530387364,2.146457568684305,2.171601029723147,26,0.9629436530479865,0.9629436530479865,332,26,0.9768433881779403,1.0,True,True,True
bnf150test2,BNF 150 test 2,Midrach_rabba_Nombres_(hébreu)__btv1b105399567_Page_097_Image_0001.tif,Midrach_rabba_Nombres_(hébreu)__btv1b105399567_Page_097_Image_0001,prenumeranten,prenumeranten,4925.74543847004,0.9882005899705014,0.6271712158808933,1038.0,gt,datasets/bnf150test2/gt/Midrach_rabba_Nombres_(hébreu)__btv1b105399567_Page_097_Image_0001.txt,analysis_results/full_run_20260613/predictions/bnf150test2/prenumeranten__Midrach_rabba_Nombres_(hébreu)__btv1b105399567_Page_097_Image_0001.xml,1641,1302,3.7832146224808296,3.0016730277087387,3.3474314906354334,26,0.5698121139037814,0.5698121139037814,284,26,0.793418647166362,1.0,True,False,False
bnf150test2,BNF 150 test 2,Midrach_rabba_Nombres_(hébreu)__btv1b105399567_Page_097_Image_0001.tif,Midrach_rabba_Nombres_(hébreu)__btv1b105399567_Page_097_Image_0001,sephardi,sephardi,3501.234547880944,0.3421828908554572,0.097394540942928,190.0,gt,datasets/bnf150test2/gt/Midrach_rabba_Nombres_(hébreu)__btv1b105399567_Page_097_Image_0001.txt,analysis_results/full_run_20260613/predictions/bnf150test2/sephardi__Midrach_rabba_Nombres_(hébreu)__btv1b105399567_Page_097_Image_0001.xml,1641,1555,2.2515977799877454,2.133598140085889,2.1910103553698024,26,0.9597686606896043,0.9597686606896043,326,26,0.947592931139549,1.0,True,True,True
bnf150test2,BNF 150 test 2,Midrach_rabba_Nombres_(hébreu)__btv1b105399567_Page_097_Image_0001.tif,Midrach_rabba_Nombres_(hébreu)__btv1b105399567_Page_097_Image_0001,sinai_no_voc_61,sinai no voc 61,4735.49218913386,0.831858407079646,0.3306451612903225,562.0,gt,datasets/bnf150test2/gt/Midrach_rabba_Nombres_(hébreu)__btv1b105399567_Page_097_Image_0001.txt,analysis_results/full_run_20260613/predictions/bnf150test2/sinai_no_voc_61__Midrach_rabba_Nombres_(hébreu)__btv1b105399567_Page_097_Image_0001.xml,1641,1422,3.3301632834977917,2.885735642372858,3.092061501230075,26,0.9505530509954363,0.9505530509954363,279,26,0.8665447897623401,1.0,True,True,True
bnf150test2,BNF 150 test 2,Midrach_rabba_Nombres_(hébreu)__btv1b105399567_Page_097_Image_0001.tif,Midrach_rabba_Nombres_(hébreu)__btv1b105399567_Page_097_Image_0001,vat44,vat44,4440.712982894853,0.5722713864306784,0.1544665012406947,269.0,gt,datasets/bnf150test2/gt/Midrach_rabba_Nombres_(hébreu)__btv1b105399567_Page_097_Image_0001.txt,analysis_results/full_run_20260613/predictions/bnf150test2/vat44__Midrach_rabba_Nombres_(hébreu)__btv1b105399567_Page_097_Image_0001.xml,1641,1520,2.9215216992729296,2.706101756791501,2.809688695283045,26,0.9454448664564536,0.9454448664564536,285,26,0.9262644728823888,1.0,True,True,True
bnf150test2,BNF 150 test 2,Midrach_rabba_Nombres_(hébreu)__btv1b105399567_Page_098_Image_0001.tif,Midrach_rabba_Nombres_(hébreu)__btv1b105399567_Page_098_Image_0001,ashkenazy,ashkenazy,4035.993860429269,0.5,0.1841269841269841,312.0,gt,datasets/bnf150test2/gt/Midrach_rabba_Nombres_(hébreu)__btv1b105399567_Page_098_Image_0001.txt,analysis_results/full_run_20260613/predictions/bnf150test2/ashkenazy__Midrach_rabba_Nombres_(hébreu)__btv1b105399567_Page_098_Image_0001.xml,1595,1425,2.8322763932836974,2.530403674250325,2.6728436161783238,26,0.934531433906909,0.934531433906909,300,26,0.8934169278996865,1.0,True,True,True
bnf150test2,BNF 150 test 2,Midrach_rabba_Nombres_(hébreu)__btv1b105399567_Page_098_Image_0001.tif,Midrach_rabba_Nombres_(hébreu)__btv1b105399567_Page_098_Image_0001,biblia9,biblia9,5201.884979931638,0.7781065088757396,0.2825396825396825,457.0,gt,datasets/bnf150test2/gt/Midrach_rabba_Nombres_(hébreu)__btv1b105399567_Page_098_Image_0001.txt,analysis_results/full_run_20260613/predictions/bnf150test2/biblia9__Midrach_rabba_Nombres_(hébreu)__btv1b105399567_Page_098_Image_0001.xml,1595,1499,3.4702368111618664,3.2613698933740674,3.3625630122376458,26,0.9475357103274218,0.9475357103274218,314,26,0.9398119122257054,1.0,True,True,True
bnf150test2,BNF 150 test 2,Midrach_rabba_Nombres_(hébreu)__btv1b105399567_Page_098_Image_0001.tif,Midrach_rabba_Nombres_(hébreu)__btv1b105399567_Page_098_Image_0001,italian_7,italian 7,3541.8133800475043,0.3195266272189349,0.1028571428571428,177.0,gt,datasets/bnf150test2/gt/Midrach_rabba_Nombres_(hébreu)__btv1b105399567_Page_098_Image_0001.txt,analysis_results/full_run_20260613/predictions/bnf150test2/italian_7__Midrach_rabba_Nombres_(hébreu)__btv1b105399567_Page_098_Image_0001.xml,1595,1539,2.301373216405136,2.2205726520674007,2.2602510402345275,26,0.9554115717178644,0.9554115717178644,323,26,0.9648902821316614,1.0,True,True,True
bnf150test2,BNF 150 test 2,Midrach_rabba_Nombres_(hébreu)__btv1b105399567_Page_098_Image_0001.tif,Midrach_rabba_Nombres_(hébreu)__btv1b105399567_Page_098_Image_0001,prenumeranten,prenumeranten,5147.716719567776,0.9940828402366864,0.6374603174603175,1011.0,gt,datasets/bnf150test2/gt/Midrach_rabba_Nombres_(hébreu)__btv1b105399567_Page_098_Image_0001.txt,analysis_results/full_run_20260613/predictions/bnf150test2/prenumeranten__Midrach_rabba_Nombres_(hébreu)__btv1b105399567_Page_098_Image_0001.xml,1595,1374,3.7465187187538396,3.227408601609891,3.4676434621541095,26,0.5691602608557095,0.5691602608557095,305,26,0.8614420062695924,1.0,True,False,False
bnf150test2,BNF 150 test 2,Midrach_rabba_Nombres_(hébreu)__btv1b105399567_Page_098_Image_0001.tif,Midrach_rabba_Nombres_(hébreu)__btv1b105399567_Page_098_Image_0001,sephardi,sephardi,3574.9617526055663,0.3609467455621302,0.1244444444444444,219.0,gt,datasets/bnf150test2/gt/Midrach_rabba_Nombres_(hébreu)__btv1b105399567_Page_098_Image_0001.txt,analysis_results/full_run_20260613/predictions/bnf150test2/sephardi__Midrach_rabba_Nombres_(hébreu)__btv1b105399567_Page_098_Image_0001.xml,1595,1491,2.3976939990647663,2.2413553307871887,2.3168903127709437,26,0.9490205533584051,0.9490205533584051,323,26,0.9347962382445141,1.0,True,True,True
bnf150test2,BNF 150 test 2,Midrach_rabba_Nombres_(hébreu)__btv1b105399567_Page_098_Image_0001.tif,Midrach_rabba_Nombres_(hébreu)__btv1b105399567_Page_098_Image_0001,sinai_no_voc_61,sinai no voc 61,4590.825422644615,0.8609467455621301,0.3606349206349206,586.0,gt,datasets/bnf150test2/gt/Midrach_rabba_Nombres_(hébreu)__btv1b105399567_Page_098_Image_0001.txt,analysis_results/full_run_20260613/predictions/bnf150test2/sinai_no_voc_61__Midrach_rabba_Nombres_(hébreu)__btv1b105399567_Page_098_Image_0001.xml,1595,1403,3.2721492677438455,2.8782604530687244,3.06259200976959,26,0.9468519790710336,0.9468519790710336,265,26,0.8796238244514106,1.0,True,True,True
bnf150test2,BNF 150 test 2,Midrach_rabba_Nombres_(hébreu)__btv1b105399567_Page_098_Image_0001.tif,Midrach_rabba_Nombres_(hébreu)__btv1b105399567_Page_098_Image_0001,vat44,vat44,4599.787573198788,0.7100591715976331,0.2342857142857143,387.0,gt,datasets/bnf150test2/gt/Midrach_rabba_Nombres_(hébreu)__btv1b105399567_Page_098_Image_0001.txt,analysis_results/full_run_20260613/predictions/bnf150test2/vat44__Midrach_rabba_Nombres_(hébreu)__btv1b105399567_Page_098_Image_0001.xml,1595,1414,3.2530322299849983,2.8838793562374847,3.057352989829703,26,0.9265530105059014,0.9265530105059014,250,26,0.8865203761755486,1.0,True,True,True
bodleianoppenheimad,Bodleian Oppenheim Add. 4-128,Bodleian-Library-MS-Oppenheim-Add-4-128_00007_fol-1r.jpg,Bodleian-Library-MS-Oppenheim-Add-4-128_00007_fol-1r,ashkenazy,ashkenazy,99999.0,0.9672131147540984,0.7120253164556962,673.0,gt,datasets/bodleianoppenheimad/gt/Bodleian-Library-MS-Oppenheim-Add-4-128_00007_fol-1r.txt,analysis_results/full_run_20260613/predictions/bodleianoppenheimad/ashkenazy__Bodleian-Library-MS-Oppenheim-Add-4-128_00007_fol-1r.xml,947,337,296.73293768545994,105.59556494192186,155.76168224299064,23,0.8270162420228265,0.8270162420228265,100,23,0.3558606124604013,1.0,False,False,False
bodleianoppenheimad,Bodleian Oppenheim Add. 4-128,Bodleian-Library-MS-Oppenheim-Add-4-128_00007_fol-1r.jpg,Bodleian-Library-MS-Oppenheim-Add-4-128_00007_fol-1r,biblia9,biblia9,3288.8168376088142,0.9781420765027322,0.4662447257383966,450.0,gt,datasets/bodleianoppenheimad/gt/Bodleian-Library-MS-Oppenheim-Add-4-128_00007_fol-1r.txt,analysis_results/full_run_20260613/predictions/bodleianoppenheimad/biblia9__Bodleian-Library-MS-Oppenheim-Add-4-128_00007_fol-1r.xml,947,882,3.72881727620047,3.47287944837256,3.5963005331971725,23,0.934951791033765,0.934951791033765,182,23,0.9313621964097148,1.0,True,True,True
bodleianoppenheimad,Bodleian Oppenheim Add. 4-128,Bodleian-Library-MS-Oppenheim-Add-4-128_00007_fol-1r.jpg,Bodleian-Library-MS-Oppenheim-Add-4-128_00007_fol-1r,italian_7,italian 7,2975.8506830111146,0.7923497267759563,0.2784810126582278,266.0,gt,datasets/bodleianoppenheimad/gt/Bodleian-Library-MS-Oppenheim-Add-4-128_00007_fol-1r.txt,analysis_results/full_run_20260613/predictions/bodleianoppenheimad/italian_7__Bodleian-Library-MS-Oppenheim-Add-4-128_00007_fol-1r.xml,947,910,3.2701655857264997,3.142397764531272,3.205008813151443,23,0.9349741550130576,0.9349741550130576,190,23,0.9609292502639916,1.0,True,True,True
bodleianoppenheimad,Bodleian Oppenheim Add. 4-128,Bodleian-Library-MS-Oppenheim-Add-4-128_00007_fol-1r.jpg,Bodleian-Library-MS-Oppenheim-Add-4-128_00007_fol-1r,prenumeranten,prenumeranten,3170.782289963332,0.994535519125683,0.669831223628692,637.0,gt,datasets/bodleianoppenheimad/gt/Bodleian-Library-MS-Oppenheim-Add-4-128_00007_fol-1r.txt,analysis_results/full_run_20260613/predictions/bodleianoppenheimad/prenumeranten__Bodleian-Library-MS-Oppenheim-Add-4-128_00007_fol-1r.xml,947,805,3.9388599875320893,3.348238954554733,3.619614486259511,23,0.4900266445988706,0.4900266445988706,179,23,0.8500527983104541,1.0,True,False,False
bodleianoppenheimad,Bodleian Oppenheim Add. 4-128,Bodleian-Library-MS-Oppenheim-Add-4-128_00007_fol-1r.jpg,Bodleian-Library-MS-Oppenheim-Add-4-128_00007_fol-1r,sephardi,sephardi,3014.5173840522766,0.8852459016393442,0.3691983122362869,349.0,gt,datasets/bodleianoppenheimad/gt/Bodleian-Library-MS-Oppenheim-Add-4-128_00007_fol-1r.txt,analysis_results/full_run_20260613/predictions/bodleianoppenheimad/sephardi__Bodleian-Library-MS-Oppenheim-Add-4-128_00007_fol-1r.xml,947,861,3.501181630722737,3.183228494247388,3.334643123951633,23,0.9223491998925254,0.9223491998925254,184,23,0.9091869060190074,1.0,True,True,True
bodleianoppenheimad,Bodleian Oppenheim Add. 4-128,Bodleian-Library-MS-Oppenheim-Add-4-128_00007_fol-1r.jpg,Bodleian-Library-MS-Oppenheim-Add-4-128_00007_fol-1r,sinai_no_voc_61,sinai no voc 61,2688.3691046237946,0.9398907103825136,0.4683544303797468,444.0,gt,datasets/bodleianoppenheimad/gt/Bodleian-Library-MS-Oppenheim-Add-4-128_00007_fol-1r.txt,analysis_results/full_run_20260613/predictions/bodleianoppenheimad/sinai_no_voc_61__Bodleian-Library-MS-Oppenheim-Add-4-128_00007_fol-1r.xml,947,750,3.584492139498393,2.8388269320209023,3.1683784379773656,23,0.9065357765973394,0.9065357765973394,160,23,0.791974656810982,1.0,True,True,True
bodleianoppenheimad,Bodleian Oppenheim Add. 4-128,Bodleian-Library-MS-Oppenheim-Add-4-128_00007_fol-1r.jpg,Bodleian-Library-MS-Oppenheim-Add-4-128_00007_fol-1r,vat44,vat44,3151.837393760681,0.8907103825136612,0.3987341772151899,381.0,gt,datasets/bodleianoppenheimad/gt/Bodleian-Library-MS-Oppenheim-Add-4-128_00007_fol-1r.txt,analysis_results/full_run_20260613/predictions/bodleianoppenheimad/vat44__Bodleian-Library-MS-Oppenheim-Add-4-128_00007_fol-1r.xml,947,834,3.7791815272909846,3.328233784330181,3.539401902033331,23,0.8954843294403994,0.8954843294403994,143,23,0.880675818373812,1.0,True,False,False
bodleianoppenheimad,Bodleian Oppenheim Add. 4-128,Bodleian-Library-MS-Oppenheim-Add-4-128_00008_fol-1v.jpg,Bodleian-Library-MS-Oppenheim-Add-4-128_00008_fol-1v,ashkenazy,ashkenazy,2716.646103322506,0.9086294416243654,0.4821973550356053,471.0,gt,datasets/bodleianoppenheimad/gt/Bodleian-Library-MS-Oppenheim-Add-4-128_00008_fol-1v.txt,analysis_results/full_run_20260613/predictions/bodleianoppenheimad/ashkenazy__Bodleian-Library-MS-Oppenheim-Add-4-128_00008_fol-1v.xml,977,699,3.886475112049365,2.7805999010465774,3.2418211256831815,24,0.8623968188512715,0.8623968188512715,174,24,0.7154554759467758,1.0,True,False,False
bodleianoppenheimad,Bodleian Oppenheim Add. 4-128,Bodleian-Library-MS-Oppenheim-Add-4-128_00008_fol-1v.jpg,Bodleian-Library-MS-Oppenheim-Add-4-128_00008_fol-1v,biblia9,biblia9,3590.466460466385,0.9390862944162436,0.392675483214649,393.0,gt,datasets/bodleianoppenheimad/gt/Bodleian-Library-MS-Oppenheim-Add-4-128_00008_fol-1v.txt,analysis_results/full_run_20260613/predictions/bodleianoppenheimad/biblia9__Bodleian-Library-MS-Oppenheim-Add-4-128_00008_fol-1v.xml,977,971,3.697699753312446,3.674991259433352,3.686310534359738,24,0.9429914649643317,0.9429914649643317,205,24,0.9938587512794268,1.0,True,True,True
bodleianoppenheimad,Bodleian Oppenheim Add. 4-128,Bodleian-Library-MS-Oppenheim-Add-4-128_00008_fol-1v.jpg,Bodleian-Library-MS-Oppenheim-Add-4-128_00008_fol-1v,italian_7,italian 7,3173.6409240961075,0.6598984771573604,0.2187182095625635,216.0,gt,datasets/bodleianoppenheimad/gt/Bodleian-Library-MS-Oppenheim-Add-4-128_00008_fol-1v.txt,analysis_results/full_run_20260613/predictions/bodleianoppenheimad/italian_7__Bodleian-Library-MS-Oppenheim-Add-4-128_00008_fol-1v.xml,977,952,3.3336564328740623,3.2483530441106523,3.2904519689954457,24,0.9442527046402054,0.9442527046402054,194,24,0.9744114636642784,1.0,True,True,True
bodleianoppenheimad,Bodleian Oppenheim Add. 4-128,Bodleian-Library-MS-Oppenheim-Add-4-128_00008_fol-1v.jpg,Bodleian-Library-MS-Oppenheim-Add-4-128_00008_fol-1v,prenumeranten,prenumeranten,3730.483984308317,0.9898477157360406,0.6927772126144456,688.0,gt,datasets/bodleianoppenheimad/gt/Bodleian-Library-MS-Oppenheim-Add-4-128_00008_fol-1v.txt,analysis_results/full_run_20260613/predictions/bodleianoppenheimad/prenumeranten__Bodleian-Library-MS-Oppenheim-Add-4-128_00008_fol-1v.xml,977,999,3.7342182025108275,3.8183049992920335,3.775793506384936,24,0.5612983068854689,0.5612983068854689,199,24,1.022517911975435,1.0,True,False,False
bodleianoppenheimad,Bodleian Oppenheim Add. 4-128,Bodleian-Library-MS-Oppenheim-Add-4-128_00008_fol-1v.jpg,Bodleian-Library-MS-Oppenheim-Add-4-128_00008_fol-1v,sephardi,sephardi,3097.307630330324,0.7106598984771574,0.2604272634791454,251.0,gt,datasets/bodleianoppenheimad/gt/Bodleian-Library-MS-Oppenheim-Add-4-128_00008_fol-1v.txt,analysis_results/full_run_20260613/predictions/bodleianoppenheimad/sephardi__Bodleian-Library-MS-Oppenheim-Add-4-128_00008_fol-1v.xml,977,937,3.3055577698295884,3.17022275366461,3.2364761027485103,24,0.9416055367408019,0.9416055367408019,196,24,0.9590583418628454,1.0,True,True,True
bodleianoppenheimad,Bodleian Oppenheim Add. 4-128,Bodleian-Library-MS-Oppenheim-Add-4-128_00008_fol-1v.jpg,Bodleian-Library-MS-Oppenheim-Add-4-128_00008_fol-1v,sinai_no_voc_61,sinai no voc 61,3004.111921787262,0.883248730964467,0.3957273652085453,380.0,gt,datasets/bodleianoppenheimad/gt/Bodleian-Library-MS-Oppenheim-Add-4-128_00008_fol-1v.txt,analysis_results/full_run_20260613/predictions/bodleianoppenheimad/sinai_no_voc_61__Bodleian-Library-MS-Oppenheim-Add-4-128_00008_fol-1v.xml,977,845,3.5551620376180617,3.0748330826891115,3.2975981578345355,24,0.9277005970061559,0.9277005970061559,169,24,0.8648925281473899,1.0,True,True,True
bodleianoppenheimad,Bodleian Oppenheim Add. 4-128,Bodleian-Library-MS-Oppenheim-Add-4-128_00008_fol-1v.jpg,Bodleian-Library-MS-Oppenheim-Add-4-128_00008_fol-1v,vat44,vat44,3465.439103066921,0.8477157360406091,0.3438453713123092,338.0,gt,datasets/bodleianoppenheimad/gt/Bodleian-Library-MS-Oppenheim-Add-4-128_00008_fol-1v.txt,analysis_results/full_run_20260613/predictions/bodleianoppenheimad/vat44__Bodleian-Library-MS-Oppenheim-Add-4-128_00008_fol-1v.xml,977,927,3.7383377595112415,3.5470205763223346,3.640167125070295,24,0.9131279219853464,0.9131279219853464,167,24,0.9488229273285568,1.0,True,True,True
bodleianoppenheimad,Bodleian Oppenheim Add. 4-128,Bodleian-Library-MS-Oppenheim-Add-4-128_00009_fol-2r.jpg,Bodleian-Library-MS-Oppenheim-Add-4-128_00009_fol-2r,ashkenazy,ashkenazy,2862.2531260252,0.8492462311557789,0.3890041493775933,370.0,gt,datasets/bodleianoppenheimad/gt/Bodleian-Library-MS-Oppenheim-Add-4-128_00009_fol-2r.txt,analysis_results/full_run_20260613/predictions/bodleianoppenheimad/ashkenazy__Bodleian-Library-MS-Oppenheim-Add-4-128_00009_fol-2r.xml,958,775,3.693229840032516,2.9877381273749477,3.30323499829798,24,0.8865808748091196,0.8865808748091196,171,24,0.8089770354906054,1.0,True,False,False
bodleianoppenheimad,Bodleian Oppenheim Add. 4-128,Bodleian-Library-MS-Oppenheim-Add-4-128_00009_fol-2r.jpg,Bodleian-Library-MS-Oppenheim-Add-4-128_00009_fol-2r,biblia9,biblia9,3513.116627275944,0.8693467336683417,0.3703319502074689,367.0,gt,datasets/bodleianoppenheimad/gt/Bodleian-Library-MS-Oppenheim-Add-4-128_00009_fol-2r.txt,analysis_results/full_run_20260613/predictions/bodleianoppenheimad/biblia9__Bodleian-Library-MS-Oppenheim-Add-4-128_00009_fol-2r.xml,958,953,3.686376314035618,3.667136354150255,3.676731164077388,24,0.9523325612816155,0.9523325612816155,195,24,0.9947807933194155,1.0,True,True,True
bodleianoppenheimad,Bodleian Oppenheim Add. 4-128,Bodleian-Library-MS-Oppenheim-Add-4-128_00009_fol-2r.jpg,Bodleian-Library-MS-Oppenheim-Add-4-128_00009_fol-2r,italian_7,italian 7,3235.421560972929,0.678391959798995,0.1898340248962655,191.0,gt,datasets/bodleianoppenheimad/gt/Bodleian-Library-MS-Oppenheim-Add-4-128_00009_fol-2r.txt,analysis_results/full_run_20260613/predictions/bodleianoppenheimad/italian_7__Bodleian-Library-MS-Oppenheim-Add-4-128_00009_fol-2r.xml,958,958,3.3772667651074415,3.3772667651074415,3.3772667651074415,24,0.9484130947142141,0.9484130947142141,204,24,1.0,1.0,True,True,True
bodleianoppenheimad,Bodleian Oppenheim Add. 4-128,Bodleian-Library-MS-Oppenheim-Add-4-128_00009_fol-2r.jpg,Bodleian-Library-MS-Oppenheim-Add-4-128_00009_fol-2r,prenumeranten,prenumeranten,3676.594819520251,1.0,0.6690871369294605,650.0,gt,datasets/bodleianoppenheimad/gt/Bodleian-Library-MS-Oppenheim-Add-4-128_00009_fol-2r.txt,analysis_results/full_run_20260613/predictions/bodleianoppenheimad/prenumeranten__Bodleian-Library-MS-Oppenheim-Add-4-128_00009_fol-2r.xml,958,934,3.936397023040954,3.8377816487685292,3.8864638684146415,24,0.6121268450184553,0.6121268450184553,183,24,0.9749478079331941,1.0,True,False,False
bodleianoppenheimad,Bodleian Oppenheim Add. 4-128,Bodleian-Library-MS-Oppenheim-Add-4-128_00009_fol-2r.jpg,Bodleian-Library-MS-Oppenheim-Add-4-128_00009_fol-2r,sephardi,sephardi,3110.43342679739,0.7085427135678392,0.229253112033195,217.0,gt,datasets/bodleianoppenheimad/gt/Bodleian-Library-MS-Oppenheim-Add-4-128_00009_fol-2r.txt,analysis_results/full_run_20260613/predictions/bodleianoppenheimad/sephardi__Bodleian-Library-MS-Oppenheim-Add-4-128_00009_fol-2r.xml,958,941,3.305455288838884,3.246798984130887,3.275864588517525,24,0.94755580463531,0.94755580463531,208,24,0.9822546972860126,1.0,True,True,True
bodleianoppenheimad,Bodleian Oppenheim Add. 4-128,Bodleian-Library-MS-Oppenheim-Add-4-128_00009_fol-2r.jpg,Bodleian-Library-MS-Oppenheim-Add-4-128_00009_fol-2r,sinai_no_voc_61,sinai no voc 61,2894.778455853462,0.8492462311557789,0.3993775933609959,381.0,gt,datasets/bodleianoppenheimad/gt/Bodleian-Library-MS-Oppenheim-Add-4-128_00009_fol-2r.txt,analysis_results/full_run_20260613/predictions/bodleianoppenheimad/sinai_no_voc_61__Bodleian-Library-MS-Oppenheim-Add-4-128_00009_fol-2r.xml,958,834,3.470957381119259,3.021689411120524,3.2307795266221677,24,0.9328266577158791,0.9328266577158791,171,24,0.8705636743215032,1.0,True,True,True
bodleianoppenheimad,Bodleian Oppenheim Add. 4-128,Bodleian-Library-MS-Oppenheim-Add-4-128_00009_fol-2r.jpg,Bodleian-Library-MS-Oppenheim-Add-4-128_00009_fol-2r,vat44,vat44,3434.914442181587,0.7939698492462312,0.3091286307053942,297.0,gt,datasets/bodleianoppenheimad/gt/Bodleian-Library-MS-Oppenheim-Add-4-128_00009_fol-2r.txt,analysis_results/full_run_20260613/predictions/bodleianoppenheimad/vat44__Bodleian-Library-MS-Oppenheim-Add-4-128_00009_fol-2r.xml,958,921,3.729548797156989,3.5855056807740993,3.656109039043733,24,0.9235678873020677,0.9235678873020677,168,24,0.9613778705636743,1.0,True,True,True
bodleianoppenheimad,Bodleian Oppenheim Add. 4-128,Bodleian-Library-MS-Oppenheim-Add-4-128_00010_fol-2v.jpg,Bodleian-Library-MS-Oppenheim-Add-4-128_00010_fol-2v,ashkenazy,ashkenazy,3041.183310270309,0.8457943925233645,0.385896180215475,391.0,gt,datasets/bodleianoppenheimad/gt/Bodleian-Library-MS-Oppenheim-Add-4-128_00010_fol-2v.txt,analysis_results/full_run_20260613/predictions/bodleianoppenheimad/ashkenazy__Bodleian-Library-MS-Oppenheim-Add-4-128_00010_fol-2v.xml,1017,814,3.7360974327645073,2.990347404395584,3.3218823705847176,24,0.8793624967900739,0.8793624967900739,190,24,0.80039331366765,1.0,True,False,False
bodleianoppenheimad,Bodleian Oppenheim Add. 4-128,Bodleian-Library-MS-Oppenheim-Add-4-128_00010_fol-2v.jpg,Bodleian-Library-MS-Oppenheim-Add-4-128_00010_fol-2v,biblia9,biblia9,3701.5101400613785,0.8738317757009346,0.3721841332027424,393.0,gt,datasets/bodleianoppenheimad/gt/Bodleian-Library-MS-Oppenheim-Add-4-128_00010_fol-2v.txt,analysis_results/full_run_20260613/predictions/bodleianoppenheimad/biblia9__Bodleian-Library-MS-Oppenheim-Add-4-128_00010_fol-2v.xml,1017,1007,3.675779682285381,3.63963632257756,3.6576187154756705,24,0.946233548900889,0.946233548900889,208,24,0.9901671583087512,1.0,True,True,True
bodleianoppenheimad,Bodleian Oppenheim Add. 4-128,Bodleian-Library-MS-Oppenheim-Add-4-128_00010_fol-2v.jpg,Bodleian-Library-MS-Oppenheim-Add-4-128_00010_fol-2v,italian_7,italian 7,3173.868996436708,0.5841121495327103,0.1753183153770812,186.0,gt,datasets/bodleianoppenheimad/gt/Bodleian-Library-MS-Oppenheim-Add-4-128_00010_fol-2v.txt,analysis_results/full_run_20260613/predictions/bodleianoppenheimad/italian_7__Bodleian-Library-MS-Oppenheim-Add-4-128_00010_fol-2v.xml,1017,1005,3.15807860341961,3.120815139072476,3.1393362971678616,24,0.9508105017310059,0.9508105017310059,212,24,0.9882005899705014,1.0,True,True,True
bodleianoppenheimad,Bodleian Oppenheim Add. 4-128,Bodleian-Library-MS-Oppenheim-Add-4-128_00010_fol-2v.jpg,Bodleian-Library-MS-Oppenheim-Add-4-128_00010_fol-2v,prenumeranten,prenumeranten,3743.810245579341,0.9953271028037384,0.67384916748286,698.0,gt,datasets/bodleianoppenheimad/gt/Bodleian-Library-MS-Oppenheim-Add-4-128_00010_fol-2v.txt,analysis_results/full_run_20260613/predictions/bodleianoppenheimad/prenumeranten__Bodleian-Library-MS-Oppenheim-Add-4-128_00010_fol-2v.xml,1017,978,3.828026835970696,3.6812293466856842,3.7531932286509684,24,0.5790535461465011,0.5790535461465011,200,24,0.9616519174041298,1.0,True,False,False
bodleianoppenheimad,Bodleian Oppenheim Add. 4-128,Bodleian-Library-MS-Oppenheim-Add-4-128_00010_fol-2v.jpg,Bodleian-Library-MS-Oppenheim-Add-4-128_00010_fol-2v,sephardi,sephardi,3211.590031176805,0.6822429906542056,0.2135161606268364,223.0,gt,datasets/bodleianoppenheimad/gt/Bodleian-Library-MS-Oppenheim-Add-4-128_00010_fol-2v.txt,analysis_results/full_run_20260613/predictions/bodleianoppenheimad/sephardi__Bodleian-Library-MS-Oppenheim-Add-4-128_00010_fol-2v.xml,1017,1008,3.1861012214055604,3.157905635375423,3.171940771532647,24,0.9449144440345854,0.9449144440345854,223,24,0.9911504424778761,1.0,True,True,True
bodleianoppenheimad,Bodleian Oppenheim Add. 4-128,Bodleian-Library-MS-Oppenheim-Add-4-128_00010_fol-2v.jpg,Bodleian-Library-MS-Oppenheim-Add-4-128_00010_fol-2v,sinai_no_voc_61,sinai no voc 61,3081.2574235013453,0.8925233644859814,0.395690499510284,400.0,gt,datasets/bodleianoppenheimad/gt/Bodleian-Library-MS-Oppenheim-Add-4-128_00010_fol-2v.txt,analysis_results/full_run_20260613/predictions/bodleianoppenheimad/sinai_no_voc_61__Bodleian-Library-MS-Oppenheim-Add-4-128_00010_fol-2v.xml,1017,877,3.513406412202218,3.02975164552738,3.253703720698358,24,0.9361335903848665,0.9361335903848665,177,24,0.8623402163225172,1.0,True,True,True
bodleianoppenheimad,Bodleian Oppenheim Add. 4-128,Bodleian-Library-MS-Oppenheim-Add-4-128_00010_fol-2v.jpg,Bodleian-Library-MS-Oppenheim-Add-4-128_00010_fol-2v,vat44,vat44,3484.757474243641,0.8411214953271028,0.3183153770812928,325.0,gt,datasets/bodleianoppenheimad/gt/Bodleian-Library-MS-Oppenheim-Add-4-128_00010_fol-2v.txt,analysis_results/full_run_20260613/predictions/bodleianoppenheimad/vat44__Bodleian-Library-MS-Oppenheim-Add-4-128_00010_fol-2v.xml,1017,951,3.6643085954191807,3.4265068576633637,3.5414201974020743,24,0.9213345857572367,0.9213345857572367,177,24,0.9351032448377581,1.0,True,True,True
bodleianoppenheimad,Bodleian Oppenheim Add. 4-128,Bodleian-Library-MS-Oppenheim-Add-4-128_00011_fol-3r.jpg,Bodleian-Library-MS-Oppenheim-Add-4-128_00011_fol-3r,ashkenazy,ashkenazy,99999.0,0.9941520467836256,0.991389913899139,802.0,gt,datasets/bodleianoppenheimad/gt/Bodleian-Library-MS-Oppenheim-Add-4-128_00011_fol-3r.txt,analysis_results/full_run_20260613/predictions/bodleianoppenheimad/ashkenazy__Bodleian-Library-MS-Oppenheim-Add-4-128_00011_fol-3r.xml,809,7,14285.57142857143,123.60815822002472,245.09558823529412,31,0.71906875,0.71906875,31,29,0.00865265760197775,1.0689655172413792,False,False,False
bodleianoppenheimad,Bodleian Oppenheim Add. 4-128,Bodleian-Library-MS-Oppenheim-Add-4-128_00011_fol-3r.jpg,Bodleian-Library-MS-Oppenheim-Add-4-128_00011_fol-3r,biblia9,biblia9,99999.0,0.9649122807017544,0.6555965559655597,528.0,gt,datasets/bodleianoppenheimad/gt/Bodleian-Library-MS-Oppenheim-Add-4-128_00011_fol-3r.txt,analysis_results/full_run_20260613/predictions/bodleianoppenheimad/biblia9__Bodleian-Library-MS-Oppenheim-Add-4-128_00011_fol-3r.xml,809,443,225.7313769751693,123.60815822002472,159.74281150159743,31,0.9316855410056314,0.9316855410056314,105,29,0.5475896168108776,1.0689655172413792,False,False,False
bodleianoppenheimad,Bodleian Oppenheim Add. 4-128,Bodleian-Library-MS-Oppenheim-Add-4-128_00011_fol-3r.jpg,Bodleian-Library-MS-Oppenheim-Add-4-128_00011_fol-3r,italian_7,italian 7,99999.0,0.8713450292397661,0.6014760147601476,485.0,gt,datasets/bodleianoppenheimad/gt/Bodleian-Library-MS-Oppenheim-Add-4-128_00011_fol-3r.txt,analysis_results/full_run_20260613/predictions/bodleianoppenheimad/italian_7__Bodleian-Library-MS-Oppenheim-Add-4-128_00011_fol-3r.xml,809,400,249.9975,123.60815822002472,165.424317617866,31,0.9015769623802944,0.9015769623802944,101,29,0.49443757725587145,1.0689655172413792,False,False,False
bodleianoppenheimad,Bodleian Oppenheim Add. 4-128,Bodleian-Library-MS-Oppenheim-Add-4-128_00011_fol-3r.jpg,Bodleian-Library-MS-Oppenheim-Add-4-128_00011_fol-3r,prenumeranten,prenumeranten,99999.0,0.9883040935672516,0.93849938499385,771.0,gt,datasets/bodleianoppenheimad/gt/Bodleian-Library-MS-Oppenheim-Add-4-128_00011_fol-3r.txt,analysis_results/full_run_20260613/predictions/bodleianoppenheimad/prenumeranten__Bodleian-Library-MS-Oppenheim-Add-4-128_00011_fol-3r.xml,809,40,2499.975,123.60815822002472,235.5689045936396,31,0.6893456250000001,0.6893456250000001,44,29,0.049443757725587144,1.0689655172413792,False,False,False
bodleianoppenheimad,Bodleian Oppenheim Add. 4-128,Bodleian-Library-MS-Oppenheim-Add-4-128_00011_fol-3r.jpg,Bodleian-Library-MS-Oppenheim-Add-4-128_00011_fol-3r,sephardi,sephardi,99999.0,0.8888888888888888,0.4624846248462484,372.0,gt,datasets/bodleianoppenheimad/gt/Bodleian-Library-MS-Oppenheim-Add-4-128_00011_fol-3r.txt,analysis_results/full_run_20260613/predictions/bodleianoppenheimad/sephardi__Bodleian-Library-MS-Oppenheim-Add-4-128_00011_fol-3r.xml,809,557,179.53141831238779,123.60815822002472,146.41142020497804,31,0.9108020817380337,0.9108020817380337,132,29,0.688504326328801,1.0689655172413792,False,False,False
bodleianoppenheimad,Bodleian Oppenheim Add. 4-128,Bodleian-Library-MS-Oppenheim-Add-4-128_00011_fol-3r.jpg,Bodleian-Library-MS-Oppenheim-Add-4-128_00011_fol-3r,sinai_no_voc_61,sinai no voc 61,99999.0,0.9766081871345028,0.6642066420664207,535.0,gt,datasets/bodleianoppenheimad/gt/Bodleian-Library-MS-Oppenheim-Add-4-128_00011_fol-3r.txt,analysis_results/full_run_20260613/predictions/bodleianoppenheimad/sinai_no_voc_61__Bodleian-Library-MS-Oppenheim-Add-4-128_00011_fol-3r.xml,809,397,251.88664987405542,123.60815822002472,165.83582089552237,31,0.9270405891661718,0.9270405891661718,91,29,0.4907292954264524,1.0689655172413792,False,False,False
bodleianoppenheimad,Bodleian Oppenheim Add. 4-128,Bodleian-Library-MS-Oppenheim-Add-4-128_00011_fol-3r.jpg,Bodleian-Library-MS-Oppenheim-Add-4-128_00011_fol-3r,vat44,vat44,99999.0,0.9883040935672516,0.6519065190651907,524.0,gt,datasets/bodleianoppenheimad/gt/Bodleian-Library-MS-Oppenheim-Add-4-128_00011_fol-3r.txt,analysis_results/full_run_20260613/predictions/bodleianoppenheimad/vat44__Bodleian-Library-MS-Oppenheim-Add-4-128_00011_fol-3r.xml,809,399,250.62406015037595,123.60815822002472,165.5612582781457,31,0.8604329724880382,0.8604329724880382,75,29,0.4932014833127318,1.0689655172413792,False,False,False
bodleianoppenheimad,Bodleian Oppenheim Add. 4-128,Bodleian-Library-MS-Oppenheim-Add-4-128_00012_fol-3v.jpg,Bodleian-Library-MS-Oppenheim-Add-4-128_00012_fol-3v,ashkenazy,ashkenazy,99999.0,0.9951923076923076,0.9886831275720164,957.0,gt,datasets/bodleianoppenheimad/gt/Bodleian-Library-MS-Oppenheim-Add-4-128_00012_fol-3v.txt,analysis_results/full_run_20260613/predictions/bodleianoppenheimad/ashkenazy__Bodleian-Library-MS-Oppenheim-Add-4-128_00012_fol-3v.xml,968,11,9090.818181818182,103.3047520661157,204.28804902962207,25,0.7645710144927536,0.7645710144927536,26,25,0.011363636363636364,1.0,False,False,False
bodleianoppenheimad,Bodleian Oppenheim Add. 4-128,Bodleian-Library-MS-Oppenheim-Add-4-128_00012_fol-3v.jpg,Bodleian-Library-MS-Oppenheim-Add-4-128_00012_fol-3v,biblia9,biblia9,3071.404755353928,0.971153846153846,0.6008230452674898,581.0,gt,datasets/bodleianoppenheimad/gt/Bodleian-Library-MS-Oppenheim-Add-4-128_00012_fol-3v.txt,analysis_results/full_run_20260613/predictions/bodleianoppenheimad/biblia9__Bodleian-Library-MS-Oppenheim-Add-4-128_00012_fol-3v.xml,968,793,3.8731459714425323,3.1729387968532317,3.488250715904518,25,0.9246412849027336,0.9246412849027336,168,25,0.8192148760330579,1.0,True,True,True
bodleianoppenheimad,Bodleian Oppenheim Add. 4-128,Bodleian-Library-MS-Oppenheim-Add-4-128_00012_fol-3v.jpg,Bodleian-Library-MS-Oppenheim-Add-4-128_00012_fol-3v,italian_7,italian 7,102082.62911188602,0.8942307692307693,0.4351851851851852,421.0,gt,datasets/bodleianoppenheimad/gt/Bodleian-Library-MS-Oppenheim-Add-4-128_00012_fol-3v.txt,analysis_results/full_run_20260613/predictions/bodleianoppenheimad/italian_7__Bodleian-Library-MS-Oppenheim-Add-4-128_00012_fol-3v.xml,968,810,126.02793717516793,105.4572614792211,114.82860417534985,25,0.9208638627079534,0.9208638627079534,168,25,0.8367768595041323,1.0,False,False,False
bodleianoppenheimad,Bodleian Oppenheim Add. 4-128,Bodleian-Library-MS-Oppenheim-Add-4-128_00012_fol-3v.jpg,Bodleian-Library-MS-Oppenheim-Add-4-128_00012_fol-3v,prenumeranten,prenumeranten,99999.0,0.9903846153846154,0.8786008230452675,859.0,gt,datasets/bodleianoppenheimad/gt/Bodleian-Library-MS-Oppenheim-Add-4-128_00012_fol-3v.txt,analysis_results/full_run_20260613/predictions/bodleianoppenheimad/prenumeranten__Bodleian-Library-MS-Oppenheim-Add-4-128_00012_fol-3v.xml,968,122,819.6639344262295,103.3047520661157,183.48440366972477,25,0.6809344616977225,0.6809344616977225,64,25,0.12603305785123967,1.0,False,False,False
bodleianoppenheimad,Bodleian Oppenheim Add. 4-128,Bodleian-Library-MS-Oppenheim-Add-4-128_00012_fol-3v.jpg,Bodleian-Library-MS-Oppenheim-Add-4-128_00012_fol-3v,sephardi,sephardi,102039.88659761846,0.8701923076923077,0.4362139917695473,422.0,gt,datasets/bodleianoppenheimad/gt/Bodleian-Library-MS-Oppenheim-Add-4-128_00012_fol-3v.txt,analysis_results/full_run_20260613/predictions/bodleianoppenheimad/sephardi__Bodleian-Library-MS-Oppenheim-Add-4-128_00012_fol-3v.xml,968,795,128.35205861335655,105.41310598927527,115.75710334386666,25,0.9217199336633716,0.9217199336633716,165,25,0.8212809917355371,1.0,False,False,False
bodleianoppenheimad,Bodleian Oppenheim Add. 4-128,Bodleian-Library-MS-Oppenheim-Add-4-128_00012_fol-3v.jpg,Bodleian-Library-MS-Oppenheim-Add-4-128_00012_fol-3v,sinai_no_voc_61,sinai no voc 61,101887.1579896668,0.971153846153846,0.6162551440329218,594.0,gt,datasets/bodleianoppenheimad/gt/Bodleian-Library-MS-Oppenheim-Add-4-128_00012_fol-3v.txt,analysis_results/full_run_20260613/predictions/bodleianoppenheimad/sinai_no_voc_61__Bodleian-Library-MS-Oppenheim-Add-4-128_00012_fol-3v.xml,968,663,153.6759547355457,105.25532850172189,124.93826853423273,25,0.9206424413479148,0.9206424413479148,125,25,0.6849173553719008,1.0,False,False,False
bodleianoppenheimad,Bodleian Oppenheim Add. 4-128,Bodleian-Library-MS-Oppenheim-Add-4-128_00012_fol-3v.jpg,Bodleian-Library-MS-Oppenheim-Add-4-128_00012_fol-3v,vat44,vat44,102089.10309123991,0.971153846153846,0.5555555555555556,534.0,gt,datasets/bodleianoppenheimad/gt/Bodleian-Library-MS-Oppenheim-Add-4-128_00012_fol-3v.txt,analysis_results/full_run_20260613/predictions/bodleianoppenheimad/vat44__Bodleian-Library-MS-Oppenheim-Add-4-128_00012_fol-3v.xml,968,696,146.679745820747,105.4639494744214,122.70324890774029,25,0.8726317888182326,0.8726317888182326,114,25,0.71900826446281,1.0,False,False,False
bodleianoppenheimad,Bodleian Oppenheim Add. 4-128,Bodleian-Library-MS-Oppenheim-Add-4-128_00013_fol-4r.jpg,Bodleian-Library-MS-Oppenheim-Add-4-128_00013_fol-4r,ashkenazy,ashkenazy,99999.0,0.9854368932038836,0.9660678642714572,969.0,gt,datasets/bodleianoppenheimad/gt/Bodleian-Library-MS-Oppenheim-Add-4-128_00013_fol-4r.txt,analysis_results/full_run_20260613/predictions/bodleianoppenheimad/ashkenazy__Bodleian-Library-MS-Oppenheim-Add-4-128_00013_fol-4r.xml,1002,33,3030.2727272727275,99.7994011976048,193.23478260869564,27,0.7854361111111111,0.7854361111111111,37,27,0.03293413173652695,1.0,False,False,False
bodleianoppenheimad,Bodleian Oppenheim Add. 4-128,Bodleian-Library-MS-Oppenheim-Add-4-128_00013_fol-4r.jpg,Bodleian-Library-MS-Oppenheim-Add-4-128_00013_fol-4r,biblia9,biblia9,102819.70937776566,0.9466019417475728,0.5169660678642715,521.0,gt,datasets/bodleianoppenheimad/gt/Bodleian-Library-MS-Oppenheim-Add-4-128_00013_fol-4r.txt,analysis_results/full_run_20260613/predictions/bodleianoppenheimad/biblia9__Bodleian-Library-MS-Oppenheim-Add-4-128_00013_fol-4r.xml,1002,866,118.72945655631138,102.6144804169318,110.0853419462159,27,0.924945904240023,0.924945904240023,180,27,0.8642714570858283,1.0,False,False,False
bodleianoppenheimad,Bodleian Oppenheim Add. 4-128,Bodleian-Library-MS-Oppenheim-Add-4-128_00013_fol-4r.jpg,Bodleian-Library-MS-Oppenheim-Add-4-128_00013_fol-4r,italian_7,italian 7,102627.17724138312,0.7087378640776699,0.3263473053892216,334.0,gt,datasets/bodleianoppenheimad/gt/Bodleian-Library-MS-Oppenheim-Add-4-128_00013_fol-4r.txt,analysis_results/full_run_20260613/predictions/bodleianoppenheimad/italian_7__Bodleian-Library-MS-Oppenheim-Add-4-128_00013_fol-4r.xml,1002,910,112.77711784767376,102.42233257623066,107.35060380897816,27,0.9236515097005648,0.9236515097005648,198,27,0.908183632734531,1.0,False,False,False
bodleianoppenheimad,Bodleian Oppenheim Add. 4-128,Bodleian-Library-MS-Oppenheim-Add-4-128_00013_fol-4r.jpg,Bodleian-Library-MS-Oppenheim-Add-4-128_00013_fol-4r,prenumeranten,prenumeranten,100872.41072559357,0.9854368932038836,0.811377245508982,821.0,gt,datasets/bodleianoppenheimad/gt/Bodleian-Library-MS-Oppenheim-Add-4-128_00013_fol-4r.txt,analysis_results/full_run_20260613/predictions/bodleianoppenheimad/prenumeranten__Bodleian-Library-MS-Oppenheim-Add-4-128_00013_fol-4r.xml,1002,217,464.8498190119519,100.67106858841673,165.50026370072774,27,0.5159738580246913,0.5159738580246913,102,27,0.21656686626746507,1.0,False,False,False
bodleianoppenheimad,Bodleian Oppenheim Add. 4-128,Bodleian-Library-MS-Oppenheim-Add-4-128_00013_fol-4r.jpg,Bodleian-Library-MS-Oppenheim-Add-4-128_00013_fol-4r,sephardi,sephardi,102580.47916269302,0.8106796116504854,0.3792415169660678,379.0,gt,datasets/bodleianoppenheimad/gt/Bodleian-Library-MS-Oppenheim-Add-4-128_00013_fol-4r.txt,analysis_results/full_run_20260613/predictions/bodleianoppenheimad/sephardi__Bodleian-Library-MS-Oppenheim-Add-4-128_00013_fol-4r.xml,1002,878,116.8342587274408,102.37572770727847,109.12816932201386,27,0.9319443022989327,0.9319443022989327,187,27,0.8762475049900199,1.0,False,False,False
bodleianoppenheimad,Bodleian Oppenheim Add. 4-128,Bodleian-Library-MS-Oppenheim-Add-4-128_00013_fol-4r.jpg,Bodleian-Library-MS-Oppenheim-Add-4-128_00013_fol-4r,sinai_no_voc_61,sinai no voc 61,102274.39174175262,0.9757281553398058,0.5898203592814372,589.0,gt,datasets/bodleianoppenheimad/gt/Bodleian-Library-MS-Oppenheim-Add-4-128_00013_fol-4r.txt,analysis_results/full_run_20260613/predictions/bodleianoppenheimad/sinai_no_voc_61__Bodleian-Library-MS-Oppenheim-Add-4-128_00013_fol-4r.xml,1002,684,149.52396453472605,102.07025123927407,121.32193563671723,27,0.916784432605881,0.916784432605881,132,27,0.6826347305389222,1.0,False,False,False
bodleianoppenheimad,Bodleian Oppenheim Add. 4-128,Bodleian-Library-MS-Oppenheim-Add-4-128_00013_fol-4r.jpg,Bodleian-Library-MS-Oppenheim-Add-4-128_00013_fol-4r,vat44,vat44,102893.99144756794,0.9466019417475728,0.4950099800399201,495.0,gt,datasets/bodleianoppenheimad/gt/Bodleian-Library-MS-Oppenheim-Add-4-128_00013_fol-4r.txt,analysis_results/full_run_20260613/predictions/bodleianoppenheimad/vat44__Bodleian-Library-MS-Oppenheim-Add-4-128_00013_fol-4r.xml,1002,810,127.02961907107154,102.68861421912968,113.56952698407058,27,0.8956651782824013,0.8956651782824013,137,27,0.8083832335329342,1.0,False,False,False
bodleianoppenheimad,Bodleian Oppenheim Add. 4-128,Bodleian-Library-MS-Oppenheim-Add-4-128_00014_fol-4v.jpg,Bodleian-Library-MS-Oppenheim-Add-4-128_00014_fol-4v,ashkenazy,ashkenazy,99999.0,1.0,0.9723451327433628,873.0,gt,datasets/bodleianoppenheimad/gt/Bodleian-Library-MS-Oppenheim-Add-4-128_00014_fol-4v.txt,analysis_results/full_run_20260613/predictions/bodleianoppenheimad/ashkenazy__Bodleian-Library-MS-Oppenheim-Add-4-128_00014_fol-4v.xml,898,25,3999.96,111.35746102449889,216.68255687974,27,0.759600983436853,0.759600983436853,34,27,0.02783964365256125,1.0,False,False,False
bodleianoppenheimad,Bodleian Oppenheim Add. 4-128,Bodleian-Library-MS-Oppenheim-Add-4-128_00014_fol-4v.jpg,Bodleian-Library-MS-Oppenheim-Add-4-128_00014_fol-4v,biblia9,biblia9,102465.3365828991,0.9162011173184358,0.543141592920354,487.0,gt,datasets/bodleianoppenheimad/gt/Bodleian-Library-MS-Oppenheim-Add-4-128_00014_fol-4v.txt,analysis_results/full_run_20260613/predictions/bodleianoppenheimad/biblia9__Bodleian-Library-MS-Oppenheim-Add-4-128_00014_fol-4v.xml,898,642,159.60332801074625,114.10393828830634,133.07186569207676,27,0.9329009388333499,0.9329009388333499,135,27,0.7149220489977728,1.0,False,False,False
bodleianoppenheimad,Bodleian Oppenheim Add. 4-128,Bodleian-Library-MS-Oppenheim-Add-4-128_00014_fol-4v.jpg,Bodleian-Library-MS-Oppenheim-Add-4-128_00014_fol-4v,italian_7,italian 7,102266.37254697084,0.8156424581005587,0.4059734513274336,363.0,gt,datasets/bodleianoppenheimad/gt/Bodleian-Library-MS-Oppenheim-Add-4-128_00014_fol-4v.txt,analysis_results/full_run_20260613/predictions/bodleianoppenheimad/italian_7__Bodleian-Library-MS-Oppenheim-Add-4-128_00014_fol-4v.xml,898,655,156.13186648392497,113.88237477390963,131.70170321567397,27,0.9276208325080978,0.9276208325080978,139,27,0.7293986636971047,1.0,False,False,False
bodleianoppenheimad,Bodleian Oppenheim Add. 4-128,Bodleian-Library-MS-Oppenheim-Add-4-128_00014_fol-4v.jpg,Bodleian-Library-MS-Oppenheim-Add-4-128_00014_fol-4v,prenumeranten,prenumeranten,99999.0,0.994413407821229,0.8174778761061947,738.0,gt,datasets/bodleianoppenheimad/gt/Bodleian-Library-MS-Oppenheim-Add-4-128_00014_fol-4v.txt,analysis_results/full_run_20260613/predictions/bodleianoppenheimad/prenumeranten__Bodleian-Library-MS-Oppenheim-Add-4-128_00014_fol-4v.xml,898,202,495.04455445544556,111.35746102449889,181.81636363636363,27,0.5952028016787737,0.5952028016787737,80,27,0.22494432071269488,1.0,False,False,False
bodleianoppenheimad,Bodleian Oppenheim Add. 4-128,Bodleian-Library-MS-Oppenheim-Add-4-128_00014_fol-4v.jpg,Bodleian-Library-MS-Oppenheim-Add-4-128_00014_fol-4v,sephardi,sephardi,102456.31892332436,0.7094972067039106,0.3141592920353982,280.0,gt,datasets/bodleianoppenheimad/gt/Bodleian-Library-MS-Oppenheim-Add-4-128_00014_fol-4v.txt,analysis_results/full_run_20260613/predictions/bodleianoppenheimad/sephardi__Bodleian-Library-MS-Oppenheim-Add-4-128_00014_fol-4v.xml,898,773,132.54375022422298,114.09389635114071,122.6287479632847,27,0.9413623600814266,0.9413623600814266,165,27,0.8608017817371938,1.0,False,False,False
bodleianoppenheimad,Bodleian Oppenheim Add. 4-128,Bodleian-Library-MS-Oppenheim-Add-4-128_00014_fol-4v.jpg,Bodleian-Library-MS-Oppenheim-Add-4-128_00014_fol-4v,sinai_no_voc_61,sinai no voc 61,102282.4998242259,0.9553072625698324,0.581858407079646,519.0,gt,datasets/bodleianoppenheimad/gt/Bodleian-Library-MS-Oppenheim-Add-4-128_00014_fol-4v.txt,analysis_results/full_run_20260613/predictions/bodleianoppenheimad/sinai_no_voc_61__Bodleian-Library-MS-Oppenheim-Add-4-128_00014_fol-4v.xml,898,596,171.61493259098305,113.9003338799843,136.92436388785262,27,0.9262309849525583,0.9262309849525583,114,27,0.6636971046770601,1.0,False,False,False
bodleianoppenheimad,Bodleian Oppenheim Add. 4-128,Bodleian-Library-MS-Oppenheim-Add-4-128_00014_fol-4v.jpg,Bodleian-Library-MS-Oppenheim-Add-4-128_00014_fol-4v,vat44,vat44,102739.5801281929,0.9441340782122905,0.4634955752212389,415.0,gt,datasets/bodleianoppenheimad/gt/Bodleian-Library-MS-Oppenheim-Add-4-128_00014_fol-4v.txt,analysis_results/full_run_20260613/predictions/bodleianoppenheimad/vat44__Bodleian-Library-MS-Oppenheim-Add-4-128_00014_fol-4v.xml,898,688,149.33078507004782,114.40933199130613,129.55810861058373,27,0.8907474570756329,0.8907474570756329,109,27,0.7661469933184856,1.0,False,False,False
bodleianoppenheimad,Bodleian Oppenheim Add. 4-128,Bodleian-Library-MS-Oppenheim-Add-4-128_00015_fol-5r.jpg,Bodleian-Library-MS-Oppenheim-Add-4-128_00015_fol-5r,ashkenazy,ashkenazy,2839.015965938568,0.8542713567839196,0.405811623246493,402.0,gt,datasets/bodleianoppenheimad/gt/Bodleian-Library-MS-Oppenheim-Add-4-128_00015_fol-5r.txt,analysis_results/full_run_20260613/predictions/bodleianoppenheimad/ashkenazy__Bodleian-Library-MS-Oppenheim-Add-4-128_00015_fol-5r.xml,995,775,3.6632464076626685,2.8532823778277066,3.2079276451283256,24,0.8803737263056958,0.8803737263056958,171,24,0.7788944723618091,1.0,True,False,False
bodleianoppenheimad,Bodleian Oppenheim Add. 4-128,Bodleian-Library-MS-Oppenheim-Add-4-128_00015_fol-5r.jpg,Bodleian-Library-MS-Oppenheim-Add-4-128_00015_fol-5r,biblia9,biblia9,3517.5222414284945,0.8793969849246231,0.3687374749498998,378.0,gt,datasets/bodleianoppenheimad/gt/Bodleian-Library-MS-Oppenheim-Add-4-128_00015_fol-5r.txt,analysis_results/full_run_20260613/predictions/bodleianoppenheimad/biblia9__Bodleian-Library-MS-Oppenheim-Add-4-128_00015_fol-5r.xml,995,962,3.6564680264329463,3.5351982325914517,3.594810670851808,24,0.9509891446847304,0.9509891446847304,196,24,0.9668341708542714,1.0,True,True,True
bodleianoppenheimad,Bodleian Oppenheim Add. 4-128,Bodleian-Library-MS-Oppenheim-Add-4-128_00015_fol-5r.jpg,Bodleian-Library-MS-Oppenheim-Add-4-128_00015_fol-5r,italian_7,italian 7,3056.197494540364,0.6381909547738693,0.1813627254509018,190.0,gt,datasets/bodleianoppenheimad/gt/Bodleian-Library-MS-Oppenheim-Add-4-128_00015_fol-5r.txt,analysis_results/full_run_20260613/predictions/bodleianoppenheimad/italian_7__Bodleian-Library-MS-Oppenheim-Add-4-128_00015_fol-5r.xml,995,994,3.0746453667408087,3.071555270894838,3.073099542021482,24,0.9520694180520627,0.9520694180520627,207,24,0.9989949748743718,1.0,True,True,True
bodleianoppenheimad,Bodleian Oppenheim Add. 4-128,Bodleian-Library-MS-Oppenheim-Add-4-128_00015_fol-5r.jpg,Bodleian-Library-MS-Oppenheim-Add-4-128_00015_fol-5r,prenumeranten,prenumeranten,3720.640439167968,1.0,0.6673346693386774,675.0,gt,datasets/bodleianoppenheimad/gt/Bodleian-Library-MS-Oppenheim-Add-4-128_00015_fol-5r.txt,analysis_results/full_run_20260613/predictions/bodleianoppenheimad/prenumeranten__Bodleian-Library-MS-Oppenheim-Add-4-128_00015_fol-5r.xml,995,916,4.061834540576385,3.739337124791928,3.893919873540521,24,0.5612462485351895,0.5612462485351895,186,24,0.9206030150753769,1.0,True,False,False
bodleianoppenheimad,Bodleian Oppenheim Add. 4-128,Bodleian-Library-MS-Oppenheim-Add-4-128_00015_fol-5r.jpg,Bodleian-Library-MS-Oppenheim-Add-4-128_00015_fol-5r,sephardi,sephardi,2968.490408324398,0.6733668341708543,0.2154308617234469,226.0,gt,datasets/bodleianoppenheimad/gt/Bodleian-Library-MS-Oppenheim-Add-4-128_00015_fol-5r.txt,analysis_results/full_run_20260613/predictions/bodleianoppenheimad/sephardi__Bodleian-Library-MS-Oppenheim-Add-4-128_00015_fol-5r.xml,995,964,3.0793468966020723,2.9834074455521584,3.0306180789427235,24,0.9431707787082347,0.9431707787082347,205,24,0.9688442211055276,1.0,True,True,True
bodleianoppenheimad,Bodleian Oppenheim Add. 4-128,Bodleian-Library-MS-Oppenheim-Add-4-128_00015_fol-5r.jpg,Bodleian-Library-MS-Oppenheim-Add-4-128_00015_fol-5r,sinai_no_voc_61,sinai no voc 61,2781.120734018943,0.9195979899497488,0.4599198396793587,457.0,gt,datasets/bodleianoppenheimad/gt/Bodleian-Library-MS-Oppenheim-Add-4-128_00015_fol-5r.txt,analysis_results/full_run_20260613/predictions/bodleianoppenheimad/sinai_no_voc_61__Bodleian-Library-MS-Oppenheim-Add-4-128_00015_fol-5r.xml,995,769,3.6165419167996657,2.795096215094415,3.1531981111325886,24,0.9248502917517039,0.9248502917517039,156,24,0.7728643216080402,1.0,True,True,True
bodleianoppenheimad,Bodleian Oppenheim Add. 4-128,Bodleian-Library-MS-Oppenheim-Add-4-128_00015_fol-5r.jpg,Bodleian-Library-MS-Oppenheim-Add-4-128_00015_fol-5r,vat44,vat44,3633.105328440666,0.8241206030150754,0.3246492985971944,326.0,gt,datasets/bodleianoppenheimad/gt/Bodleian-Library-MS-Oppenheim-Add-4-128_00015_fol-5r.txt,analysis_results/full_run_20260613/predictions/bodleianoppenheimad/vat44__Bodleian-Library-MS-Oppenheim-Add-4-128_00015_fol-5r.xml,995,929,3.9107699983214923,3.651362139136348,3.776616765530838,24,0.9162361825334305,0.9162361825334305,159,24,0.9336683417085427,1.0,True,True,True
bodleianoppenheimad,Bodleian Oppenheim Add. 4-128,Bodleian-Library-MS-Oppenheim-Add-4-128_00016_fol-5v.jpg,Bodleian-Library-MS-Oppenheim-Add-4-128_00016_fol-5v,ashkenazy,ashkenazy,2764.5260062217712,0.9042553191489362,0.3894736842105263,369.0,gt,datasets/bodleianoppenheimad/gt/Bodleian-Library-MS-Oppenheim-Add-4-128_00016_fol-5v.txt,analysis_results/full_run_20260613/predictions/bodleianoppenheimad/ashkenazy__Bodleian-Library-MS-Oppenheim-Add-4-128_00016_fol-5v.xml,948,773,3.576359645823766,2.9161666732297165,3.212697276260048,22,0.8875275730728048,0.8875275730728048,166,23,0.8154008438818565,0.9565217391304348,True,False,False
bodleianoppenheimad,Bodleian Oppenheim Add. 4-128,Bodleian-Library-MS-Oppenheim-Add-4-128_00016_fol-5v.jpg,Bodleian-Library-MS-Oppenheim-Add-4-128_00016_fol-5v,biblia9,biblia9,3221.527377009392,0.8617021276595744,0.3578947368421052,347.0,gt,datasets/bodleianoppenheimad/gt/Bodleian-Library-MS-Oppenheim-Add-4-128_00016_fol-5v.txt,analysis_results/full_run_20260613/predictions/bodleianoppenheimad/biblia9__Bodleian-Library-MS-Oppenheim-Add-4-128_00016_fol-5v.xml,948,902,3.5715381119838048,3.3982356297567424,3.4827322994696126,22,0.9499575308312509,0.9499575308312509,182,23,0.9514767932489452,0.9565217391304348,True,True,True
bodleianoppenheimad,Bodleian Oppenheim Add. 4-128,Bodleian-Library-MS-Oppenheim-Add-4-128_00016_fol-5v.jpg,Bodleian-Library-MS-Oppenheim-Add-4-128_00016_fol-5v,italian_7,italian 7,2883.81531002,0.6914893617021277,0.2494736842105263,238.0,gt,datasets/bodleianoppenheimad/gt/Bodleian-Library-MS-Oppenheim-Add-4-128_00016_fol-5v.txt,analysis_results/full_run_20260613/predictions/bodleianoppenheimad/italian_7__Bodleian-Library-MS-Oppenheim-Add-4-128_00016_fol-5v.xml,948,911,3.165549187727772,3.041999272172996,3.1025447122323833,22,0.9445240125650279,0.9445240125650279,186,23,0.9609704641350211,0.9565217391304348,True,True,True
bodleianoppenheimad,Bodleian Oppenheim Add. 4-128,Bodleian-Library-MS-Oppenheim-Add-4-128_00016_fol-5v.jpg,Bodleian-Library-MS-Oppenheim-Add-4-128_00016_fol-5v,prenumeranten,prenumeranten,3536.0712262378984,0.9946808510638298,0.66,642.0,gt,datasets/bodleianoppenheimad/gt/Bodleian-Library-MS-Oppenheim-Add-4-128_00016_fol-5v.txt,analysis_results/full_run_20260613/predictions/bodleianoppenheimad/prenumeranten__Bodleian-Library-MS-Oppenheim-Add-4-128_00016_fol-5v.xml,948,948,3.730032939069513,3.730032939069513,3.730032939069513,22,0.6250121256667813,0.6250121256667813,175,23,1.0,0.9565217391304348,True,False,False
bodleianoppenheimad,Bodleian Oppenheim Add. 4-128,Bodleian-Library-MS-Oppenheim-Add-4-128_00016_fol-5v.jpg,Bodleian-Library-MS-Oppenheim-Add-4-128_00016_fol-5v,sephardi,sephardi,2856.8201783150434,0.7659574468085106,0.2673684210526316,255.0,gt,datasets/bodleianoppenheimad/gt/Bodleian-Library-MS-Oppenheim-Add-4-128_00016_fol-5v.txt,analysis_results/full_run_20260613/predictions/bodleianoppenheimad/sephardi__Bodleian-Library-MS-Oppenheim-Add-4-128_00016_fol-5v.xml,948,903,3.163698979307911,3.013523394847092,3.0867857140086907,22,0.9393413899803754,0.9393413899803754,189,23,0.9525316455696202,0.9565217391304348,True,True,True
bodleianoppenheimad,Bodleian Oppenheim Add. 4-128,Bodleian-Library-MS-Oppenheim-Add-4-128_00016_fol-5v.jpg,Bodleian-Library-MS-Oppenheim-Add-4-128_00016_fol-5v,sinai_no_voc_61,sinai no voc 61,2750.2118276953697,0.8670212765957447,0.3736842105263158,352.0,gt,datasets/bodleianoppenheimad/gt/Bodleian-Library-MS-Oppenheim-Add-4-128_00016_fol-5v.txt,analysis_results/full_run_20260613/predictions/bodleianoppenheimad/sinai_no_voc_61__Bodleian-Library-MS-Oppenheim-Add-4-128_00016_fol-5v.xml,948,823,3.3416911636638758,2.901067328792584,3.1058292802883902,22,0.9428373498674244,0.9428373498674244,158,23,0.8681434599156118,0.9565217391304348,True,True,True
bodleianoppenheimad,Bodleian Oppenheim Add. 4-128,Bodleian-Library-MS-Oppenheim-Add-4-128_00016_fol-5v.jpg,Bodleian-Library-MS-Oppenheim-Add-4-128_00016_fol-5v,vat44,vat44,3220.477992353495,0.7978723404255319,0.3305263157894736,318.0,gt,datasets/bodleianoppenheimad/gt/Bodleian-Library-MS-Oppenheim-Add-4-128_00016_fol-5v.txt,analysis_results/full_run_20260613/predictions/bodleianoppenheimad/vat44__Bodleian-Library-MS-Oppenheim-Add-4-128_00016_fol-5v.xml,948,886,3.6348510071709876,3.397128683917189,3.511971638335327,22,0.9239905249261624,0.9239905249261624,157,23,0.9345991561181435,0.9565217391304348,True,True,True
bodleianoppenheimad,Bodleian Oppenheim Add. 4-128,Bodleian-Library-MS-Oppenheim-Add-4-128_00027_fol-11r.jpg,Bodleian-Library-MS-Oppenheim-Add-4-128_00027_fol-11r,ashkenazy,ashkenazy,2519.69252204895,0.875,0.4115606936416185,350.0,gt,datasets/bodleianoppenheimad/gt/Bodleian-Library-MS-Oppenheim-Add-4-128_00027_fol-11r.txt,analysis_results/full_run_20260613/predictions/bodleianoppenheimad/ashkenazy__Bodleian-Library-MS-Oppenheim-Add-4-128_00027_fol-11r.xml,854,669,3.7663565352002246,2.9504596276919792,3.308854264017006,22,0.8860391615488926,0.8860391615488926,153,22,0.7833723653395784,1.0,True,False,False
bodleianoppenheimad,Bodleian Oppenheim Add. 4-128,Bodleian-Library-MS-Oppenheim-Add-4-128_00027_fol-11r.jpg,Bodleian-Library-MS-Oppenheim-Add-4-128_00027_fol-11r,biblia9,biblia9,3035.563968293369,0.8920454545454546,0.3260115606936416,292.0,gt,datasets/bodleianoppenheimad/gt/Bodleian-Library-MS-Oppenheim-Add-4-128_00027_fol-11r.txt,analysis_results/full_run_20260613/predictions/bodleianoppenheimad/biblia9__Bodleian-Library-MS-Oppenheim-Add-4-128_00027_fol-11r.xml,854,862,3.5215359260943955,3.5545245530367318,3.5379533429992644,22,0.9558557211464251,0.9558557211464251,183,22,1.009367681498829,1.0,True,True,True
bodleianoppenheimad,Bodleian Oppenheim Add. 4-128,Bodleian-Library-MS-Oppenheim-Add-4-128_00027_fol-11r.jpg,Bodleian-Library-MS-Oppenheim-Add-4-128_00027_fol-11r,italian_7,italian 7,2766.432501640171,0.6590909090909091,0.2080924855491329,187.0,gt,datasets/bodleianoppenheimad/gt/Bodleian-Library-MS-Oppenheim-Add-4-128_00027_fol-11r.txt,analysis_results/full_run_20260613/predictions/bodleianoppenheimad/italian_7__Bodleian-Library-MS-Oppenheim-Add-4-128_00027_fol-11r.xml,854,860,3.2167819786513614,3.2393823204217456,3.22804259234559,22,0.9470881845542859,0.9470881845542859,188,22,1.0070257611241218,1.0,True,True,True
bodleianoppenheimad,Bodleian Oppenheim Add. 4-128,Bodleian-Library-MS-Oppenheim-Add-4-128_00027_fol-11r.jpg,Bodleian-Library-MS-Oppenheim-Add-4-128_00027_fol-11r,prenumeranten,prenumeranten,3239.168384996592,0.9943181818181818,0.6439306358381502,571.0,gt,datasets/bodleianoppenheimad/gt/Bodleian-Library-MS-Oppenheim-Add-4-128_00027_fol-11r.txt,analysis_results/full_run_20260613/predictions/bodleianoppenheimad/prenumeranten__Bodleian-Library-MS-Oppenheim-Add-4-128_00027_fol-11r.xml,854,792,4.089859071965394,3.7929372189655646,3.935806057104,22,0.6516634110521632,0.6516634110521632,161,22,0.927400468384075,1.0,True,False,False
bodleianoppenheimad,Bodleian Oppenheim Add. 4-128,Bodleian-Library-MS-Oppenheim-Add-4-128_00027_fol-11r.jpg,Bodleian-Library-MS-Oppenheim-Add-4-128_00027_fol-11r,sephardi,sephardi,2688.216283624526,0.7045454545454546,0.2289017341040462,198.0,gt,datasets/bodleianoppenheimad/gt/Bodleian-Library-MS-Oppenheim-Add-4-128_00027_fol-11r.txt,analysis_results/full_run_20260613/predictions/bodleianoppenheimad/sephardi__Bodleian-Library-MS-Oppenheim-Add-4-128_00027_fol-11r.xml,854,835,3.219420698951528,3.147794243120054,3.1832045987264963,22,0.9430466782157526,0.9430466782157526,186,22,0.977751756440281,1.0,True,True,True
bodleianoppenheimad,Bodleian Oppenheim Add. 4-128,Bodleian-Library-MS-Oppenheim-Add-4-128_00027_fol-11r.jpg,Bodleian-Library-MS-Oppenheim-Add-4-128_00027_fol-11r,sinai_no_voc_61,sinai no voc 61,2557.4200424121227,0.875,0.3930635838150289,331.0,gt,datasets/bodleianoppenheimad/gt/Bodleian-Library-MS-Oppenheim-Add-4-128_00027_fol-11r.txt,analysis_results/full_run_20260613/predictions/bodleianoppenheimad/sinai_no_voc_61__Bodleian-Library-MS-Oppenheim-Add-4-128_00027_fol-11r.xml,854,724,3.5323481248786224,2.9946370520048275,3.2413435265045916,22,0.9243925134108738,0.9243925134108738,150,22,0.8477751756440282,1.0,True,True,True
bodleianoppenheimad,Bodleian Oppenheim Add. 4-128,Bodleian-Library-MS-Oppenheim-Add-4-128_00027_fol-11r.jpg,Bodleian-Library-MS-Oppenheim-Add-4-128_00027_fol-11r,vat44,vat44,2857.116967320442,0.7954545454545454,0.284393063583815,242.0,gt,datasets/bodleianoppenheimad/gt/Bodleian-Library-MS-Oppenheim-Add-4-128_00027_fol-11r.txt,analysis_results/full_run_20260613/predictions/bodleianoppenheimad/vat44__Bodleian-Library-MS-Oppenheim-Add-4-128_00027_fol-11r.xml,854,812,3.518616954828131,3.34557021934478,3.4299123257148167,22,0.9187538722004835,0.9187538722004835,150,22,0.9508196721311475,1.0,True,True,True
bodleianoppenheimad,Bodleian Oppenheim Add. 4-128,Bodleian-Library-MS-Oppenheim-Add-4-128_00028_fol-11v.jpg,Bodleian-Library-MS-Oppenheim-Add-4-128_00028_fol-11v,ashkenazy,ashkenazy,99999.0,0.8963730569948186,0.4199363732767762,399.0,gt,datasets/bodleianoppenheimad/gt/Bodleian-Library-MS-Oppenheim-Add-4-128_00028_fol-11v.txt,analysis_results/full_run_20260613/predictions/bodleianoppenheimad/ashkenazy__Bodleian-Library-MS-Oppenheim-Add-4-128_00028_fol-11v.xml,942,678,147.49115044247787,106.15605095541402,123.45555555555555,24,0.8810106574102549,0.8810106574102549,165,24,0.7197452229299363,1.0,False,False,False
bodleianoppenheimad,Bodleian Oppenheim Add. 4-128,Bodleian-Library-MS-Oppenheim-Add-4-128_00028_fol-11v.jpg,Bodleian-Library-MS-Oppenheim-Add-4-128_00028_fol-11v,biblia9,biblia9,99999.0,0.911917098445596,0.376458112407211,368.0,gt,datasets/bodleianoppenheimad/gt/Bodleian-Library-MS-Oppenheim-Add-4-128_00028_fol-11v.txt,analysis_results/full_run_20260613/predictions/bodleianoppenheimad/biblia9__Bodleian-Library-MS-Oppenheim-Add-4-128_00028_fol-11v.xml,942,940,106.38191489361702,106.15605095541402,106.26886291179596,24,0.9502206012423059,0.9502206012423059,195,24,0.9978768577494692,1.0,False,False,False
bodleianoppenheimad,Bodleian Oppenheim Add. 4-128,Bodleian-Library-MS-Oppenheim-Add-4-128_00028_fol-11v.jpg,Bodleian-Library-MS-Oppenheim-Add-4-128_00028_fol-11v,italian_7,italian 7,99999.0,0.6321243523316062,0.1813361611876988,176.0,gt,datasets/bodleianoppenheimad/gt/Bodleian-Library-MS-Oppenheim-Add-4-128_00028_fol-11v.txt,analysis_results/full_run_20260613/predictions/bodleianoppenheimad/italian_7__Bodleian-Library-MS-Oppenheim-Add-4-128_00028_fol-11v.xml,942,941,106.26886291179596,106.15605095541402,106.21242697822623,24,0.9467756310955686,0.9467756310955686,195,24,0.9989384288747346,1.0,False,False,False
bodleianoppenheimad,Bodleian Oppenheim Add. 4-128,Bodleian-Library-MS-Oppenheim-Add-4-128_00028_fol-11v.jpg,Bodleian-Library-MS-Oppenheim-Add-4-128_00028_fol-11v,prenumeranten,prenumeranten,99999.0,1.0,0.6755037115588547,647.0,gt,datasets/bodleianoppenheimad/gt/Bodleian-Library-MS-Oppenheim-Add-4-128_00028_fol-11v.txt,analysis_results/full_run_20260613/predictions/bodleianoppenheimad/prenumeranten__Bodleian-Library-MS-Oppenheim-Add-4-128_00028_fol-11v.xml,942,902,110.86363636363636,106.15605095541402,108.4587852494577,24,0.5998094979966762,0.5998094979966762,186,24,0.9575371549893843,1.0,False,False,False
bodleianoppenheimad,Bodleian Oppenheim Add. 4-128,Bodleian-Library-MS-Oppenheim-Add-4-128_00028_fol-11v.jpg,Bodleian-Library-MS-Oppenheim-Add-4-128_00028_fol-11v,sephardi,sephardi,99999.0,0.772020725388601,0.2523860021208908,246.0,gt,datasets/bodleianoppenheimad/gt/Bodleian-Library-MS-Oppenheim-Add-4-128_00028_fol-11v.txt,analysis_results/full_run_20260613/predictions/bodleianoppenheimad/sephardi__Bodleian-Library-MS-Oppenheim-Add-4-128_00028_fol-11v.xml,942,916,109.16921397379913,106.15605095541402,107.64155005382132,24,0.9345279468732137,0.9345279468732137,195,24,0.9723991507430998,1.0,False,False,False
bodleianoppenheimad,Bodleian Oppenheim Add. 4-128,Bodleian-Library-MS-Oppenheim-Add-4-128_00028_fol-11v.jpg,Bodleian-Library-MS-Oppenheim-Add-4-128_00028_fol-11v,sinai_no_voc_61,sinai no voc 61,99999.0,0.927461139896373,0.4475079533404029,424.0,gt,datasets/bodleianoppenheimad/gt/Bodleian-Library-MS-Oppenheim-Add-4-128_00028_fol-11v.txt,analysis_results/full_run_20260613/predictions/bodleianoppenheimad/sinai_no_voc_61__Bodleian-Library-MS-Oppenheim-Add-4-128_00028_fol-11v.xml,942,761,131.4047306176084,106.15605095541402,117.43863769817969,24,0.923388211337575,0.923388211337575,162,24,0.807855626326964,1.0,False,False,False
bodleianoppenheimad,Bodleian Oppenheim Add. 4-128,Bodleian-Library-MS-Oppenheim-Add-4-128_00028_fol-11v.jpg,Bodleian-Library-MS-Oppenheim-Add-4-128_00028_fol-11v,vat44,vat44,99999.0,0.8704663212435233,0.3425238600212089,320.0,gt,datasets/bodleianoppenheimad/gt/Bodleian-Library-MS-Oppenheim-Add-4-128_00028_fol-11v.txt,analysis_results/full_run_20260613/predictions/bodleianoppenheimad/vat44__Bodleian-Library-MS-Oppenheim-Add-4-128_00028_fol-11v.xml,942,892,112.10650224215247,106.15605095541402,109.05016357688113,24,0.9154060819695119,0.9154060819695119,155,24,0.9469214437367304,1.0,False,False,False
bodleianoppenheimad,Bodleian Oppenheim Add. 4-128,Bodleian-Library-MS-Oppenheim-Add-4-128_00029_fol-12r.jpg,Bodleian-Library-MS-Oppenheim-Add-4-128_00029_fol-12r,ashkenazy,ashkenazy,102189.59901043028,0.8504672897196262,0.3874045801526717,407.0,gt,datasets/bodleianoppenheimad/gt/Bodleian-Library-MS-Oppenheim-Add-4-128_00029_fol-12r.txt,analysis_results/full_run_20260613/predictions/bodleianoppenheimad/ashkenazy__Bodleian-Library-MS-Oppenheim-Add-4-128_00029_fol-12r.xml,1046,829,123.26851509098948,97.69560134840371,109.00223894445897,25,0.8938559092760178,0.8938559092760178,188,25,0.7925430210325047,1.0,False,False,False
bodleianoppenheimad,Bodleian Oppenheim Add. 4-128,Bodleian-Library-MS-Oppenheim-Add-4-128_00029_fol-12r.jpg,Bodleian-Library-MS-Oppenheim-Add-4-128_00029_fol-12r,biblia9,biblia9,102524.23082864285,0.8271028037383178,0.3253816793893129,345.0,gt,datasets/bodleianoppenheimad/gt/Bodleian-Library-MS-Oppenheim-Add-4-128_00029_fol-12r.txt,analysis_results/full_run_20260613/predictions/bodleianoppenheimad/biblia9__Bodleian-Library-MS-Oppenheim-Add-4-128_00029_fol-12r.xml,1046,1026,99.92615090510999,98.01551704459163,98.96161276896028,25,0.9507482704965274,0.9507482704965274,212,25,0.9808795411089866,1.0,False,False,False
bodleianoppenheimad,Bodleian Oppenheim Add. 4-128,Bodleian-Library-MS-Oppenheim-Add-4-128_00029_fol-12r.jpg,Bodleian-Library-MS-Oppenheim-Add-4-128_00029_fol-12r,italian_7,italian 7,102205.36686650103,0.5841121495327103,0.1641221374045801,178.0,gt,datasets/bodleianoppenheimad/gt/Bodleian-Library-MS-Oppenheim-Add-4-128_00029_fol-12r.txt,analysis_results/full_run_20260613/predictions/bodleianoppenheimad/italian_7__Bodleian-Library-MS-Oppenheim-Add-4-128_00029_fol-12r.xml,1046,1026,99.61536731627781,97.71067578059372,98.65382902171915,25,0.9540588677898653,0.9540588677898653,216,25,0.9808795411089866,1.0,False,False,False
bodleianoppenheimad,Bodleian Oppenheim Add. 4-128,Bodleian-Library-MS-Oppenheim-Add-4-128_00029_fol-12r.jpg,Bodleian-Library-MS-Oppenheim-Add-4-128_00029_fol-12r,prenumeranten,prenumeranten,102831.4705621514,0.9813084112149532,0.6583969465648855,702.0,gt,datasets/bodleianoppenheimad/gt/Bodleian-Library-MS-Oppenheim-Add-4-128_00029_fol-12r.txt,analysis_results/full_run_20260613/predictions/bodleianoppenheimad/prenumeranten__Bodleian-Library-MS-Oppenheim-Add-4-128_00029_fol-12r.xml,1046,1021,100.71642562404642,98.30924527930344,99.49827824107537,25,0.6384706976475242,0.6384706976475242,195,25,0.9760994263862333,1.0,False,False,False
bodleianoppenheimad,Bodleian Oppenheim Add. 4-128,Bodleian-Library-MS-Oppenheim-Add-4-128_00029_fol-12r.jpg,Bodleian-Library-MS-Oppenheim-Add-4-128_00029_fol-12r,sephardi,sephardi,102264.95006735156,0.6121495327102804,0.2137404580152671,232.0,gt,datasets/bodleianoppenheimad/gt/Bodleian-Library-MS-Oppenheim-Add-4-128_00029_fol-12r.txt,analysis_results/full_run_20260613/predictions/bodleianoppenheimad/sephardi__Bodleian-Library-MS-Oppenheim-Add-4-128_00029_fol-12r.xml,1046,1014,100.85300795596801,97.7676386877166,99.28635928869083,25,0.938828151270124,0.938828151270124,222,25,0.9694072657743786,1.0,False,False,False
bodleianoppenheimad,Bodleian Oppenheim Add. 4-128,Bodleian-Library-MS-Oppenheim-Add-4-128_00029_fol-12r.jpg,Bodleian-Library-MS-Oppenheim-Add-4-128_00029_fol-12r,sinai_no_voc_61,sinai no voc 61,102214.23248568666,0.897196261682243,0.3893129770992366,406.0,gt,datasets/bodleianoppenheimad/gt/Bodleian-Library-MS-Oppenheim-Add-4-128_00029_fol-12r.txt,analysis_results/full_run_20260613/predictions/bodleianoppenheimad/sinai_no_voc_61__Bodleian-Library-MS-Oppenheim-Add-4-128_00029_fol-12r.xml,1046,910,112.32333240185348,97.71915151595283,104.51353014896387,25,0.9301024544476126,0.9301024544476126,178,25,0.869980879541109,1.0,False,False,False
bodleianoppenheimad,Bodleian Oppenheim Add. 4-128,Bodleian-Library-MS-Oppenheim-Add-4-128_00029_fol-12r.jpg,Bodleian-Library-MS-Oppenheim-Add-4-128_00029_fol-12r,vat44,vat44,102523.40560024975,0.7710280373831776,0.2776717557251908,290.0,gt,datasets/bodleianoppenheimad/gt/Bodleian-Library-MS-Oppenheim-Add-4-128_00029_fol-12r.txt,analysis_results/full_run_20260613/predictions/bodleianoppenheimad/vat44__Bodleian-Library-MS-Oppenheim-Add-4-128_00029_fol-12r.xml,1046,1000,102.52340560024976,98.01472810731335,100.21838279594306,25,0.9300492526578674,0.9300492526578674,187,25,0.9560229445506692,1.0,False,False,False
bodleianoppenheimad,Bodleian Oppenheim Add. 4-128,Bodleian-Library-MS-Oppenheim-Add-4-128_00411_fol-203r.jpg,Bodleian-Library-MS-Oppenheim-Add-4-128_00411_fol-203r,ashkenazy,ashkenazy,103572.67486788332,0.631578947368421,0.1981292517006802,241.0,gt,datasets/bodleianoppenheimad/gt/Bodleian-Library-MS-Oppenheim-Add-4-128_00411_fol-203r.txt,analysis_results/full_run_20260613/predictions/bodleianoppenheimad/ashkenazy__Bodleian-Library-MS-Oppenheim-Add-4-128_00411_fol-203r.xml,1183,1138,91.01289531448447,87.5508663295717,89.24831957594427,25,0.9303937904543909,0.9303937904543909,237,24,0.9619611158072696,1.0416666666666667,False,False,False
bodleianoppenheimad,Bodleian Oppenheim Add. 4-128,Bodleian-Library-MS-Oppenheim-Add-4-128_00411_fol-203r.jpg,Bodleian-Library-MS-Oppenheim-Add-4-128_00411_fol-203r,biblia9,biblia9,103832.66845014691,0.7651821862348178,0.2508503401360544,308.0,gt,datasets/bodleianoppenheimad/gt/Bodleian-Library-MS-Oppenheim-Add-4-128_00411_fol-203r.txt,analysis_results/full_run_20260613/predictions/bodleianoppenheimad/biblia9__Bodleian-Library-MS-Oppenheim-Add-4-128_00411_fol-203r.xml,1183,1130,91.88731721251939,87.77064112438454,89.78181448348198,25,0.950920728260554,0.950920728260554,222,24,0.9551986475063398,1.0416666666666667,False,False,False
bodleianoppenheimad,Bodleian Oppenheim Add. 4-128,Bodleian-Library-MS-Oppenheim-Add-4-128_00411_fol-203r.jpg,Bodleian-Library-MS-Oppenheim-Add-4-128_00411_fol-203r,italian_7,italian 7,103261.34445020556,0.4615384615384615,0.1275510204081632,162.0,gt,datasets/bodleianoppenheimad/gt/Bodleian-Library-MS-Oppenheim-Add-4-128_00411_fol-203r.txt,analysis_results/full_run_20260613/predictions/bodleianoppenheimad/italian_7__Bodleian-Library-MS-Oppenheim-Add-4-128_00411_fol-203r.xml,1183,1191,86.70138073065118,87.28769606948906,86.99355050564917,25,0.9548057215887978,0.9548057215887978,246,24,1.0067624683009297,1.0416666666666667,False,False,False
bodleianoppenheimad,Bodleian Oppenheim Add. 4-128,Bodleian-Library-MS-Oppenheim-Add-4-128_00411_fol-203r.jpg,Bodleian-Library-MS-Oppenheim-Add-4-128_00411_fol-203r,prenumeranten,prenumeranten,104227.0138583578,0.9838056680161944,0.6479591836734694,773.0,gt,datasets/bodleianoppenheimad/gt/Bodleian-Library-MS-Oppenheim-Add-4-128_00411_fol-203r.txt,analysis_results/full_run_20260613/predictions/bodleianoppenheimad/prenumeranten__Bodleian-Library-MS-Oppenheim-Add-4-128_00411_fol-203r.xml,1183,1149,90.7110651508771,88.10398466471496,89.38851960408044,25,0.6138164726496532,0.6138164726496532,201,24,0.9712595097210481,1.0416666666666667,False,False,False
bodleianoppenheimad,Bodleian Oppenheim Add. 4-128,Bodleian-Library-MS-Oppenheim-Add-4-128_00411_fol-203r.jpg,Bodleian-Library-MS-Oppenheim-Add-4-128_00411_fol-203r,sephardi,sephardi,103268.28234186023,0.5384615384615384,0.1454081632653061,184.0,gt,datasets/bodleianoppenheimad/gt/Bodleian-Library-MS-Oppenheim-Add-4-128_00411_fol-203r.txt,analysis_results/full_run_20260613/predictions/bodleianoppenheimad/sephardi__Bodleian-Library-MS-Oppenheim-Add-4-128_00411_fol-203r.xml,1183,1164,88.71845562015484,87.29356072853781,88.00024059809138,25,0.9507731655723575,0.9507731655723575,249,24,0.9839391377852916,1.0416666666666667,False,False,False
bodleianoppenheimad,Bodleian Oppenheim Add. 4-128,Bodleian-Library-MS-Oppenheim-Add-4-128_00411_fol-203r.jpg,Bodleian-Library-MS-Oppenheim-Add-4-128_00411_fol-203r,sinai_no_voc_61,sinai no voc 61,103615.96079030744,0.854251012145749,0.3537414965986394,423.0,gt,datasets/bodleianoppenheimad/gt/Bodleian-Library-MS-Oppenheim-Add-4-128_00411_fol-203r.txt,analysis_results/full_run_20260613/predictions/bodleianoppenheimad/sinai_no_voc_61__Bodleian-Library-MS-Oppenheim-Add-4-128_00411_fol-203r.xml,1183,1097,94.4539296174179,87.5874562893554,90.89119367570828,25,0.9381749832745191,0.9381749832745191,206,24,0.9273034657650042,1.0416666666666667,False,False,False
bodleianoppenheimad,Bodleian Oppenheim Add. 4-128,Bodleian-Library-MS-Oppenheim-Add-4-128_00411_fol-203r.jpg,Bodleian-Library-MS-Oppenheim-Add-4-128_00411_fol-203r,vat44,vat44,103812.09105402233,0.7611336032388664,0.2482993197278911,301.0,gt,datasets/bodleianoppenheimad/gt/Bodleian-Library-MS-Oppenheim-Add-4-128_00411_fol-203r.txt,analysis_results/full_run_20260613/predictions/bodleianoppenheimad/vat44__Bodleian-Library-MS-Oppenheim-Add-4-128_00411_fol-203r.xml,1183,1116,93.02158696596983,87.75324687575852,90.31064902481282,25,0.9327180758651067,0.9327180758651067,198,24,0.9433643279797126,1.0416666666666667,False,False,False
bodleianoppenheimad,Bodleian Oppenheim Add. 4-128,Bodleian-Library-MS-Oppenheim-Add-4-128_00412_fol-203v.jpg,Bodleian-Library-MS-Oppenheim-Add-4-128_00412_fol-203v,ashkenazy,ashkenazy,3646.2509863376617,0.6942148760330579,0.2145299145299145,263.0,gt,datasets/bodleianoppenheimad/gt/Bodleian-Library-MS-Oppenheim-Add-4-128_00412_fol-203v.txt,analysis_results/full_run_20260613/predictions/bodleianoppenheimad/ashkenazy__Bodleian-Library-MS-Oppenheim-Add-4-128_00412_fol-203v.xml,1178,1127,3.235360236324456,3.0952894620863,3.1637752592951514,24,0.9182229449729468,0.9182229449729468,222,24,0.9567062818336163,1.0,True,True,True
bodleianoppenheimad,Bodleian Oppenheim Add. 4-128,Bodleian-Library-MS-Oppenheim-Add-4-128_00412_fol-203v.jpg,Bodleian-Library-MS-Oppenheim-Add-4-128_00412_fol-203v,biblia9,biblia9,3914.90545463562,0.7892561983471075,0.2692307692307692,335.0,gt,datasets/bodleianoppenheimad/gt/Bodleian-Library-MS-Oppenheim-Add-4-128_00412_fol-203v.txt,analysis_results/full_run_20260613/predictions/bodleianoppenheimad/biblia9__Bodleian-Library-MS-Oppenheim-Add-4-128_00412_fol-203v.xml,1178,1122,3.489220547803583,3.323349282373192,3.404265612726626,24,0.9453500837406005,0.9453500837406005,215,24,0.9524617996604414,1.0,True,True,True
bodleianoppenheimad,Bodleian Oppenheim Add. 4-128,Bodleian-Library-MS-Oppenheim-Add-4-128_00412_fol-203v.jpg,Bodleian-Library-MS-Oppenheim-Add-4-128_00412_fol-203v,italian_7,italian 7,3345.1550430869684,0.5289256198347108,0.1444444444444444,192.0,gt,datasets/bodleianoppenheimad/gt/Bodleian-Library-MS-Oppenheim-Add-4-128_00412_fol-203v.txt,analysis_results/full_run_20260613/predictions/bodleianoppenheimad/italian_7__Bodleian-Library-MS-Oppenheim-Add-4-128_00412_fol-203v.xml,1178,1194,2.801637389520074,2.839690189377732,2.82053544948311,24,0.9567278722682316,0.9567278722682316,246,24,1.0135823429541595,1.0,True,True,True
bodleianoppenheimad,Bodleian Oppenheim Add. 4-128,Bodleian-Library-MS-Oppenheim-Add-4-128_00412_fol-203v.jpg,Bodleian-Library-MS-Oppenheim-Add-4-128_00412_fol-203v,prenumeranten,prenumeranten,4262.1369932695525,0.975206611570248,0.611965811965812,732.0,gt,datasets/bodleianoppenheimad/gt/Bodleian-Library-MS-Oppenheim-Add-4-128_00412_fol-203v.txt,analysis_results/full_run_20260613/predictions/bodleianoppenheimad/prenumeranten__Bodleian-Library-MS-Oppenheim-Add-4-128_00412_fol-203v.xml,1178,1122,3.7986960724327563,3.6181128975123538,3.7062060811039585,24,0.6348130870084915,0.6348130870084915,213,24,0.9524617996604414,1.0,True,False,False
bodleianoppenheimad,Bodleian Oppenheim Add. 4-128,Bodleian-Library-MS-Oppenheim-Add-4-128_00412_fol-203v.jpg,Bodleian-Library-MS-Oppenheim-Add-4-128_00412_fol-203v,sephardi,sephardi,3268.7536672622155,0.5785123966942148,0.1564102564102564,207.0,gt,datasets/bodleianoppenheimad/gt/Bodleian-Library-MS-Oppenheim-Add-4-128_00412_fol-203v.txt,analysis_results/full_run_20260613/predictions/bodleianoppenheimad/sephardi__Bodleian-Library-MS-Oppenheim-Add-4-128_00412_fol-203v.xml,1178,1165,2.805797139280872,2.7748333338388926,2.7902293361179815,24,0.9515002704605732,0.9515002704605732,244,24,0.9889643463497453,1.0,True,True,True
bodleianoppenheimad,Bodleian Oppenheim Add. 4-128,Bodleian-Library-MS-Oppenheim-Add-4-128_00412_fol-203v.jpg,Bodleian-Library-MS-Oppenheim-Add-4-128_00412_fol-203v,sinai_no_voc_61,sinai no voc 61,3521.41441321373,0.8636363636363636,0.3367521367521368,402.0,gt,datasets/bodleianoppenheimad/gt/Bodleian-Library-MS-Oppenheim-Add-4-128_00412_fol-203v.txt,analysis_results/full_run_20260613/predictions/bodleianoppenheimad/sinai_no_voc_61__Bodleian-Library-MS-Oppenheim-Add-4-128_00412_fol-203v.xml,1178,1041,3.3827227792639096,2.9893161402493464,3.1738750907739792,24,0.9319044295345845,0.9319044295345845,192,24,0.8837011884550084,1.0,True,True,True
bodleianoppenheimad,Bodleian Oppenheim Add. 4-128,Bodleian-Library-MS-Oppenheim-Add-4-128_00412_fol-203v.jpg,Bodleian-Library-MS-Oppenheim-Add-4-128_00412_fol-203v,vat44,vat44,3874.616988636553,0.8347107438016529,0.2598290598290598,319.0,gt,datasets/bodleianoppenheimad/gt/Bodleian-Library-MS-Oppenheim-Add-4-128_00412_fol-203v.txt,analysis_results/full_run_20260613/predictions/bodleianoppenheimad/vat44__Bodleian-Library-MS-Oppenheim-Add-4-128_00412_fol-203v.xml,1178,1104,3.5096168375331094,3.2891485472296713,3.3958080531433414,24,0.9335544544045287,0.9335544544045287,179,24,0.9371816638370118,1.0,True,True,True
bodleianoppenheimad,Bodleian Oppenheim Add. 4-128,Bodleian-Library-MS-Oppenheim-Add-4-128_00413_fol-204r.jpg,Bodleian-Library-MS-Oppenheim-Add-4-128_00413_fol-204r,ashkenazy,ashkenazy,3461.1936067193747,0.6481481481481481,0.2027972027972027,229.0,gt,datasets/bodleianoppenheimad/gt/Bodleian-Library-MS-Oppenheim-Add-4-128_00413_fol-204r.txt,analysis_results/full_run_20260613/predictions/bodleianoppenheimad/ashkenazy__Bodleian-Library-MS-Oppenheim-Add-4-128_00413_fol-204r.xml,1134,1085,3.190040190524769,3.052198947724316,3.1195976626582915,24,0.9349866802557479,0.9349866802557479,218,24,0.9567901234567902,1.0,True,True,True
bodleianoppenheimad,Bodleian Oppenheim Add. 4-128,Bodleian-Library-MS-Oppenheim-Add-4-128_00413_fol-204r.jpg,Bodleian-Library-MS-Oppenheim-Add-4-128_00413_fol-204r,biblia9,biblia9,3920.335259886342,0.7916666666666666,0.2666083916083916,324.0,gt,datasets/bodleianoppenheimad/gt/Bodleian-Library-MS-Oppenheim-Add-4-128_00413_fol-204r.txt,analysis_results/full_run_20260613/predictions/bodleianoppenheimad/biblia9__Bodleian-Library-MS-Oppenheim-Add-4-128_00413_fol-204r.xml,1134,1117,3.5097003221901004,3.4570857670955397,3.4831943668470386,24,0.9574476259006263,0.9574476259006263,215,24,0.9850088183421517,1.0,True,True,True
bodleianoppenheimad,Bodleian Oppenheim Add. 4-128,Bodleian-Library-MS-Oppenheim-Add-4-128_00413_fol-204r.jpg,Bodleian-Library-MS-Oppenheim-Add-4-128_00413_fol-204r,italian_7,italian 7,3136.1532765439915,0.4768518518518518,0.1197552447552447,152.0,gt,datasets/bodleianoppenheimad/gt/Bodleian-Library-MS-Oppenheim-Add-4-128_00413_fol-204r.txt,analysis_results/full_run_20260613/predictions/bodleianoppenheimad/italian_7__Bodleian-Library-MS-Oppenheim-Add-4-128_00413_fol-204r.xml,1134,1161,2.7012517455159273,2.7655672632663064,2.7330311778161147,24,0.9579799754573769,0.9579799754573769,230,24,1.0238095238095237,1.0,True,True,True
bodleianoppenheimad,Bodleian Oppenheim Add. 4-128,Bodleian-Library-MS-Oppenheim-Add-4-128_00413_fol-204r.jpg,Bodleian-Library-MS-Oppenheim-Add-4-128_00413_fol-204r,prenumeranten,prenumeranten,4238.688782216748,0.9907407407407408,0.6354895104895105,738.0,gt,datasets/bodleianoppenheimad/gt/Bodleian-Library-MS-Oppenheim-Add-4-128_00413_fol-204r.txt,analysis_results/full_run_20260613/predictions/bodleianoppenheimad/prenumeranten__Bodleian-Library-MS-Oppenheim-Add-4-128_00413_fol-204r.xml,1134,1111,3.815201424137487,3.737820795605598,3.776114728032738,24,0.6104172434229739,0.6104172434229739,216,24,0.9797178130511464,1.0,True,False,False
bodleianoppenheimad,Bodleian Oppenheim Add. 4-128,Bodleian-Library-MS-Oppenheim-Add-4-128_00413_fol-204r.jpg,Bodleian-Library-MS-Oppenheim-Add-4-128_00413_fol-204r,sephardi,sephardi,3325.272877642419,0.5833333333333334,0.1608391608391608,201.0,gt,datasets/bodleianoppenheimad/gt/Bodleian-Library-MS-Oppenheim-Add-4-128_00413_fol-204r.txt,analysis_results/full_run_20260613/predictions/bodleianoppenheimad/sephardi__Bodleian-Library-MS-Oppenheim-Add-4-128_00413_fol-204r.xml,1134,1153,2.8840181072354025,2.9323393982737382,2.9079780302950757,24,0.9498476502478427,0.9498476502478427,235,24,1.0167548500881833,1.0,True,True,True
bodleianoppenheimad,Bodleian Oppenheim Add. 4-128,Bodleian-Library-MS-Oppenheim-Add-4-128_00413_fol-204r.jpg,Bodleian-Library-MS-Oppenheim-Add-4-128_00413_fol-204r,sinai_no_voc_61,sinai no voc 61,3485.5328933022683,0.8333333333333334,0.3435314685314685,386.0,gt,datasets/bodleianoppenheimad/gt/Bodleian-Library-MS-Oppenheim-Add-4-128_00413_fol-204r.txt,analysis_results/full_run_20260613/predictions/bodleianoppenheimad/sinai_no_voc_61__Bodleian-Library-MS-Oppenheim-Add-4-128_00413_fol-204r.xml,1134,1039,3.354699608568112,3.0736621634058805,3.2080376376458983,24,0.9364901785520279,0.9364901785520279,184,24,0.9162257495590829,1.0,True,True,True
bodleianoppenheimad,Bodleian Oppenheim Add. 4-128,Bodleian-Library-MS-Oppenheim-Add-4-128_00413_fol-204r.jpg,Bodleian-Library-MS-Oppenheim-Add-4-128_00413_fol-204r,vat44,vat44,3740.145287791267,0.75,0.2395104895104895,272.0,gt,datasets/bodleianoppenheimad/gt/Bodleian-Library-MS-Oppenheim-Add-4-128_00413_fol-204r.txt,analysis_results/full_run_20260613/predictions/bodleianoppenheimad/vat44__Bodleian-Library-MS-Oppenheim-Add-4-128_00413_fol-204r.xml,1134,1091,3.4281808320726554,3.2981880844720166,3.36192834857642,24,0.9256465162938406,0.9256465162938406,180,24,0.9620811287477954,1.0,True,True,True
bodleianoppenheimad,Bodleian Oppenheim Add. 4-128,Bodleian-Library-MS-Oppenheim-Add-4-128_00414_fol-204v.jpg,Bodleian-Library-MS-Oppenheim-Add-4-128_00414_fol-204v,ashkenazy,ashkenazy,3177.2100943923,0.8312236286919831,0.3923404255319149,453.0,gt,datasets/bodleianoppenheimad/gt/Bodleian-Library-MS-Oppenheim-Add-4-128_00414_fol-204v.txt,analysis_results/full_run_20260613/predictions/bodleianoppenheimad/ashkenazy__Bodleian-Library-MS-Oppenheim-Add-4-128_00414_fol-204v.xml,1166,925,3.4348217236673513,2.7248800123433106,3.0389383973144906,24,0.9057476501669933,0.9057476501669933,205,24,0.7933104631217839,1.0,True,True,True
bodleianoppenheimad,Bodleian Oppenheim Add. 4-128,Bodleian-Library-MS-Oppenheim-Add-4-128_00414_fol-204v.jpg,Bodleian-Library-MS-Oppenheim-Add-4-128_00414_fol-204v,biblia9,biblia9,3980.819914497435,0.8776371308016878,0.3506382978723404,424.0,gt,datasets/bodleianoppenheimad/gt/Bodleian-Library-MS-Oppenheim-Add-4-128_00414_fol-204v.txt,analysis_results/full_run_20260613/predictions/bodleianoppenheimad/biblia9__Bodleian-Library-MS-Oppenheim-Add-4-128_00414_fol-204v.xml,1166,1124,3.541654728200565,3.4140822594317624,3.476698615281603,24,0.9458095687753075,0.9458095687753075,232,24,0.9639794168096055,1.0,True,True,True
bodleianoppenheimad,Bodleian Oppenheim Add. 4-128,Bodleian-Library-MS-Oppenheim-Add-4-128_00414_fol-204v.jpg,Bodleian-Library-MS-Oppenheim-Add-4-128_00414_fol-204v,italian_7,italian 7,3592.433175522834,0.6751054852320675,0.1863829787234042,230.0,gt,datasets/bodleianoppenheimad/gt/Bodleian-Library-MS-Oppenheim-Add-4-128_00414_fol-204v.txt,analysis_results/full_run_20260613/predictions/bodleianoppenheimad/italian_7__Bodleian-Library-MS-Oppenheim-Add-4-128_00414_fol-204v.xml,1166,1173,3.0626028776835756,3.080989001306033,3.071768427125125,24,0.9479045541288369,0.9479045541288369,246,24,1.0060034305317325,1.0,True,True,True
bodleianoppenheimad,Bodleian Oppenheim Add. 4-128,Bodleian-Library-MS-Oppenheim-Add-4-128_00414_fol-204v.jpg,Bodleian-Library-MS-Oppenheim-Add-4-128_00414_fol-204v,prenumeranten,prenumeranten,4044.634503821144,0.978902953586498,0.6417021276595745,764.0,gt,datasets/bodleianoppenheimad/gt/Bodleian-Library-MS-Oppenheim-Add-4-128_00414_fol-204v.txt,analysis_results/full_run_20260613/predictions/bodleianoppenheimad/prenumeranten__Bodleian-Library-MS-Oppenheim-Add-4-128_00414_fol-204v.xml,1166,1067,3.7906602659991977,3.4688117528483224,3.6226014364721397,24,0.5627173315364709,0.5627173315364709,216,24,0.9150943396226415,1.0,True,False,False
bodleianoppenheimad,Bodleian Oppenheim Add. 4-128,Bodleian-Library-MS-Oppenheim-Add-4-128_00414_fol-204v.jpg,Bodleian-Library-MS-Oppenheim-Add-4-128_00414_fol-204v,sephardi,sephardi,3370.149695894681,0.6540084388185654,0.225531914893617,263.0,gt,datasets/bodleianoppenheimad/gt/Bodleian-Library-MS-Oppenheim-Add-4-128_00414_fol-204v.txt,analysis_results/full_run_20260613/predictions/bodleianoppenheimad/sephardi__Bodleian-Library-MS-Oppenheim-Add-4-128_00414_fol-204v.xml,1166,1123,3.001023771945397,2.890351368691836,2.9446480523326177,24,0.9500479200510347,0.9500479200510347,240,24,0.9631217838765008,1.0,True,True,True
bodleianoppenheimad,Bodleian Oppenheim Add. 4-128,Bodleian-Library-MS-Oppenheim-Add-4-128_00414_fol-204v.jpg,Bodleian-Library-MS-Oppenheim-Add-4-128_00414_fol-204v,sinai_no_voc_61,sinai no voc 61,3419.868948243966,0.890295358649789,0.3838297872340425,442.0,gt,datasets/bodleianoppenheimad/gt/Bodleian-Library-MS-Oppenheim-Add-4-128_00414_fol-204v.txt,analysis_results/full_run_20260613/predictions/bodleianoppenheimad/sinai_no_voc_61__Bodleian-Library-MS-Oppenheim-Add-4-128_00414_fol-204v.xml,1166,1023,3.34298039906546,2.9329922369159225,3.1245947448551536,24,0.9346033489841147,0.9346033489841147,203,24,0.8773584905660378,1.0,True,True,True
bodleianoppenheimad,Bodleian Oppenheim Add. 4-128,Bodleian-Library-MS-Oppenheim-Add-4-128_00414_fol-204v.jpg,Bodleian-Library-MS-Oppenheim-Add-4-128_00414_fol-204v,vat44,vat44,3804.7032740414143,0.8523206751054853,0.3191489361702128,376.0,gt,datasets/bodleianoppenheimad/gt/Bodleian-Library-MS-Oppenheim-Add-4-128_00414_fol-204v.txt,analysis_results/full_run_20260613/predictions/bodleianoppenheimad/vat44__Bodleian-Library-MS-Oppenheim-Add-4-128_00414_fol-204v.xml,1166,1070,3.5557974523751534,3.2630388285089316,3.403133518820585,24,0.9132250445673483,0.9132250445673483,193,24,0.9176672384219554,1.0,True,True,True
bodleianoppenheimad,Bodleian Oppenheim Add. 4-128,Bodleian-Library-MS-Oppenheim-Add-4-128_00415_fol-205r.jpg,Bodleian-Library-MS-Oppenheim-Add-4-128_00415_fol-205r,ashkenazy,ashkenazy,2919.026431452483,0.8798283261802575,0.4411247803163444,499.0,gt,datasets/bodleianoppenheimad/gt/Bodleian-Library-MS-Oppenheim-Add-4-128_00415_fol-205r.txt,analysis_results/full_run_20260613/predictions/bodleianoppenheimad/ashkenazy__Bodleian-Library-MS-Oppenheim-Add-4-128_00415_fol-205r.xml,1135,806,3.6216208826953884,2.571829455024214,3.007755210151966,24,0.8985701213949954,0.8985701213949954,171,24,0.7101321585903083,1.0,True,False,False
bodleianoppenheimad,Bodleian Oppenheim Add. 4-128,Bodleian-Library-MS-Oppenheim-Add-4-128_00415_fol-205r.jpg,Bodleian-Library-MS-Oppenheim-Add-4-128_00415_fol-205r,biblia9,biblia9,3815.975606679917,0.8583690987124464,0.3400702987697715,390.0,gt,datasets/bodleianoppenheimad/gt/Bodleian-Library-MS-Oppenheim-Add-4-128_00415_fol-205r.txt,analysis_results/full_run_20260613/predictions/bodleianoppenheimad/biblia9__Bodleian-Library-MS-Oppenheim-Add-4-128_00415_fol-205r.xml,1135,1062,3.5931973697551007,3.3620930455329665,3.473805741174253,24,0.9523400643459446,0.9523400643459446,210,24,0.9356828193832599,1.0,True,True,True
bodleianoppenheimad,Bodleian Oppenheim Add. 4-128,Bodleian-Library-MS-Oppenheim-Add-4-128_00415_fol-205r.jpg,Bodleian-Library-MS-Oppenheim-Add-4-128_00415_fol-205r,italian_7,italian 7,3058.911779493093,0.5965665236051502,0.1766256590509666,202.0,gt,datasets/bodleianoppenheimad/gt/Bodleian-Library-MS-Oppenheim-Add-4-128_00415_fol-205r.txt,analysis_results/full_run_20260613/predictions/bodleianoppenheimad/italian_7__Bodleian-Library-MS-Oppenheim-Add-4-128_00415_fol-205r.xml,1135,1116,2.7409603758898684,2.695076457703166,2.7178247707624106,24,0.9589285231047846,0.9589285231047846,228,24,0.9832599118942731,1.0,True,True,True
bodleianoppenheimad,Bodleian Oppenheim Add. 4-128,Bodleian-Library-MS-Oppenheim-Add-4-128_00415_fol-205r.jpg,Bodleian-Library-MS-Oppenheim-Add-4-128_00415_fol-205r,prenumeranten,prenumeranten,2847.441669959575,0.9871244635193132,0.695079086115993,784.0,gt,datasets/bodleianoppenheimad/gt/Bodleian-Library-MS-Oppenheim-Add-4-128_00415_fol-205r.txt,analysis_results/full_run_20260613/predictions/bodleianoppenheimad/prenumeranten__Bodleian-Library-MS-Oppenheim-Add-4-128_00415_fol-205r.xml,1135,709,4.016137757347779,2.5087591805811233,3.0883315292403197,24,0.5134305743895798,0.5134305743895798,175,24,0.6246696035242291,1.0,True,False,False
bodleianoppenheimad,Bodleian Oppenheim Add. 4-128,Bodleian-Library-MS-Oppenheim-Add-4-128_00415_fol-205r.jpg,Bodleian-Library-MS-Oppenheim-Add-4-128_00415_fol-205r,sephardi,sephardi,3140.460479208734,0.6137339055793991,0.2065026362038664,238.0,gt,datasets/bodleianoppenheimad/gt/Bodleian-Library-MS-Oppenheim-Add-4-128_00415_fol-205r.txt,analysis_results/full_run_20260613/predictions/bodleianoppenheimad/sephardi__Bodleian-Library-MS-Oppenheim-Add-4-128_00415_fol-205r.xml,1135,1082,2.9024588532428224,2.766925532342497,2.83307215084234,24,0.9465422382584979,0.9465422382584979,232,24,0.9533039647577093,1.0,True,True,True
bodleianoppenheimad,Bodleian Oppenheim Add. 4-128,Bodleian-Library-MS-Oppenheim-Add-4-128_00415_fol-205r.jpg,Bodleian-Library-MS-Oppenheim-Add-4-128_00415_fol-205r,sinai_no_voc_61,sinai no voc 61,3547.02408997342,0.8669527896995708,0.4007029876977153,453.0,gt,datasets/bodleianoppenheimad/gt/Bodleian-Library-MS-Oppenheim-Add-4-128_00415_fol-205r.txt,analysis_results/full_run_20260613/predictions/bodleianoppenheimad/sinai_no_voc_61__Bodleian-Library-MS-Oppenheim-Add-4-128_00415_fol-205r.xml,1135,1054,3.3652979980772484,3.125131356804775,3.2407712105741617,24,0.9265919554123143,0.9265919554123143,205,24,0.9286343612334802,1.0,True,True,True
bodleianoppenheimad,Bodleian Oppenheim Add. 4-128,Bodleian-Library-MS-Oppenheim-Add-4-128_00415_fol-205r.jpg,Bodleian-Library-MS-Oppenheim-Add-4-128_00415_fol-205r,vat44,vat44,3696.819925844669,0.8412017167381974,0.3031634446397188,342.0,gt,datasets/bodleianoppenheimad/gt/Bodleian-Library-MS-Oppenheim-Add-4-128_00415_fol-205r.txt,analysis_results/full_run_20260613/predictions/bodleianoppenheimad/vat44__Bodleian-Library-MS-Oppenheim-Add-4-128_00415_fol-205r.xml,1135,997,3.7079437571160168,3.257110066823497,3.4679361405672315,24,0.9328136078238615,0.9328136078238615,169,24,0.8784140969162996,1.0,True,True,True
bodleianoppenheimad,Bodleian Oppenheim Add. 4-128,Bodleian-Library-MS-Oppenheim-Add-4-128_00416_fol-205v.jpg,Bodleian-Library-MS-Oppenheim-Add-4-128_00416_fol-205v,ashkenazy,ashkenazy,99999.0,0.967741935483871,0.8137369033760187,703.0,gt,datasets/bodleianoppenheimad/gt/Bodleian-Library-MS-Oppenheim-Add-4-128_00416_fol-205v.txt,analysis_results/full_run_20260613/predictions/bodleianoppenheimad/ashkenazy__Bodleian-Library-MS-Oppenheim-Add-4-128_00416_fol-205v.xml,863,208,480.7644230769231,115.87369640787949,186.73949579831933,29,0.8197052552434232,0.8197052552434232,79,28,0.2410196987253766,1.0357142857142858,False,False,False
bodleianoppenheimad,Bodleian Oppenheim Add. 4-128,Bodleian-Library-MS-Oppenheim-Add-4-128_00416_fol-205v.jpg,Bodleian-Library-MS-Oppenheim-Add-4-128_00416_fol-205v,biblia9,biblia9,102490.77470302582,0.9946236559139784,0.7764842840512224,668.0,gt,datasets/bodleianoppenheimad/gt/Bodleian-Library-MS-Oppenheim-Add-4-128_00416_fol-205v.txt,analysis_results/full_run_20260613/predictions/bodleianoppenheimad/biblia9__Bodleian-Library-MS-Oppenheim-Add-4-128_00416_fol-205v.xml,863,860,119.17531942212304,118.76103673583525,118.96781741500385,29,0.9407450915030211,0.9407450915030211,170,28,0.996523754345307,1.0357142857142858,False,False,False
bodleianoppenheimad,Bodleian Oppenheim Add. 4-128,Bodleian-Library-MS-Oppenheim-Add-4-128_00416_fol-205v.jpg,Bodleian-Library-MS-Oppenheim-Add-4-128_00416_fol-205v,italian_7,italian 7,102475.4881632328,1.0591397849462365,0.7427240977881258,639.0,gt,datasets/bodleianoppenheimad/gt/Bodleian-Library-MS-Oppenheim-Add-4-128_00416_fol-205v.txt,analysis_results/full_run_20260613/predictions/bodleianoppenheimad/italian_7__Bodleian-Library-MS-Oppenheim-Add-4-128_00416_fol-205v.xml,863,965,106.19221571319461,118.74332347999166,112.11760192913873,29,0.9260063178148117,0.9260063178148117,202,28,1.1181923522595596,1.0357142857142858,False,False,False
bodleianoppenheimad,Bodleian Oppenheim Add. 4-128,Bodleian-Library-MS-Oppenheim-Add-4-128_00416_fol-205v.jpg,Bodleian-Library-MS-Oppenheim-Add-4-128_00416_fol-205v,prenumeranten,prenumeranten,100810.79329244328,0.9731182795698924,0.7031431897555297,603.0,gt,datasets/bodleianoppenheimad/gt/Bodleian-Library-MS-Oppenheim-Add-4-128_00416_fol-205v.txt,analysis_results/full_run_20260613/predictions/bodleianoppenheimad/prenumeranten__Bodleian-Library-MS-Oppenheim-Add-4-128_00416_fol-205v.xml,863,519,194.2404495037443,116.81436070966777,145.8911625071538,29,0.5574181125173614,0.5574181125173614,164,28,0.6013904982618772,1.0357142857142858,False,False,False
bodleianoppenheimad,Bodleian Oppenheim Add. 4-128,Bodleian-Library-MS-Oppenheim-Add-4-128_00416_fol-205v.jpg,Bodleian-Library-MS-Oppenheim-Add-4-128_00416_fol-205v,sephardi,sephardi,102251.62917149068,1.0,0.710128055878929,611.0,gt,datasets/bodleianoppenheimad/gt/Bodleian-Library-MS-Oppenheim-Add-4-128_00416_fol-205v.txt,analysis_results/full_run_20260613/predictions/bodleianoppenheimad/sephardi__Bodleian-Library-MS-Oppenheim-Add-4-128_00416_fol-205v.xml,863,839,121.87321712930951,118.48392719755583,120.15467587719235,29,0.9099847201388511,0.9099847201388511,194,28,0.9721900347624566,1.0357142857142858,False,False,False
bodleianoppenheimad,Bodleian Oppenheim Add. 4-128,Bodleian-Library-MS-Oppenheim-Add-4-128_00416_fol-205v.jpg,Bodleian-Library-MS-Oppenheim-Add-4-128_00416_fol-205v,sinai_no_voc_61,sinai no voc 61,101732.9018483162,0.9731182795698924,0.6949941792782305,600.0,gt,datasets/bodleianoppenheimad/gt/Bodleian-Library-MS-Oppenheim-Add-4-128_00416_fol-205v.txt,analysis_results/full_run_20260613/predictions/bodleianoppenheimad/sinai_no_voc_61__Bodleian-Library-MS-Oppenheim-Add-4-128_00416_fol-205v.xml,863,555,183.302525852822,117.88285266317058,143.48787284670834,29,0.9268140084089264,0.9268140084089264,119,28,0.6431054461181923,1.0357142857142858,False,False,False
bodleianoppenheimad,Bodleian Oppenheim Add. 4-128,Bodleian-Library-MS-Oppenheim-Add-4-128_00416_fol-205v.jpg,Bodleian-Library-MS-Oppenheim-Add-4-128_00416_fol-205v,vat44,vat44,102401.16230559348,0.9731182795698924,0.7532013969732246,647.0,gt,datasets/bodleianoppenheimad/gt/Bodleian-Library-MS-Oppenheim-Add-4-128_00416_fol-205v.txt,analysis_results/full_run_20260613/predictions/bodleianoppenheimad/vat44__Bodleian-Library-MS-Oppenheim-Add-4-128_00416_fol-205v.xml,863,806,127.04858846847826,118.65719850010832,122.70960132485737,29,0.884645984081465,0.884645984081465,118,28,0.9339513325608343,1.0357142857142858,False,False,False
constantinople1520,Constantinople 1520,0007_FL19224773.jpg,0007_FL19224773,ashkenazy,ashkenazy,14973.531998639926,1.0258899676375404,0.751131221719457,3311.0,gt,datasets/constantinople1520/gt/0007_FL19224773.txt,analysis_results/full_run_20260613/predictions/constantinople1520/ashkenazy__0007_FL19224773.xml,4406,4542,3.296682518414779,3.398441216214237,3.3467885557979273,89,0.9568224400717553,0.9568224400717553,972,100,1.0308669995460735,0.89,True,True,True
constantinople1520,Constantinople 1520,0007_FL19224773.jpg,0007_FL19224773,biblia9,biblia9,14358.967503109949,0.9902912621359224,0.7599547511312217,3356.0,gt,datasets/constantinople1520/gt/0007_FL19224773.txt,analysis_results/full_run_20260613/predictions/constantinople1520/biblia9__0007_FL19224773.xml,4406,4471,3.211578506622668,3.258957672063084,3.235094627263704,89,0.9630016913295124,0.9630016913295124,909,100,1.0147526100771675,0.89,True,True,True
constantinople1520,Constantinople 1520,0007_FL19224773.jpg,0007_FL19224773,italian_7,italian 7,14495.859760592226,1.034519956850054,0.7549773755656108,3332.0,gt,datasets/constantinople1520/gt/0007_FL19224773.txt,analysis_results/full_run_20260613/predictions/constantinople1520/italian_7__0007_FL19224773.xml,4406,4580,3.1650348822253767,3.2900271812510726,3.22632089040557,89,0.9569842137084238,0.9569842137084238,977,100,1.0394916023604177,0.89,True,True,True
constantinople1520,Constantinople 1520,0007_FL19224773.jpg,0007_FL19224773,prenumeranten,prenumeranten,14969.28383555956,0.9913700107874864,0.7701357466063349,3409.0,gt,datasets/constantinople1520/gt/0007_FL19224773.txt,analysis_results/full_run_20260613/predictions/constantinople1520/prenumeranten__0007_FL19224773.xml,4406,4351,3.440423772824537,3.3974770393916387,3.418815538554199,89,0.7924957834140274,0.7924957834140274,843,100,0.9875170222423967,0.89,True,False,False
constantinople1520,Constantinople 1520,0007_FL19224773.jpg,0007_FL19224773,sephardi,sephardi,14441.744107096803,1.0442286947141315,0.7536199095022624,3323.0,gt,datasets/constantinople1520/gt/0007_FL19224773.txt,analysis_results/full_run_20260613/predictions/constantinople1520/sephardi__0007_FL19224773.xml,4406,4575,3.156665378600394,3.2777449176343176,3.216065940785392,89,0.9578864996831554,0.9578864996831554,993,100,1.0383567862006355,0.89,True,True,True
constantinople1520,Constantinople 1520,0007_FL19224773.jpg,0007_FL19224773,sinai_no_voc_61,sinai no voc 61,11690.890539991728,0.989212513484358,0.766289592760181,3383.0,gt,datasets/constantinople1520/gt/0007_FL19224773.txt,analysis_results/full_run_20260613/predictions/constantinople1520/sinai_no_voc_61__0007_FL19224773.xml,4406,4501,2.597398475892408,2.6534023014052943,2.6251017267299264,89,0.9694910864508627,0.9694910864508627,907,100,1.0215615070358601,0.89,True,True,True
constantinople1520,Constantinople 1520,0007_FL19224773.jpg,0007_FL19224773,vat44,vat44,15232.490640059114,0.982740021574973,0.7509049773755656,3318.0,gt,datasets/constantinople1520/gt/0007_FL19224773.txt,analysis_results/full_run_20260613/predictions/constantinople1520/vat44__0007_FL19224773.xml,4406,4402,3.4603568014673134,3.45721530641378,3.4587853406128777,89,0.9406788212121312,0.9406788212121312,839,100,0.9990921470721743,0.89,True,True,True
huntingtonamitaitanchuma2,Huntington Amitai Tanchuma 2,125_83eef_default.jpg,125_83eef_default,ashkenazy,ashkenazy,,,,,gt,datasets/huntingtonamitaitanchuma2/gt/125_83eef_default.txt,,0,0,,,,0,,,0,0,0.0,0.0,False,False,False
huntingtonamitaitanchuma2,Huntington Amitai Tanchuma 2,125_83eef_default.jpg,125_83eef_default,biblia9,biblia9,,,,,gt,datasets/huntingtonamitaitanchuma2/gt/125_83eef_default.txt,,0,0,,,,0,,,0,0,0.0,0.0,False,False,False
huntingtonamitaitanchuma2,Huntington Amitai Tanchuma 2,125_83eef_default.jpg,125_83eef_default,italian_7,italian 7,,,,,gt,datasets/huntingtonamitaitanchuma2/gt/125_83eef_default.txt,,0,0,,,,0,,,0,0,0.0,0.0,False,False,False
huntingtonamitaitanchuma2,Huntington Amitai Tanchuma 2,125_83eef_default.jpg,125_83eef_default,prenumeranten,prenumeranten,,,,,gt,datasets/huntingtonamitaitanchuma2/gt/125_83eef_default.txt,,0,0,,,,0,,,0,0,0.0,0.0,False,False,False
huntingtonamitaitanchuma2,Huntington Amitai Tanchuma 2,125_83eef_default.jpg,125_83eef_default,sephardi,sephardi,,,,,gt,datasets/huntingtonamitaitanchuma2/gt/125_83eef_default.txt,,0,0,,,,0,,,0,0,0.0,0.0,False,False,False
huntingtonamitaitanchuma2,Huntington Amitai Tanchuma 2,125_83eef_default.jpg,125_83eef_default,sinai_no_voc_61,sinai no voc 61,,,,,gt,datasets/huntingtonamitaitanchuma2/gt/125_83eef_default.txt,,0,0,,,,0,,,0,0,0.0,0.0,False,False,False
huntingtonamitaitanchuma2,Huntington Amitai Tanchuma 2,125_83eef_default.jpg,125_83eef_default,vat44,vat44,,,,,gt,datasets/huntingtonamitaitanchuma2/gt/125_83eef_default.txt,,0,0,,,,0,,,0,0,0.0,0.0,False,False,False
huntingtonamitaitanchuma2,Huntington Amitai Tanchuma 2,140_6438b_default.jpg,140_6438b_default,ashkenazy,ashkenazy,,,,,gt,datasets/huntingtonamitaitanchuma2/gt/140_6438b_default.txt,,0,0,,,,0,,,0,0,0.0,0.0,False,False,False
huntingtonamitaitanchuma2,Huntington Amitai Tanchuma 2,140_6438b_default.jpg,140_6438b_default,biblia9,biblia9,,,,,gt,datasets/huntingtonamitaitanchuma2/gt/140_6438b_default.txt,,0,0,,,,0,,,0,0,0.0,0.0,False,False,False
huntingtonamitaitanchuma2,Huntington Amitai Tanchuma 2,140_6438b_default.jpg,140_6438b_default,italian_7,italian 7,,,,,gt,datasets/huntingtonamitaitanchuma2/gt/140_6438b_default.txt,,0,0,,,,0,,,0,0,0.0,0.0,False,False,False
huntingtonamitaitanchuma2,Huntington Amitai Tanchuma 2,140_6438b_default.jpg,140_6438b_default,prenumeranten,prenumeranten,,,,,gt,datasets/huntingtonamitaitanchuma2/gt/140_6438b_default.txt,,0,0,,,,0,,,0,0,0.0,0.0,False,False,False
huntingtonamitaitanchuma2,Huntington Amitai Tanchuma 2,140_6438b_default.jpg,140_6438b_default,sephardi,sephardi,,,,,gt,datasets/huntingtonamitaitanchuma2/gt/140_6438b_default.txt,,0,0,,,,0,,,0,0,0.0,0.0,False,False,False
huntingtonamitaitanchuma2,Huntington Amitai Tanchuma 2,140_6438b_default.jpg,140_6438b_default,sinai_no_voc_61,sinai no voc 61,,,,,gt,datasets/huntingtonamitaitanchuma2/gt/140_6438b_default.txt,,0,0,,,,0,,,0,0,0.0,0.0,False,False,False
huntingtonamitaitanchuma2,Huntington Amitai Tanchuma 2,140_6438b_default.jpg,140_6438b_default,vat44,vat44,,,,,gt,datasets/huntingtonamitaitanchuma2/gt/140_6438b_default.txt,,0,0,,,,0,,,0,0,0.0,0.0,False,False,False
huntingtonamitaitanchuma2,Huntington Amitai Tanchuma 2,16_4b2fa_default.jpg,16_4b2fa_default,ashkenazy,ashkenazy,7906.744902141974,0.5996784565916399,0.1635514018691588,505.0,gt,datasets/huntingtonamitaitanchuma2/gt/16_4b2fa_default.txt,analysis_results/full_run_20260613/predictions/huntingtonamitaitanchuma2/ashkenazy__16_4b2fa_default.xml,3010,2862,2.7626641866324158,2.626825548884377,2.6930330048167486,31,0.9361103173818704,0.9361103173818704,585,31,0.9508305647840531,1.0,True,True,True
huntingtonamitaitanchuma2,Huntington Amitai Tanchuma 2,16_4b2fa_default.jpg,16_4b2fa_default,biblia9,biblia9,8599.132828121772,0.9469453376205788,0.4275700934579439,1296.0,gt,datasets/huntingtonamitaitanchuma2/gt/16_4b2fa_default.txt,analysis_results/full_run_20260613/predictions/huntingtonamitaitanchuma2/biblia9__16_4b2fa_default.xml,3010,2438,3.5271258523879294,2.8568547601733463,3.15680353455278,31,0.9415369923362155,0.9415369923362155,453,31,0.8099667774086379,1.0,True,True,True
huntingtonamitaitanchuma2,Huntington Amitai Tanchuma 2,16_4b2fa_default.jpg,16_4b2fa_default,italian_7,italian 7,7652.533667121512,0.5530546623794212,0.1408544726301735,434.0,gt,datasets/huntingtonamitaitanchuma2/gt/16_4b2fa_default.txt,analysis_results/full_run_20260613/predictions/huntingtonamitaitanchuma2/italian_7__16_4b2fa_default.xml,3010,2904,2.635169995565259,2.542369989076914,2.5879383385598618,31,0.9446722958806212,0.9446722958806212,595,31,0.9647840531561461,1.0,True,True,True
huntingtonamitaitanchuma2,Huntington Amitai Tanchuma 2,16_4b2fa_default.jpg,16_4b2fa_default,prenumeranten,prenumeranten,8108.941365282517,0.9887459807073956,0.6191588785046729,1864.0,gt,datasets/huntingtonamitaitanchuma2/gt/16_4b2fa_default.txt,analysis_results/full_run_20260613/predictions/huntingtonamitaitanchuma2/prenumeranten__16_4b2fa_default.xml,3010,2360,3.4359921039332697,2.6940004535822317,3.020089893959969,31,0.5343127055511571,0.5343127055511571,446,31,0.7840531561461794,1.0,True,False,False
huntingtonamitaitanchuma2,Huntington Amitai Tanchuma 2,16_4b2fa_default.jpg,16_4b2fa_default,sephardi,sephardi,7352.03210526472,0.5128617363344051,0.1371829105473965,430.0,gt,datasets/huntingtonamitaitanchuma2/gt/16_4b2fa_default.txt,analysis_results/full_run_20260613/predictions/huntingtonamitaitanchuma2/sephardi__16_4b2fa_default.xml,3010,2908,2.5282091146027232,2.442535583144425,2.4846340335467114,31,0.9427074174960277,0.9427074174960277,608,31,0.9661129568106313,1.0,True,True,True
huntingtonamitaitanchuma2,Huntington Amitai Tanchuma 2,16_4b2fa_default.jpg,16_4b2fa_default,sinai_no_voc_61,sinai no voc 61,8365.985000726767,0.8762057877813505,0.3124165554072096,951.0,gt,datasets/huntingtonamitaitanchuma2/gt/16_4b2fa_default.txt,analysis_results/full_run_20260613/predictions/huntingtonamitaitanchuma2/sinai_no_voc_61__16_4b2fa_default.xml,3010,2554,3.275640172563339,2.7793970102082284,3.007183681066415,31,0.9358571458338248,0.9358571458338248,422,31,0.8485049833887043,1.0,True,True,True
huntingtonamitaitanchuma2,Huntington Amitai Tanchuma 2,16_4b2fa_default.jpg,16_4b2fa_default,vat44,vat44,8955.22314939159,0.8987138263665595,0.3087449933244325,935.0,gt,datasets/huntingtonamitaitanchuma2/gt/16_4b2fa_default.txt,analysis_results/full_run_20260613/predictions/huntingtonamitaitanchuma2/vat44__16_4b2fa_default.xml,3010,2562,3.4954032589350468,2.9751571924889,3.2143658109804703,31,0.9204473081084327,0.9204473081084327,374,31,0.8511627906976744,1.0,True,True,True
huntingtonamitaitanchuma2,Huntington Amitai Tanchuma 2,183_0f70d_default.jpg,183_0f70d_default,ashkenazy,ashkenazy,,,,,gt,datasets/huntingtonamitaitanchuma2/gt/183_0f70d_default.txt,,0,0,,,,0,,,0,0,0.0,0.0,False,False,False
huntingtonamitaitanchuma2,Huntington Amitai Tanchuma 2,183_0f70d_default.jpg,183_0f70d_default,biblia9,biblia9,,,,,gt,datasets/huntingtonamitaitanchuma2/gt/183_0f70d_default.txt,,0,0,,,,0,,,0,0,0.0,0.0,False,False,False
huntingtonamitaitanchuma2,Huntington Amitai Tanchuma 2,183_0f70d_default.jpg,183_0f70d_default,italian_7,italian 7,,,,,gt,datasets/huntingtonamitaitanchuma2/gt/183_0f70d_default.txt,,0,0,,,,0,,,0,0,0.0,0.0,False,False,False
huntingtonamitaitanchuma2,Huntington Amitai Tanchuma 2,183_0f70d_default.jpg,183_0f70d_default,prenumeranten,prenumeranten,,,,,gt,datasets/huntingtonamitaitanchuma2/gt/183_0f70d_default.txt,,0,0,,,,0,,,0,0,0.0,0.0,False,False,False
huntingtonamitaitanchuma2,Huntington Amitai Tanchuma 2,183_0f70d_default.jpg,183_0f70d_default,sephardi,sephardi,,,,,gt,datasets/huntingtonamitaitanchuma2/gt/183_0f70d_default.txt,,0,0,,,,0,,,0,0,0.0,0.0,False,False,False
huntingtonamitaitanchuma2,Huntington Amitai Tanchuma 2,183_0f70d_default.jpg,183_0f70d_default,sinai_no_voc_61,sinai no voc 61,,,,,gt,datasets/huntingtonamitaitanchuma2/gt/183_0f70d_default.txt,,0,0,,,,0,,,0,0,0.0,0.0,False,False,False
huntingtonamitaitanchuma2,Huntington Amitai Tanchuma 2,183_0f70d_default.jpg,183_0f70d_default,vat44,vat44,,,,,gt,datasets/huntingtonamitaitanchuma2/gt/183_0f70d_default.txt,,0,0,,,,0,,,0,0,0.0,0.0,False,False,False
huntingtonamitaitanchuma2,Huntington Amitai Tanchuma 2,198_859b9_default.jpg,198_859b9_default,ashkenazy,ashkenazy,,,,,gt,datasets/huntingtonamitaitanchuma2/gt/198_859b9_default.txt,,0,0,,,,0,,,0,0,0.0,0.0,False,False,False
huntingtonamitaitanchuma2,Huntington Amitai Tanchuma 2,198_859b9_default.jpg,198_859b9_default,biblia9,biblia9,,,,,gt,datasets/huntingtonamitaitanchuma2/gt/198_859b9_default.txt,,0,0,,,,0,,,0,0,0.0,0.0,False,False,False
huntingtonamitaitanchuma2,Huntington Amitai Tanchuma 2,198_859b9_default.jpg,198_859b9_default,italian_7,italian 7,,,,,gt,datasets/huntingtonamitaitanchuma2/gt/198_859b9_default.txt,,0,0,,,,0,,,0,0,0.0,0.0,False,False,False
huntingtonamitaitanchuma2,Huntington Amitai Tanchuma 2,198_859b9_default.jpg,198_859b9_default,prenumeranten,prenumeranten,,,,,gt,datasets/huntingtonamitaitanchuma2/gt/198_859b9_default.txt,,0,0,,,,0,,,0,0,0.0,0.0,False,False,False
huntingtonamitaitanchuma2,Huntington Amitai Tanchuma 2,198_859b9_default.jpg,198_859b9_default,sephardi,sephardi,,,,,gt,datasets/huntingtonamitaitanchuma2/gt/198_859b9_default.txt,,0,0,,,,0,,,0,0,0.0,0.0,False,False,False
huntingtonamitaitanchuma2,Huntington Amitai Tanchuma 2,198_859b9_default.jpg,198_859b9_default,sinai_no_voc_61,sinai no voc 61,,,,,gt,datasets/huntingtonamitaitanchuma2/gt/198_859b9_default.txt,,0,0,,,,0,,,0,0,0.0,0.0,False,False,False
huntingtonamitaitanchuma2,Huntington Amitai Tanchuma 2,198_859b9_default.jpg,198_859b9_default,vat44,vat44,,,,,gt,datasets/huntingtonamitaitanchuma2/gt/198_859b9_default.txt,,0,0,,,,0,,,0,0,0.0,0.0,False,False,False
huntingtonamitaitanchuma2,Huntington Amitai Tanchuma 2,207_414bf_default.jpg,207_414bf_default,ashkenazy,ashkenazy,,,,,gt,datasets/huntingtonamitaitanchuma2/gt/207_414bf_default.txt,,0,0,,,,0,,,0,0,0.0,0.0,False,False,False
huntingtonamitaitanchuma2,Huntington Amitai Tanchuma 2,207_414bf_default.jpg,207_414bf_default,biblia9,biblia9,,,,,gt,datasets/huntingtonamitaitanchuma2/gt/207_414bf_default.txt,,0,0,,,,0,,,0,0,0.0,0.0,False,False,False
huntingtonamitaitanchuma2,Huntington Amitai Tanchuma 2,207_414bf_default.jpg,207_414bf_default,italian_7,italian 7,,,,,gt,datasets/huntingtonamitaitanchuma2/gt/207_414bf_default.txt,,0,0,,,,0,,,0,0,0.0,0.0,False,False,False
huntingtonamitaitanchuma2,Huntington Amitai Tanchuma 2,207_414bf_default.jpg,207_414bf_default,prenumeranten,prenumeranten,,,,,gt,datasets/huntingtonamitaitanchuma2/gt/207_414bf_default.txt,,0,0,,,,0,,,0,0,0.0,0.0,False,False,False
huntingtonamitaitanchuma2,Huntington Amitai Tanchuma 2,207_414bf_default.jpg,207_414bf_default,sephardi,sephardi,,,,,gt,datasets/huntingtonamitaitanchuma2/gt/207_414bf_default.txt,,0,0,,,,0,,,0,0,0.0,0.0,False,False,False
huntingtonamitaitanchuma2,Huntington Amitai Tanchuma 2,207_414bf_default.jpg,207_414bf_default,sinai_no_voc_61,sinai no voc 61,,,,,gt,datasets/huntingtonamitaitanchuma2/gt/207_414bf_default.txt,,0,0,,,,0,,,0,0,0.0,0.0,False,False,False
huntingtonamitaitanchuma2,Huntington Amitai Tanchuma 2,207_414bf_default.jpg,207_414bf_default,vat44,vat44,,,,,gt,datasets/huntingtonamitaitanchuma2/gt/207_414bf_default.txt,,0,0,,,,0,,,0,0,0.0,0.0,False,False,False
huntingtonamitaitanchuma2,Huntington Amitai Tanchuma 2,216_b2421_default.jpg,216_b2421_default,ashkenazy,ashkenazy,,,,,gt,datasets/huntingtonamitaitanchuma2/gt/216_b2421_default.txt,,0,0,,,,0,,,0,0,0.0,0.0,False,False,False
huntingtonamitaitanchuma2,Huntington Amitai Tanchuma 2,216_b2421_default.jpg,216_b2421_default,biblia9,biblia9,,,,,gt,datasets/huntingtonamitaitanchuma2/gt/216_b2421_default.txt,,0,0,,,,0,,,0,0,0.0,0.0,False,False,False
huntingtonamitaitanchuma2,Huntington Amitai Tanchuma 2,216_b2421_default.jpg,216_b2421_default,italian_7,italian 7,,,,,gt,datasets/huntingtonamitaitanchuma2/gt/216_b2421_default.txt,,0,0,,,,0,,,0,0,0.0,0.0,False,False,False
huntingtonamitaitanchuma2,Huntington Amitai Tanchuma 2,216_b2421_default.jpg,216_b2421_default,prenumeranten,prenumeranten,,,,,gt,datasets/huntingtonamitaitanchuma2/gt/216_b2421_default.txt,,0,0,,,,0,,,0,0,0.0,0.0,False,False,False
huntingtonamitaitanchuma2,Huntington Amitai Tanchuma 2,216_b2421_default.jpg,216_b2421_default,sephardi,sephardi,,,,,gt,datasets/huntingtonamitaitanchuma2/gt/216_b2421_default.txt,,0,0,,,,0,,,0,0,0.0,0.0,False,False,False
huntingtonamitaitanchuma2,Huntington Amitai Tanchuma 2,216_b2421_default.jpg,216_b2421_default,sinai_no_voc_61,sinai no voc 61,,,,,gt,datasets/huntingtonamitaitanchuma2/gt/216_b2421_default.txt,,0,0,,,,0,,,0,0,0.0,0.0,False,False,False
huntingtonamitaitanchuma2,Huntington Amitai Tanchuma 2,216_b2421_default.jpg,216_b2421_default,vat44,vat44,,,,,gt,datasets/huntingtonamitaitanchuma2/gt/216_b2421_default.txt,,0,0,,,,0,,,0,0,0.0,0.0,False,False,False
huntingtonamitaitanchuma2,Huntington Amitai Tanchuma 2,318_48b41_default.jpg,318_48b41_default,ashkenazy,ashkenazy,,,,,gt,datasets/huntingtonamitaitanchuma2/gt/318_48b41_default.txt,,0,0,,,,0,,,0,0,0.0,0.0,False,False,False
huntingtonamitaitanchuma2,Huntington Amitai Tanchuma 2,318_48b41_default.jpg,318_48b41_default,biblia9,biblia9,,,,,gt,datasets/huntingtonamitaitanchuma2/gt/318_48b41_default.txt,,0,0,,,,0,,,0,0,0.0,0.0,False,False,False
huntingtonamitaitanchuma2,Huntington Amitai Tanchuma 2,318_48b41_default.jpg,318_48b41_default,italian_7,italian 7,,,,,gt,datasets/huntingtonamitaitanchuma2/gt/318_48b41_default.txt,,0,0,,,,0,,,0,0,0.0,0.0,False,False,False
huntingtonamitaitanchuma2,Huntington Amitai Tanchuma 2,318_48b41_default.jpg,318_48b41_default,prenumeranten,prenumeranten,,,,,gt,datasets/huntingtonamitaitanchuma2/gt/318_48b41_default.txt,,0,0,,,,0,,,0,0,0.0,0.0,False,False,False
huntingtonamitaitanchuma2,Huntington Amitai Tanchuma 2,318_48b41_default.jpg,318_48b41_default,sephardi,sephardi,,,,,gt,datasets/huntingtonamitaitanchuma2/gt/318_48b41_default.txt,,0,0,,,,0,,,0,0,0.0,0.0,False,False,False
huntingtonamitaitanchuma2,Huntington Amitai Tanchuma 2,318_48b41_default.jpg,318_48b41_default,sinai_no_voc_61,sinai no voc 61,,,,,gt,datasets/huntingtonamitaitanchuma2/gt/318_48b41_default.txt,,0,0,,,,0,,,0,0,0.0,0.0,False,False,False
huntingtonamitaitanchuma2,Huntington Amitai Tanchuma 2,318_48b41_default.jpg,318_48b41_default,vat44,vat44,,,,,gt,datasets/huntingtonamitaitanchuma2/gt/318_48b41_default.txt,,0,0,,,,0,,,0,0,0.0,0.0,False,False,False
huntingtonamitaitanchuma2,Huntington Amitai Tanchuma 2,345_cf387_default.jpg,345_cf387_default,ashkenazy,ashkenazy,8214.339398304466,0.6722972972972973,0.2215589887640449,648.0,gt,datasets/huntingtonamitaitanchuma2/gt/345_cf387_default.txt,analysis_results/full_run_20260613/predictions/huntingtonamitaitanchuma2/ashkenazy__345_cf387_default.xml,2865,2642,3.1091367896686095,2.867134170437859,2.9832356630849706,31,0.9341855161230525,0.9341855161230525,528,31,0.9221640488656195,1.0,True,True,True
huntingtonamitaitanchuma2,Huntington Amitai Tanchuma 2,345_cf387_default.jpg,345_cf387_default,biblia9,biblia9,8657.059285845608,0.9273648648648648,0.4708567415730337,1360.0,gt,datasets/huntingtonamitaitanchuma2/gt/345_cf387_default.txt,analysis_results/full_run_20260613/predictions/huntingtonamitaitanchuma2/biblia9__345_cf387_default.xml,2865,2333,3.71069836512885,3.0216611817960235,3.330919309675109,31,0.9352770206102705,0.9352770206102705,397,31,0.8143106457242583,1.0,True,True,True
huntingtonamitaitanchuma2,Huntington Amitai Tanchuma 2,345_cf387_default.jpg,345_cf387_default,italian_7,italian 7,8175.008046858944,0.606418918918919,0.1836376404494382,540.0,gt,datasets/huntingtonamitaitanchuma2/gt/345_cf387_default.txt,analysis_results/full_run_20260613/predictions/huntingtonamitaitanchuma2/italian_7__345_cf387_default.xml,2865,2740,2.9835795791456,2.853405950038026,2.917041229922906,31,0.9410335273713026,0.9410335273713026,548,31,0.956369982547993,1.0,True,True,True
huntingtonamitaitanchuma2,Huntington Amitai Tanchuma 2,345_cf387_default.jpg,345_cf387_default,prenumeranten,prenumeranten,8391.60734995734,0.9898648648648648,0.6671348314606742,1912.0,gt,datasets/huntingtonamitaitanchuma2/gt/345_cf387_default.txt,analysis_results/full_run_20260613/predictions/huntingtonamitaitanchuma2/prenumeranten__345_cf387_default.xml,2865,2325,3.609293483852619,2.9290078010322302,3.2337600577870287,31,0.546409482935734,0.546409482935734,405,31,0.8115183246073299,1.0,True,False,False
huntingtonamitaitanchuma2,Huntington Amitai Tanchuma 2,345_cf387_default.jpg,345_cf387_default,sephardi,sephardi,8032.250771864667,0.6317567567567568,0.2047050561797752,600.0,gt,datasets/huntingtonamitaitanchuma2/gt/345_cf387_default.txt,analysis_results/full_run_20260613/predictions/huntingtonamitaitanchuma2/sephardi__345_cf387_default.xml,2865,2695,2.980427002547186,2.8035779308428155,2.8892988388002396,31,0.9410412395785126,0.9410412395785126,556,31,0.9406631762652705,1.0,True,True,True
huntingtonamitaitanchuma2,Huntington Amitai Tanchuma 2,345_cf387_default.jpg,345_cf387_default,sinai_no_voc_61,sinai no voc 61,8125.272711120546,0.9307432432432432,0.4006320224719101,1164.0,gt,datasets/huntingtonamitaitanchuma2/gt/345_cf387_default.txt,analysis_results/full_run_20260613/predictions/huntingtonamitaitanchuma2/sinai_no_voc_61__345_cf387_default.xml,2865,2339,3.473823305310195,2.836046321508044,3.12270280980805,31,0.9426954808196721,0.9426954808196721,375,31,0.8164048865619546,1.0,True,True,True
huntingtonamitaitanchuma2,Huntington Amitai Tanchuma 2,345_cf387_default.jpg,345_cf387_default,vat44,vat44,9022.746613025663,0.8969594594594594,0.3419943820224719,990.0,gt,datasets/huntingtonamitaitanchuma2/gt/345_cf387_default.txt,analysis_results/full_run_20260613/predictions/huntingtonamitaitanchuma2/vat44__345_cf387_default.xml,2865,2415,3.7361269619153887,3.1493007375307727,3.417707050388509,31,0.9176084466041481,0.9176084466041481,362,31,0.8429319371727748,1.0,True,True,True
huntingtonamitaitanchuma2,Huntington Amitai Tanchuma 2,380_52bbf_default.jpg,380_52bbf_default,ashkenazy,ashkenazy,,,,,gt,datasets/huntingtonamitaitanchuma2/gt/380_52bbf_default.txt,,0,0,,,,0,,,0,0,0.0,0.0,False,False,False
huntingtonamitaitanchuma2,Huntington Amitai Tanchuma 2,380_52bbf_default.jpg,380_52bbf_default,biblia9,biblia9,,,,,gt,datasets/huntingtonamitaitanchuma2/gt/380_52bbf_default.txt,,0,0,,,,0,,,0,0,0.0,0.0,False,False,False
huntingtonamitaitanchuma2,Huntington Amitai Tanchuma 2,380_52bbf_default.jpg,380_52bbf_default,italian_7,italian 7,,,,,gt,datasets/huntingtonamitaitanchuma2/gt/380_52bbf_default.txt,,0,0,,,,0,,,0,0,0.0,0.0,False,False,False
huntingtonamitaitanchuma2,Huntington Amitai Tanchuma 2,380_52bbf_default.jpg,380_52bbf_default,prenumeranten,prenumeranten,,,,,gt,datasets/huntingtonamitaitanchuma2/gt/380_52bbf_default.txt,,0,0,,,,0,,,0,0,0.0,0.0,False,False,False
huntingtonamitaitanchuma2,Huntington Amitai Tanchuma 2,380_52bbf_default.jpg,380_52bbf_default,sephardi,sephardi,,,,,gt,datasets/huntingtonamitaitanchuma2/gt/380_52bbf_default.txt,,0,0,,,,0,,,0,0,0.0,0.0,False,False,False
huntingtonamitaitanchuma2,Huntington Amitai Tanchuma 2,380_52bbf_default.jpg,380_52bbf_default,sinai_no_voc_61,sinai no voc 61,,,,,gt,datasets/huntingtonamitaitanchuma2/gt/380_52bbf_default.txt,,0,0,,,,0,,,0,0,0.0,0.0,False,False,False
huntingtonamitaitanchuma2,Huntington Amitai Tanchuma 2,380_52bbf_default.jpg,380_52bbf_default,vat44,vat44,,,,,gt,datasets/huntingtonamitaitanchuma2/gt/380_52bbf_default.txt,,0,0,,,,0,,,0,0,0.0,0.0,False,False,False
matteozzmsoxfordhuntington2,Matteo Zz MS Oxford Huntington 2,33_0f89b_default.jpg,33_0f89b_default,ashkenazy,ashkenazy,99999.0,0.6172106824925816,0.2257033248081841,367.0,gt,datasets/matteozzmsoxfordhuntington2/gt/33_0f89b_default.txt,analysis_results/full_run_20260613/predictions/matteozzmsoxfordhuntington2/ashkenazy__33_0f89b_default.xml,1581,1391,71.8900071890726,63.25047438330171,67.29407806191116,32,0.9272468584505048,0.9272468584505048,303,33,0.8798228969006958,0.9696969696969697,False,False,False
matteozzmsoxfordhuntington2,Matteo Zz MS Oxford Huntington 2,33_0f89b_default.jpg,33_0f89b_default,biblia9,biblia9,99999.0,0.7655786350148368,0.3280051150895141,527.0,gt,datasets/matteozzmsoxfordhuntington2/gt/33_0f89b_default.txt,analysis_results/full_run_20260613/predictions/matteozzmsoxfordhuntington2/biblia9__33_0f89b_default.xml,1581,1392,71.83836206896552,63.25047438330171,67.27144298688194,32,0.9483705847116024,0.9483705847116024,314,33,0.8804554079696395,0.9696969696969697,False,False,False
matteozzmsoxfordhuntington2,Matteo Zz MS Oxford Huntington 2,33_0f89b_default.jpg,33_0f89b_default,italian_7,italian 7,99999.0,0.5192878338278932,0.1675191815856777,278.0,gt,datasets/matteozzmsoxfordhuntington2/gt/33_0f89b_default.txt,analysis_results/full_run_20260613/predictions/matteozzmsoxfordhuntington2/italian_7__33_0f89b_default.xml,1581,1471,67.98028552005438,63.25047438330171,65.53014416775885,32,0.945700293779264,0.945700293779264,321,33,0.9304237824161923,0.9696969696969697,False,False,False
matteozzmsoxfordhuntington2,Matteo Zz MS Oxford Huntington 2,33_0f89b_default.jpg,33_0f89b_default,prenumeranten,prenumeranten,99999.0,0.9940652818991098,0.6547314578005116,1029.0,gt,datasets/matteozzmsoxfordhuntington2/gt/33_0f89b_default.txt,analysis_results/full_run_20260613/predictions/matteozzmsoxfordhuntington2/prenumeranten__33_0f89b_default.xml,1581,1160,86.20603448275862,63.25047438330171,72.96534111638088,32,0.4743015219960993,0.4743015219960993,312,33,0.7337128399746996,0.9696969696969697,False,False,False
matteozzmsoxfordhuntington2,Matteo Zz MS Oxford Huntington 2,33_0f89b_default.jpg,33_0f89b_default,sephardi,sephardi,99999.0,0.5548961424332344,0.1924552429667519,318.0,gt,datasets/matteozzmsoxfordhuntington2/gt/33_0f89b_default.txt,analysis_results/full_run_20260613/predictions/matteozzmsoxfordhuntington2/sephardi__33_0f89b_default.xml,1581,1431,69.88050314465409,63.25047438330171,66.4003984063745,32,0.946279074247613,0.946279074247613,328,33,0.905123339658444,0.9696969696969697,False,False,False
matteozzmsoxfordhuntington2,Matteo Zz MS Oxford Huntington 2,33_0f89b_default.jpg,33_0f89b_default,sinai_no_voc_61,sinai no voc 61,99999.0,0.8130563798219584,0.3714833759590792,594.0,gt,datasets/matteozzmsoxfordhuntington2/gt/33_0f89b_default.txt,analysis_results/full_run_20260613/predictions/matteozzmsoxfordhuntington2/sinai_no_voc_61__33_0f89b_default.xml,1581,1296,77.15972222222223,63.25047438330171,69.51616266944734,32,0.901108752979844,0.901108752979844,287,33,0.8197343453510436,0.9696969696969697,False,False,False
matteozzmsoxfordhuntington2,Matteo Zz MS Oxford Huntington 2,33_0f89b_default.jpg,33_0f89b_default,vat44,vat44,99999.0,0.7240356083086054,0.2845268542199488,462.0,gt,datasets/matteozzmsoxfordhuntington2/gt/33_0f89b_default.txt,analysis_results/full_run_20260613/predictions/matteozzmsoxfordhuntington2/vat44__33_0f89b_default.xml,1581,1341,74.57046979865771,63.25047438330171,68.44558521560575,32,0.9188937675720752,0.9188937675720752,273,33,0.8481973434535104,0.9696969696969697,False,False,False
matteozzmsoxfordhuntington2,Matteo Zz MS Oxford Huntington 2,34_730bf_default.jpg,34_730bf_default,ashkenazy,ashkenazy,102390.5534722805,0.7476340694006309,0.2926670992861778,471.0,gt,datasets/matteozzmsoxfordhuntington2/gt/34_730bf_default.txt,analysis_results/full_run_20260613/predictions/matteozzmsoxfordhuntington2/ashkenazy__34_730bf_default.xml,1563,1360,75.28717167079449,65.50899134502912,70.05853812677421,31,0.9026304429593605,0.9026304429593605,299,29,0.8701215611004478,1.0689655172413792,False,False,False
matteozzmsoxfordhuntington2,Matteo Zz MS Oxford Huntington 2,34_730bf_default.jpg,34_730bf_default,biblia9,biblia9,102508.31537365912,0.8706624605678234,0.3835171966255678,611.0,gt,datasets/matteozzmsoxfordhuntington2/gt/34_730bf_default.txt,analysis_results/full_run_20260613/predictions/matteozzmsoxfordhuntington2/biblia9__34_730bf_default.xml,1563,1399,73.27256281176491,65.5843348519892,69.2156079498036,31,0.9386539313602876,0.9386539313602876,314,29,0.8950735764555342,1.0689655172413792,False,False,False
matteozzmsoxfordhuntington2,Matteo Zz MS Oxford Huntington 2,34_730bf_default.jpg,34_730bf_default,italian_7,italian 7,102313.48242919148,0.5741324921135647,0.1752109020116807,285.0,gt,datasets/matteozzmsoxfordhuntington2/gt/34_730bf_default.txt,analysis_results/full_run_20260613/predictions/matteozzmsoxfordhuntington2/italian_7__34_730bf_default.xml,1563,1488,68.7590607723061,65.45968165655245,67.06881837377351,31,0.9408986048455781,0.9408986048455781,315,29,0.9520153550863724,1.0689655172413792,False,False,False
matteozzmsoxfordhuntington2,Matteo Zz MS Oxford Huntington 2,34_730bf_default.jpg,34_730bf_default,prenumeranten,prenumeranten,102304.4307453744,0.9936908517350158,0.6761842959117457,1041.0,gt,datasets/matteozzmsoxfordhuntington2/gt/34_730bf_default.txt,analysis_results/full_run_20260613/predictions/matteozzmsoxfordhuntington2/prenumeranten__34_730bf_default.xml,1563,1138,89.8984452947051,65.45389043210135,75.75300314355749,31,0.4786210008830061,0.4786210008830061,285,29,0.72808701215611,1.0689655172413792,False,False,False
matteozzmsoxfordhuntington2,Matteo Zz MS Oxford Huntington 2,34_730bf_default.jpg,34_730bf_default,sephardi,sephardi,102315.62662617816,0.6529968454258676,0.2167423750811161,355.0,gt,datasets/matteozzmsoxfordhuntington2/gt/34_730bf_default.txt,analysis_results/full_run_20260613/predictions/matteozzmsoxfordhuntington2/sephardi__34_730bf_default.xml,1563,1445,70.80666202503679,65.46105350363285,68.02900706527802,31,0.9371693180205164,0.9371693180205164,321,29,0.9245041586692259,1.0689655172413792,False,False,False
matteozzmsoxfordhuntington2,Matteo Zz MS Oxford Huntington 2,34_730bf_default.jpg,34_730bf_default,sinai_no_voc_61,sinai no voc 61,102170.87843062507,0.8769716088328076,0.4010382868267358,635.0,gt,datasets/matteozzmsoxfordhuntington2/gt/34_730bf_default.txt,analysis_results/full_run_20260613/predictions/matteozzmsoxfordhuntington2/sinai_no_voc_61__34_730bf_default.xml,1563,1249,81.80214446006812,65.36844429342615,72.66776559788413,31,0.8939295750150225,0.8939295750150225,267,29,0.7991042866282789,1.0689655172413792,False,False,False
matteozzmsoxfordhuntington2,Matteo Zz MS Oxford Huntington 2,34_730bf_default.jpg,34_730bf_default,vat44,vat44,102471.95959475543,0.804416403785489,0.3264114211550941,522.0,gt,datasets/matteozzmsoxfordhuntington2/gt/34_730bf_default.txt,analysis_results/full_run_20260613/predictions/matteozzmsoxfordhuntington2/vat44__34_730bf_default.xml,1563,1385,73.98697443664652,65.56107459677251,69.51964694352472,31,0.915138278657188,0.915138278657188,270,29,0.8861164427383237,1.0689655172413792,False,False,False
matteozzmsoxfordhuntington2,Matteo Zz MS Oxford Huntington 2,35_38155_default.jpg,35_38155_default,ashkenazy,ashkenazy,4242.7318352579605,0.7419354838709677,0.2940350877192982,440.0,gt,datasets/matteozzmsoxfordhuntington2/gt/35_38155_default.txt,analysis_results/full_run_20260613/predictions/matteozzmsoxfordhuntington2/ashkenazy__35_38155_default.xml,1450,1267,3.3486439110165436,2.9260219553503175,3.123100357201296,29,0.9131811636100428,0.9131811636100428,252,30,0.8737931034482759,0.9666666666666667,True,True,True
matteozzmsoxfordhuntington2,Matteo Zz MS Oxford Huntington 2,35_38155_default.jpg,35_38155_default,biblia9,biblia9,4428.301898360252,0.8602150537634409,0.3614035087719298,538.0,gt,datasets/matteozzmsoxfordhuntington2/gt/35_38155_default.txt,analysis_results/full_run_20260613/predictions/matteozzmsoxfordhuntington2/biblia9__35_38155_default.xml,1450,1315,3.36752996073023,3.0540013092139673,3.2031116805499114,29,0.9455608025741179,0.9455608025741179,282,30,0.906896551724138,0.9666666666666667,True,True,True
matteozzmsoxfordhuntington2,Matteo Zz MS Oxford Huntington 2,35_38155_default.jpg,35_38155_default,italian_7,italian 7,4215.841035622405,0.6164874551971327,0.1950877192982456,299.0,gt,datasets/matteozzmsoxfordhuntington2/gt/35_38155_default.txt,analysis_results/full_run_20260613/predictions/matteozzmsoxfordhuntington2/italian_7__35_38155_default.xml,1450,1389,3.035162732629521,2.9074765762913137,2.9699478940629835,29,0.9458809622794259,0.9458809622794259,275,30,0.9579310344827586,0.9666666666666667,True,True,True
matteozzmsoxfordhuntington2,Matteo Zz MS Oxford Huntington 2,35_38155_default.jpg,35_38155_default,prenumeranten,prenumeranten,4190.611880421639,1.0,0.671578947368421,977.0,gt,datasets/matteozzmsoxfordhuntington2/gt/35_38155_default.txt,analysis_results/full_run_20260613/predictions/matteozzmsoxfordhuntington2/prenumeranten__35_38155_default.xml,1450,1104,3.7958440945848184,2.8900771589114753,3.2816067975110723,29,0.47358900896934597,0.47358900896934597,287,30,0.7613793103448275,0.9666666666666667,True,False,False
matteozzmsoxfordhuntington2,Matteo Zz MS Oxford Huntington 2,35_38155_default.jpg,35_38155_default,sephardi,sephardi,4306.0519463941455,0.6451612903225806,0.2301754385964912,345.0,gt,datasets/matteozzmsoxfordhuntington2/gt/35_38155_default.txt,analysis_results/full_run_20260613/predictions/matteozzmsoxfordhuntington2/sephardi__35_38155_default.xml,1450,1360,3.1662146664662836,2.969690997513204,3.064805655796545,29,0.9355854357598296,0.9355854357598296,298,30,0.9379310344827586,0.9666666666666667,True,True,True
matteozzmsoxfordhuntington2,Matteo Zz MS Oxford Huntington 2,35_38155_default.jpg,35_38155_default,sinai_no_voc_61,sinai no voc 61,4194.439139738184,0.8602150537634409,0.3887719298245614,576.0,gt,datasets/matteozzmsoxfordhuntington2/gt/35_38155_default.txt,analysis_results/full_run_20260613/predictions/matteozzmsoxfordhuntington2/sinai_no_voc_61__35_38155_default.xml,1450,1208,3.4722178309090928,2.8927166480952993,3.1560866363718465,29,0.9006064817254571,0.9006064817254571,244,30,0.833103448275862,0.9666666666666667,True,True,True
matteozzmsoxfordhuntington2,Matteo Zz MS Oxford Huntington 2,35_38155_default.jpg,35_38155_default,vat44,vat44,4372.3239116072655,0.7885304659498208,0.3129824561403508,468.0,gt,datasets/matteozzmsoxfordhuntington2/gt/35_38155_default.txt,analysis_results/full_run_20260613/predictions/matteozzmsoxfordhuntington2/vat44__35_38155_default.xml,1450,1289,3.3920278600521843,3.015395801108459,3.192642505737324,29,0.9203472844766941,0.9203472844766941,238,30,0.8889655172413793,0.9666666666666667,True,True,True
midrashhagadoldvarim,Midrash Hagadol Dvarim,0005_FL73982299.jpg,0005_FL73982299,ashkenazy,ashkenazy,6942.24047495336,0.99,0.7361486486486486,2162.0,gt,datasets/midrashhagadoldvarim/gt/0005_FL73982299.txt,analysis_results/full_run_20260613/predictions/midrashhagadoldvarim/ashkenazy__0005_FL73982299.xml,2936,2906,2.3889334050080384,2.3645233225317983,2.3766656881045396,48,0.9461484831622514,0.9461484831622514,607,48,0.9897820163487738,1.0,True,True,True
midrashhagadoldvarim,Midrash Hagadol Dvarim,0005_FL73982299.jpg,0005_FL73982299,biblia9,biblia9,7827.557750201435,0.9866666666666668,0.7391891891891892,2176.0,gt,datasets/midrashhagadoldvarim/gt/0005_FL73982299.txt,analysis_results/full_run_20260613/predictions/midrashhagadoldvarim/biblia9__0005_FL73982299.xml,2936,2924,2.6770033345422144,2.6660619040195623,2.6715214164510015,48,0.9633144962444016,0.9633144962444016,587,48,0.9959128065395095,1.0,True,True,True
midrashhagadoldvarim,Midrash Hagadol Dvarim,0005_FL73982299.jpg,0005_FL73982299,italian_7,italian 7,5155.998052716102,0.9966666666666668,0.7391891891891892,2171.0,gt,datasets/midrashhagadoldvarim/gt/0005_FL73982299.txt,analysis_results/full_run_20260613/predictions/midrashhagadoldvarim/italian_7__0005_FL73982299.xml,2936,2951,1.7472036776401567,1.7561301269469014,1.7516555300547316,48,0.9632881058910862,0.9632881058910862,624,48,1.005108991825613,1.0,True,True,True
midrashhagadoldvarim,Midrash Hagadol Dvarim,0005_FL73982299.jpg,0005_FL73982299,prenumeranten,prenumeranten,9946.44578896463,1.0,0.7432432432432432,2199.0,gt,datasets/midrashhagadoldvarim/gt/0005_FL73982299.txt,analysis_results/full_run_20260613/predictions/midrashhagadoldvarim/prenumeranten__0005_FL73982299.xml,2936,2903,3.426264481214133,3.387754015314928,3.4069004243756225,48,0.6128798957802656,0.6128798957802656,608,48,0.9887602179836512,1.0,True,False,False
midrashhagadoldvarim,Midrash Hagadol Dvarim,0005_FL73982299.jpg,0005_FL73982299,sephardi,sephardi,5966.919917988161,1.0033333333333334,0.739527027027027,2167.0,gt,datasets/midrashhagadoldvarim/gt/0005_FL73982299.txt,analysis_results/full_run_20260613/predictions/midrashhagadoldvarim/sephardi__0005_FL73982299.xml,2936,2938,2.0309461940055007,2.0323296723392916,2.031637697646633,48,0.9536661502739815,0.9536661502739815,629,48,1.0006811989100817,1.0,True,True,True
midrashhagadoldvarim,Midrash Hagadol Dvarim,0005_FL73982299.jpg,0005_FL73982299,sinai_no_voc_61,sinai no voc 61,7152.843477729228,0.9883333333333332,0.7344594594594595,2161.0,gt,datasets/midrashhagadoldvarim/gt/0005_FL73982299.txt,analysis_results/full_run_20260613/predictions/midrashhagadoldvarim/sinai_no_voc_61__0005_FL73982299.xml,2936,2893,2.472465771769522,2.43625459050723,2.454226617851854,48,0.9590904559823,0.9590904559823,587,48,0.9853542234332425,1.0,True,True,True
midrashhagadoldvarim,Midrash Hagadol Dvarim,0005_FL73982299.jpg,0005_FL73982299,vat44,vat44,8035.559888584015,0.98,0.7388513513513514,2178.0,gt,datasets/midrashhagadoldvarim/gt/0005_FL73982299.txt,analysis_results/full_run_20260613/predictions/midrashhagadoldvarim/vat44__0005_FL73982299.xml,2936,2855,2.814556878663403,2.736907319000005,2.775189048034542,48,0.9377145144987099,0.9377145144987099,508,48,0.9724114441416893,1.0,True,True,True
mshuntington115,Bodleian MS Huntington 115,Bodleian-Library-MS-Huntington-115_00010_1-v.jpg,Bodleian-Library-MS-Huntington-115_00010_1-v,ashkenazy,ashkenazy,4037.1618142977823,0.9104477611940298,0.4090566037735849,542.0,gt,datasets/mshuntington115/gt/Bodleian-Library-MS-Huntington-115_00010_1-v.txt,analysis_results/full_run_20260613/predictions/mshuntington115/ashkenazy__Bodleian-Library-MS-Huntington-115_00010_1-v.xml,1325,1289,3.1320107170657736,3.046914576828515,3.0888766750556864,26,0.9317630663910038,0.9317630663910038,270,26,0.9728301886792453,1.0,True,True,True
mshuntington115,Bodleian MS Huntington 115,Bodleian-Library-MS-Huntington-115_00010_1-v.jpg,Bodleian-Library-MS-Huntington-115_00010_1-v,biblia9,biblia9,4199.799567366019,0.9626865671641792,0.4249056603773585,565.0,gt,datasets/mshuntington115/gt/Bodleian-Library-MS-Huntington-115_00010_1-v.txt,analysis_results/full_run_20260613/predictions/mshuntington115/biblia9__Bodleian-Library-MS-Huntington-115_00010_1-v.xml,1325,1317,3.188913870437372,3.1696600508422783,3.1792578102695073,26,0.956122942277156,0.956122942277156,292,26,0.9939622641509434,1.0,True,True,True
mshuntington115,Bodleian MS Huntington 115,Bodleian-Library-MS-Huntington-115_00010_1-v.jpg,Bodleian-Library-MS-Huntington-115_00010_1-v,italian_7,italian 7,101247.89299584668,0.9328358208955224,0.3856603773584905,511.0,gt,datasets/mshuntington115/gt/Bodleian-Library-MS-Huntington-115_00010_1-v.txt,analysis_results/full_run_20260613/predictions/mshuntington115/italian_7__Bodleian-Library-MS-Huntington-115_00010_1-v.xml,1325,1341,75.50178448608999,76.41350414780881,75.9549084740035,26,0.9507218497275434,0.9507218497275434,296,26,1.0120754716981133,1.0,False,False,False
mshuntington115,Bodleian MS Huntington 115,Bodleian-Library-MS-Huntington-115_00010_1-v.jpg,Bodleian-Library-MS-Huntington-115_00010_1-v,prenumeranten,prenumeranten,4336.5642469757,0.996268656716418,0.6784905660377358,903.0,gt,datasets/mshuntington115/gt/Bodleian-Library-MS-Huntington-115_00010_1-v.txt,analysis_results/full_run_20260613/predictions/mshuntington115/prenumeranten__Bodleian-Library-MS-Huntington-115_00010_1-v.xml,1325,1163,3.7287740730659507,3.272878676962793,3.4859841213631033,26,0.5865724321089802,0.5865724321089802,267,26,0.8777358490566037,1.0,True,False,False
mshuntington115,Bodleian MS Huntington 115,Bodleian-Library-MS-Huntington-115_00010_1-v.jpg,Bodleian-Library-MS-Huntington-115_00010_1-v,sephardi,sephardi,101325.07820814126,0.9626865671641792,0.4030188679245283,531.0,gt,datasets/mshuntington115/gt/Bodleian-Library-MS-Huntington-115_00010_1-v.txt,analysis_results/full_run_20260613/predictions/mshuntington115/sephardi__Bodleian-Library-MS-Huntington-115_00010_1-v.xml,1325,1349,75.11125145155023,76.47175713821981,75.78539880938015,26,0.943798242435563,0.943798242435563,306,26,1.0181132075471697,1.0,False,False,False
mshuntington115,Bodleian MS Huntington 115,Bodleian-Library-MS-Huntington-115_00010_1-v.jpg,Bodleian-Library-MS-Huntington-115_00010_1-v,sinai_no_voc_61,sinai no voc 61,101438.57638838251,0.8917910447761194,0.4437735849056604,587.0,gt,datasets/mshuntington115/gt/Bodleian-Library-MS-Huntington-115_00010_1-v.txt,analysis_results/full_run_20260613/predictions/mshuntington115/sinai_no_voc_61__Bodleian-Library-MS-Huntington-115_00010_1-v.xml,1325,1246,81.41137751876606,76.55741614217548,78.9098221613244,26,0.9302861494672552,0.9302861494672552,241,26,0.940377358490566,1.0,False,False,False
mshuntington115,Bodleian MS Huntington 115,Bodleian-Library-MS-Huntington-115_00010_1-v.jpg,Bodleian-Library-MS-Huntington-115_00010_1-v,vat44,vat44,4064.209007989615,0.8507462686567164,0.3909433962264151,517.0,gt,datasets/mshuntington115/gt/Bodleian-Library-MS-Huntington-115_00010_1-v.txt,analysis_results/full_run_20260613/predictions/mshuntington115/vat44__Bodleian-Library-MS-Huntington-115_00010_1-v.xml,1325,1283,3.1677388994463094,3.0673275531997097,3.116724699378539,26,0.923594542527773,0.923594542527773,243,26,0.9683018867924529,1.0,True,True,True
mshuntington115,Bodleian MS Huntington 115,Bodleian-Library-MS-Huntington-115_00011_2r.jpg,Bodleian-Library-MS-Huntington-115_00011_2r,ashkenazy,ashkenazy,5066.448021650314,0.8360128617363344,0.274905422446406,442.0,gt,datasets/mshuntington115/gt/Bodleian-Library-MS-Huntington-115_00011_2r.txt,analysis_results/full_run_20260613/predictions/mshuntington115/ashkenazy__Bodleian-Library-MS-Huntington-115_00011_2r.xml,1586,1566,3.2352797073118227,3.194481728657197,3.214751282773042,27,0.9416284926937606,0.9416284926937606,313,27,0.987389659520807,1.0,True,True,True
mshuntington115,Bodleian MS Huntington 115,Bodleian-Library-MS-Huntington-115_00011_2r.jpg,Bodleian-Library-MS-Huntington-115_00011_2r,biblia9,biblia9,5485.728639813664,0.9421221864951768,0.2988650693568726,474.0,gt,datasets/mshuntington115/gt/Bodleian-Library-MS-Huntington-115_00011_2r.txt,analysis_results/full_run_20260613/predictions/mshuntington115/biblia9__Bodleian-Library-MS-Huntington-115_00011_2r.xml,1586,1643,3.33884883737898,3.458845296225513,3.3977879466173206,27,0.9583626183297971,0.9583626183297971,359,27,1.0359394703656999,1.0,True,True,True
mshuntington115,Bodleian MS Huntington 115,Bodleian-Library-MS-Huntington-115_00011_2r.jpg,Bodleian-Library-MS-Huntington-115_00011_2r,italian_7,italian 7,4884.458329325542,0.7684887459807074,0.221311475409836,353.0,gt,datasets/mshuntington115/gt/Bodleian-Library-MS-Huntington-115_00011_2r.txt,analysis_results/full_run_20260613/predictions/mshuntington115/italian_7__Bodleian-Library-MS-Huntington-115_00011_2r.xml,1586,1629,2.998439735620345,3.0797341294612495,3.038543284183852,27,0.954111211014047,0.954111211014047,353,27,1.0271122320302648,1.0,True,True,True
mshuntington115,Bodleian MS Huntington 115,Bodleian-Library-MS-Huntington-115_00011_2r.jpg,Bodleian-Library-MS-Huntington-115_00011_2r,prenumeranten,prenumeranten,5737.4455606000265,1.0192926045016075,0.639344262295082,1036.0,gt,datasets/mshuntington115/gt/Bodleian-Library-MS-Huntington-115_00011_2r.txt,analysis_results/full_run_20260613/predictions/mshuntington115/prenumeranten__Bodleian-Library-MS-Huntington-115_00011_2r.xml,1586,1506,3.809724807835343,3.617557100000017,3.7111549551099783,27,0.5965748494566041,0.5965748494566041,330,27,0.9495586380832283,1.0,True,False,False
mshuntington115,Bodleian MS Huntington 115,Bodleian-Library-MS-Huntington-115_00011_2r.jpg,Bodleian-Library-MS-Huntington-115_00011_2r,sephardi,sephardi,4818.17558132764,0.8585209003215434,0.2433795712484237,392.0,gt,datasets/mshuntington115/gt/Bodleian-Library-MS-Huntington-115_00011_2r.txt,analysis_results/full_run_20260613/predictions/mshuntington115/sephardi__Bodleian-Library-MS-Huntington-115_00011_2r.xml,1586,1627,2.961386343778513,3.0379417284537453,2.999175587505534,27,0.9428433036860733,0.9428433036860733,359,27,1.0258511979823455,1.0,True,True,True
mshuntington115,Bodleian MS Huntington 115,Bodleian-Library-MS-Huntington-115_00011_2r.jpg,Bodleian-Library-MS-Huntington-115_00011_2r,sinai_no_voc_61,sinai no voc 61,4754.504121642996,0.8681672025723473,0.3045397225725094,486.0,gt,datasets/mshuntington115/gt/Bodleian-Library-MS-Huntington-115_00011_2r.txt,analysis_results/full_run_20260613/predictions/mshuntington115/sinai_no_voc_61__Bodleian-Library-MS-Huntington-115_00011_2r.xml,1586,1524,3.1197533606581342,2.997795789182217,3.057558920670737,27,0.9161265211334227,0.9161265211334227,308,27,0.9609079445145019,1.0,True,True,True
mshuntington115,Bodleian MS Huntington 115,Bodleian-Library-MS-Huntington-115_00011_2r.jpg,Bodleian-Library-MS-Huntington-115_00011_2r,vat44,vat44,5311.335363574326,0.7717041800643086,0.2597730138713745,412.0,gt,datasets/mshuntington115/gt/Bodleian-Library-MS-Huntington-115_00011_2r.txt,analysis_results/full_run_20260613/predictions/mshuntington115/vat44__Bodleian-Library-MS-Huntington-115_00011_2r.xml,1586,1584,3.3531157598322765,3.348887366692513,3.3510002293844328,27,0.9361523610737391,0.9361523610737391,307,27,0.9987389659520807,1.0,True,True,True
mshuntington115,Bodleian MS Huntington 115,Bodleian-Library-MS-Huntington-115_00012_2v.jpg,Bodleian-Library-MS-Huntington-115_00012_2v,ashkenazy,ashkenazy,5188.677917927504,0.7923976608187134,0.2569193742478941,427.0,gt,datasets/mshuntington115/gt/Bodleian-Library-MS-Huntington-115_00012_2v.txt,analysis_results/full_run_20260613/predictions/mshuntington115/ashkenazy__Bodleian-Library-MS-Huntington-115_00012_2v.xml,1663,1627,3.189107509482178,3.120070906751355,3.1542115002598807,27,0.9365163488366021,0.9365163488366021,331,27,0.9783523752254961,1.0,True,True,True
mshuntington115,Bodleian MS Huntington 115,Bodleian-Library-MS-Huntington-115_00012_2v.jpg,Bodleian-Library-MS-Huntington-115_00012_2v,biblia9,biblia9,5304.515925149131,0.8771929824561403,0.2773766546329723,460.0,gt,datasets/mshuntington115/gt/Bodleian-Library-MS-Huntington-115_00012_2v.txt,analysis_results/full_run_20260613/predictions/mshuntington115/biblia9__Bodleian-Library-MS-Huntington-115_00012_2v.xml,1663,1679,3.159330509320507,3.189726954389135,3.1744559695686005,27,0.9561997438750572,0.9561997438750572,367,27,1.009621166566446,1.0,True,True,True
mshuntington115,Bodleian MS Huntington 115,Bodleian-Library-MS-Huntington-115_00012_2v.jpg,Bodleian-Library-MS-Huntington-115_00012_2v,italian_7,italian 7,4948.376152701676,0.7456140350877193,0.2208182912154031,372.0,gt,datasets/mshuntington115/gt/Bodleian-Library-MS-Huntington-115_00012_2v.txt,analysis_results/full_run_20260613/predictions/mshuntington115/italian_7__Bodleian-Library-MS-Huntington-115_00012_2v.xml,1663,1719,2.8786365053529237,2.9755719499108095,2.926301686990938,27,0.9496391537554623,0.9496391537554623,370,27,1.0336740829825617,1.0,True,True,True
mshuntington115,Bodleian MS Huntington 115,Bodleian-Library-MS-Huntington-115_00012_2v.jpg,Bodleian-Library-MS-Huntington-115_00012_2v,prenumeranten,prenumeranten,5906.262604944408,1.0058479532163742,0.6113116726835138,1022.0,gt,datasets/mshuntington115/gt/Bodleian-Library-MS-Huntington-115_00012_2v.txt,analysis_results/full_run_20260613/predictions/mshuntington115/prenumeranten__Bodleian-Library-MS-Huntington-115_00012_2v.xml,1663,1578,3.742878710357673,3.5515710192089043,3.6447162017552657,27,0.6010389880032229,0.6010389880032229,352,27,0.9488875526157546,1.0,True,False,False
mshuntington115,Bodleian MS Huntington 115,Bodleian-Library-MS-Huntington-115_00012_2v.jpg,Bodleian-Library-MS-Huntington-115_00012_2v,sephardi,sephardi,4946.952598661184,0.7368421052631579,0.2099879663056558,350.0,gt,datasets/mshuntington115/gt/Bodleian-Library-MS-Huntington-115_00012_2v.txt,analysis_results/full_run_20260613/predictions/mshuntington115/sephardi__Bodleian-Library-MS-Huntington-115_00012_2v.xml,1663,1697,2.9151164399889122,2.9747159342520653,2.9446146420602286,27,0.9451753577538498,0.9451753577538498,381,27,1.0204449789536982,1.0,True,True,True
mshuntington115,Bodleian MS Huntington 115,Bodleian-Library-MS-Huntington-115_00012_2v.jpg,Bodleian-Library-MS-Huntington-115_00012_2v,sinai_no_voc_61,sinai no voc 61,4992.105967159732,0.7982456140350878,0.2815884476534296,468.0,gt,datasets/mshuntington115/gt/Bodleian-Library-MS-Huntington-115_00012_2v.txt,analysis_results/full_run_20260613/predictions/mshuntington115/sinai_no_voc_61__Bodleian-Library-MS-Huntington-115_00012_2v.xml,1663,1628,3.0664041567320224,3.001867689212106,3.0337927481979534,27,0.9260912477229003,0.9260912477229003,324,27,0.9789536981358989,1.0,True,True,True
mshuntington115,Bodleian MS Huntington 115,Bodleian-Library-MS-Huntington-115_00012_2v.jpg,Bodleian-Library-MS-Huntington-115_00012_2v,vat44,vat44,5157.717168515548,0.7719298245614035,0.2412755716004813,399.0,gt,datasets/mshuntington115/gt/Bodleian-Library-MS-Huntington-115_00012_2v.txt,analysis_results/full_run_20260613/predictions/mshuntington115/vat44__Bodleian-Library-MS-Huntington-115_00012_2v.xml,1663,1635,3.1545670755446777,3.1014534988067037,3.1277848202034857,27,0.931560187064202,0.931560187064202,313,27,0.9831629585087192,1.0,True,True,True
mshuntington115,Bodleian MS Huntington 115,Bodleian-Library-MS-Huntington-115_00013_3r.jpg,Bodleian-Library-MS-Huntington-115_00013_3r,ashkenazy,ashkenazy,4921.993105663918,0.817629179331307,0.2595923261390887,436.0,gt,datasets/mshuntington115/gt/Bodleian-Library-MS-Huntington-115_00013_3r.txt,analysis_results/full_run_20260613/predictions/mshuntington115/ashkenazy__Bodleian-Library-MS-Huntington-115_00013_3r.xml,1668,1633,3.0140802851585535,2.950835195242157,2.982122451174746,27,0.9261395672079665,0.9261395672079665,322,27,0.9790167865707434,1.0,True,True,True
mshuntington115,Bodleian MS Huntington 115,Bodleian-Library-MS-Huntington-115_00013_3r.jpg,Bodleian-Library-MS-Huntington-115_00013_3r,biblia9,biblia9,5469.464709959924,0.9422492401215804,0.2883693045563549,484.0,gt,datasets/mshuntington115/gt/Bodleian-Library-MS-Huntington-115_00013_3r.txt,analysis_results/full_run_20260613/predictions/mshuntington115/biblia9__Bodleian-Library-MS-Huntington-115_00013_3r.xml,1668,1709,3.200388946729037,3.279055581510746,3.2392447201420933,27,0.9508223009424223,0.9508223009424223,370,27,1.024580335731415,1.0,True,True,True
mshuntington115,Bodleian MS Huntington 115,Bodleian-Library-MS-Huntington-115_00013_3r.jpg,Bodleian-Library-MS-Huntington-115_00013_3r,italian_7,italian 7,4759.615199732361,0.8206686930091185,0.2284172661870503,385.0,gt,datasets/mshuntington115/gt/Bodleian-Library-MS-Huntington-115_00013_3r.txt,analysis_results/full_run_20260613/predictions/mshuntington115/italian_7__Bodleian-Library-MS-Huntington-115_00013_3r.xml,1668,1723,2.762399999844667,2.853486330774797,2.807204482295701,27,0.952209562791949,0.952209562791949,359,27,1.0329736211031175,1.0,True,True,True
mshuntington115,Bodleian MS Huntington 115,Bodleian-Library-MS-Huntington-115_00013_3r.jpg,Bodleian-Library-MS-Huntington-115_00013_3r,prenumeranten,prenumeranten,6057.891475519631,1.0,0.6151079136690647,1047.0,gt,datasets/mshuntington115/gt/Bodleian-Library-MS-Huntington-115_00013_3r.txt,analysis_results/full_run_20260613/predictions/mshuntington115/prenumeranten__Bodleian-Library-MS-Huntington-115_00013_3r.xml,1668,1640,3.693836265560751,3.631829421774359,3.662570420507637,27,0.5675431990478749,0.5675431990478749,333,27,0.9832134292565947,1.0,True,False,False
mshuntington115,Bodleian MS Huntington 115,Bodleian-Library-MS-Huntington-115_00013_3r.jpg,Bodleian-Library-MS-Huntington-115_00013_3r,sephardi,sephardi,4810.247229006141,0.8632218844984803,0.2332134292565947,393.0,gt,datasets/mshuntington115/gt/Bodleian-Library-MS-Huntington-115_00013_3r.txt,analysis_results/full_run_20260613/predictions/mshuntington115/sephardi__Bodleian-Library-MS-Huntington-115_00013_3r.xml,1668,1720,2.796655365701245,2.883841264392171,2.8395792379020905,27,0.9474364590129359,0.9474364590129359,379,27,1.0311750599520384,1.0,True,True,True
mshuntington115,Bodleian MS Huntington 115,Bodleian-Library-MS-Huntington-115_00013_3r.jpg,Bodleian-Library-MS-Huntington-115_00013_3r,sinai_no_voc_61,sinai no voc 61,4859.243998028338,0.8601823708206687,0.3003597122302158,502.0,gt,datasets/mshuntington115/gt/Bodleian-Library-MS-Huntington-115_00013_3r.txt,analysis_results/full_run_20260613/predictions/mshuntington115/sinai_no_voc_61__Bodleian-Library-MS-Huntington-115_00013_3r.xml,1668,1620,2.999533332116258,2.913215826156078,2.9557445243481375,27,0.921035913411796,0.921035913411796,295,27,0.9712230215827338,1.0,True,True,True
mshuntington115,Bodleian MS Huntington 115,Bodleian-Library-MS-Huntington-115_00013_3r.jpg,Bodleian-Library-MS-Huntington-115_00013_3r,vat44,vat44,5197.659305855632,0.7598784194528876,0.2338129496402877,390.0,gt,datasets/mshuntington115/gt/Bodleian-Library-MS-Huntington-115_00013_3r.txt,analysis_results/full_run_20260613/predictions/mshuntington115/vat44__Bodleian-Library-MS-Huntington-115_00013_3r.xml,1668,1674,3.10493387446573,3.1161027013522973,3.110508262032096,27,0.9330517794674107,0.9330517794674107,325,27,1.0035971223021583,1.0,True,True,True
mshuntington115,Bodleian MS Huntington 115,Bodleian-Library-MS-Huntington-115_00014_3v.jpg,Bodleian-Library-MS-Huntington-115_00014_3v,ashkenazy,ashkenazy,4808.288346379995,0.707395498392283,0.2062182741116751,323.0,gt,datasets/mshuntington115/gt/Bodleian-Library-MS-Huntington-115_00014_3v.txt,analysis_results/full_run_20260613/predictions/mshuntington115/ashkenazy__Bodleian-Library-MS-Huntington-115_00014_3v.xml,1575,1548,3.106129422726095,3.0528814897650762,3.079275277861028,27,0.9568054575494793,0.9568054575494793,293,27,0.9828571428571429,1.0,True,True,True
mshuntington115,Bodleian MS Huntington 115,Bodleian-Library-MS-Huntington-115_00014_3v.jpg,Bodleian-Library-MS-Huntington-115_00014_3v,biblia9,biblia9,4973.742786664167,0.8135048231511254,0.2411167512690355,380.0,gt,datasets/mshuntington115/gt/Bodleian-Library-MS-Huntington-115_00014_3v.txt,analysis_results/full_run_20260613/predictions/mshuntington115/biblia9__Bodleian-Library-MS-Huntington-115_00014_3v.xml,1575,1569,3.1700081495628853,3.157931928040741,3.163958515689674,27,0.962625500140683,0.962625500140683,334,27,0.9961904761904762,1.0,True,True,True
mshuntington115,Bodleian MS Huntington 115,Bodleian-Library-MS-Huntington-115_00014_3v.jpg,Bodleian-Library-MS-Huntington-115_00014_3v,italian_7,italian 7,4460.11660522819,0.684887459807074,0.1821065989847715,286.0,gt,datasets/mshuntington115/gt/Bodleian-Library-MS-Huntington-115_00014_3v.txt,analysis_results/full_run_20260613/predictions/mshuntington115/italian_7__Bodleian-Library-MS-Huntington-115_00014_3v.xml,1575,1598,2.791061705399368,2.831820066811549,2.8112931643417522,27,0.959917769486876,0.959917769486876,333,27,1.0146031746031745,1.0,True,True,True
mshuntington115,Bodleian MS Huntington 115,Bodleian-Library-MS-Huntington-115_00014_3v.jpg,Bodleian-Library-MS-Huntington-115_00014_3v,prenumeranten,prenumeranten,5706.745373922866,1.0257234726688105,0.6173857868020305,1004.0,gt,datasets/mshuntington115/gt/Bodleian-Library-MS-Huntington-115_00014_3v.txt,analysis_results/full_run_20260613/predictions/mshuntington115/prenumeranten__Bodleian-Library-MS-Huntington-115_00014_3v.xml,1575,1568,3.6395059782671337,3.623330396141502,3.631400174306628,27,0.6168520685269356,0.6168520685269356,327,27,0.9955555555555555,1.0,True,False,False
mshuntington115,Bodleian MS Huntington 115,Bodleian-Library-MS-Huntington-115_00014_3v.jpg,Bodleian-Library-MS-Huntington-115_00014_3v,sephardi,sephardi,4492.453552459832,0.7234726688102894,0.1903553299492385,303.0,gt,datasets/mshuntington115/gt/Bodleian-Library-MS-Huntington-115_00014_3v.txt,analysis_results/full_run_20260613/predictions/mshuntington115/sephardi__Bodleian-Library-MS-Huntington-115_00014_3v.xml,1575,1580,2.8433250332024254,2.8523514618792585,2.8478310950617005,27,0.9594004808254272,0.9594004808254272,340,27,1.0031746031746032,1.0,True,True,True
mshuntington115,Bodleian MS Huntington 115,Bodleian-Library-MS-Huntington-115_00014_3v.jpg,Bodleian-Library-MS-Huntington-115_00014_3v,sinai_no_voc_61,sinai no voc 61,4639.568551510572,0.8070739549839229,0.2785532994923858,438.0,gt,datasets/mshuntington115/gt/Bodleian-Library-MS-Huntington-115_00014_3v.txt,analysis_results/full_run_20260613/predictions/mshuntington115/sinai_no_voc_61__Bodleian-Library-MS-Huntington-115_00014_3v.xml,1575,1505,3.0827698016681544,2.945757810482903,3.012706851630242,27,0.9322696927589531,0.9322696927589531,288,27,0.9555555555555556,1.0,True,True,True
mshuntington115,Bodleian MS Huntington 115,Bodleian-Library-MS-Huntington-115_00014_3v.jpg,Bodleian-Library-MS-Huntington-115_00014_3v,vat44,vat44,4923.152693659067,0.797427652733119,0.2328680203045685,367.0,gt,datasets/mshuntington115/gt/Bodleian-Library-MS-Huntington-115_00014_3v.txt,analysis_results/full_run_20260613/predictions/mshuntington115/vat44__Bodleian-Library-MS-Huntington-115_00014_3v.xml,1575,1560,3.155867111319915,3.125811234069249,3.1407672686820205,27,0.9434682625517594,0.9434682625517594,298,27,0.9904761904761905,1.0,True,True,True
mshuntington115,Bodleian MS Huntington 115,Bodleian-Library-MS-Huntington-115_00015_4r.jpg,Bodleian-Library-MS-Huntington-115_00015_4r,ashkenazy,ashkenazy,5107.350040912628,0.7738095238095238,0.2515151515151515,420.0,gt,datasets/mshuntington115/gt/Bodleian-Library-MS-Huntington-115_00015_4r.txt,analysis_results/full_run_20260613/predictions/mshuntington115/ashkenazy__Bodleian-Library-MS-Huntington-115_00015_4r.xml,1651,1589,3.214191341040043,3.093488819450411,3.152685210439894,27,0.9436467369252391,0.9436467369252391,318,27,0.9624470018170805,1.0,True,True,True
mshuntington115,Bodleian MS Huntington 115,Bodleian-Library-MS-Huntington-115_00015_4r.jpg,Bodleian-Library-MS-Huntington-115_00015_4r,biblia9,biblia9,5399.436975128949,0.8273809523809523,0.2515151515151515,415.0,gt,datasets/mshuntington115/gt/Bodleian-Library-MS-Huntington-115_00015_4r.txt,analysis_results/full_run_20260613/predictions/mshuntington115/biblia9__Bodleian-Library-MS-Huntington-115_00015_4r.xml,1651,1671,3.2312609067198976,3.2704039825129914,3.250714614767579,27,0.9602869961509998,0.9602869961509998,368,27,1.0121138703815868,1.0,True,True,True
mshuntington115,Bodleian MS Huntington 115,Bodleian-Library-MS-Huntington-115_00015_4r.jpg,Bodleian-Library-MS-Huntington-115_00015_4r,italian_7,italian 7,4891.631418554112,0.7321428571428571,0.2109090909090909,345.0,gt,datasets/mshuntington115/gt/Bodleian-Library-MS-Huntington-115_00015_4r.txt,analysis_results/full_run_20260613/predictions/mshuntington115/italian_7__Bodleian-Library-MS-Huntington-115_00015_4r.xml,1651,1683,2.9064951981902034,2.962829447943133,2.9343919727379197,27,0.9555931214873091,0.9555931214873091,363,27,1.019382192610539,1.0,True,True,True
mshuntington115,Bodleian MS Huntington 115,Bodleian-Library-MS-Huntington-115_00015_4r.jpg,Bodleian-Library-MS-Huntington-115_00015_4r,prenumeranten,prenumeranten,5945.047875204007,0.9821428571428572,0.5872727272727273,1016.0,gt,datasets/mshuntington115/gt/Bodleian-Library-MS-Huntington-115_00015_4r.txt,analysis_results/full_run_20260613/predictions/mshuntington115/prenumeranten__Bodleian-Library-MS-Huntington-115_00015_4r.xml,1651,1614,3.683424953657997,3.6008769686275026,3.641683231365395,27,0.676731094345083,0.676731094345083,331,27,0.9775893397940641,1.0,True,False,False
mshuntington115,Bodleian MS Huntington 115,Bodleian-Library-MS-Huntington-115_00015_4r.jpg,Bodleian-Library-MS-Huntington-115_00015_4r,sephardi,sephardi,4797.761965855956,0.7738095238095238,0.2369696969696969,395.0,gt,datasets/mshuntington115/gt/Bodleian-Library-MS-Huntington-115_00015_4r.txt,analysis_results/full_run_20260613/predictions/mshuntington115/sephardi__Bodleian-Library-MS-Huntington-115_00015_4r.xml,1651,1663,2.885004188728777,2.9059733288043343,2.8954507941194665,27,0.9510918625114146,0.9510918625114146,365,27,1.0072683222289522,1.0,True,True,True
mshuntington115,Bodleian MS Huntington 115,Bodleian-Library-MS-Huntington-115_00015_4r.jpg,Bodleian-Library-MS-Huntington-115_00015_4r,sinai_no_voc_61,sinai no voc 61,4681.296206228435,0.8452380952380952,0.2951515151515151,485.0,gt,datasets/mshuntington115/gt/Bodleian-Library-MS-Huntington-115_00015_4r.txt,analysis_results/full_run_20260613/predictions/mshuntington115/sinai_no_voc_61__Bodleian-Library-MS-Huntington-115_00015_4r.xml,1651,1550,3.020191100792539,2.835430773003292,2.9248960988618777,27,0.9369061200739723,0.9369061200739723,305,27,0.9388249545729861,1.0,True,True,True
mshuntington115,Bodleian MS Huntington 115,Bodleian-Library-MS-Huntington-115_00015_4r.jpg,Bodleian-Library-MS-Huntington-115_00015_4r,vat44,vat44,5400.599690631032,0.7708333333333334,0.2478787878787878,406.0,gt,datasets/mshuntington115/gt/Bodleian-Library-MS-Huntington-115_00015_4r.txt,analysis_results/full_run_20260613/predictions/mshuntington115/vat44__Bodleian-Library-MS-Huntington-115_00015_4r.xml,1651,1629,3.315285261283629,3.271108231757136,3.29304859184819,27,0.9365204036117301,0.9365204036117301,318,27,0.9866747425802543,1.0,True,True,True
mshuntington115,Bodleian MS Huntington 115,Bodleian-Library-MS-Huntington-115_00016_4v.jpg,Bodleian-Library-MS-Huntington-115_00016_4v,ashkenazy,ashkenazy,4957.637857846916,0.9118541033434652,0.5006242197253433,807.0,gt,datasets/mshuntington115/gt/Bodleian-Library-MS-Huntington-115_00016_4v.txt,analysis_results/full_run_20260613/predictions/mshuntington115/ashkenazy__Bodleian-Library-MS-Huntington-115_00016_4v.xml,1605,1589,3.119973478821218,3.0888709394684835,3.10434430672944,27,0.9367971253327305,0.9367971253327305,320,27,0.990031152647975,1.0,True,True,True
mshuntington115,Bodleian MS Huntington 115,Bodleian-Library-MS-Huntington-115_00016_4v.jpg,Bodleian-Library-MS-Huntington-115_00016_4v,biblia9,biblia9,5340.251413702965,0.9696048632218844,0.5255930087390761,843.0,gt,datasets/mshuntington115/gt/Bodleian-Library-MS-Huntington-115_00016_4v.txt,analysis_results/full_run_20260613/predictions/mshuntington115/biblia9__Bodleian-Library-MS-Huntington-115_00016_4v.xml,1605,1620,3.2964514899401016,3.3272594477900093,3.311783822451451,27,0.9533818218004368,0.9533818218004368,351,27,1.0093457943925233,1.0,True,True,True
mshuntington115,Bodleian MS Huntington 115,Bodleian-Library-MS-Huntington-115_00016_4v.jpg,Bodleian-Library-MS-Huntington-115_00016_4v,italian_7,italian 7,4731.558504179295,0.9270516717325228,0.4968789013732834,799.0,gt,datasets/mshuntington115/gt/Bodleian-Library-MS-Huntington-115_00016_4v.txt,analysis_results/full_run_20260613/predictions/mshuntington115/italian_7__Bodleian-Library-MS-Huntington-115_00016_4v.xml,1605,1675,2.8248110472712207,2.9480115290836726,2.8850966488898138,27,0.9478589840765183,0.9478589840765183,353,27,1.043613707165109,1.0,True,True,True
mshuntington115,Bodleian MS Huntington 115,Bodleian-Library-MS-Huntington-115_00016_4v.jpg,Bodleian-Library-MS-Huntington-115_00016_4v,prenumeranten,prenumeranten,5613.567058959976,0.9908814589665652,0.700374531835206,1139.0,gt,datasets/mshuntington115/gt/Bodleian-Library-MS-Huntington-115_00016_4v.txt,analysis_results/full_run_20260613/predictions/mshuntington115/prenumeranten__Bodleian-Library-MS-Huntington-115_00016_4v.xml,1605,1472,3.8135645780978096,3.497549569445468,3.648727370139731,27,0.590035139983508,0.590035139983508,308,27,0.9171339563862928,1.0,True,False,False
mshuntington115,Bodleian MS Huntington 115,Bodleian-Library-MS-Huntington-115_00016_4v.jpg,Bodleian-Library-MS-Huntington-115_00016_4v,sephardi,sephardi,4733.439657267183,0.9696048632218844,0.5149812734082397,825.0,gt,datasets/mshuntington115/gt/Bodleian-Library-MS-Huntington-115_00016_4v.txt,analysis_results/full_run_20260613/predictions/mshuntington115/sephardi__Bodleian-Library-MS-Huntington-115_00016_4v.xml,1605,1664,2.8446151786461438,2.949183587082357,2.8959557401451104,27,0.9426589180156998,0.9426589180156998,368,27,1.036760124610592,1.0,True,True,True
mshuntington115,Bodleian MS Huntington 115,Bodleian-Library-MS-Huntington-115_00016_4v.jpg,Bodleian-Library-MS-Huntington-115_00016_4v,sinai_no_voc_61,sinai no voc 61,4735.195485030534,0.9148936170212766,0.5355805243445693,861.0,gt,datasets/mshuntington115/gt/Bodleian-Library-MS-Huntington-115_00016_4v.txt,analysis_results/full_run_20260613/predictions/mshuntington115/sinai_no_voc_61__Bodleian-Library-MS-Huntington-115_00016_4v.xml,1605,1547,3.0608891305950445,2.9502775607666876,3.0045656630904403,27,0.9020625914484066,0.9020625914484066,296,27,0.9638629283489096,1.0,True,True,True
mshuntington115,Bodleian MS Huntington 115,Bodleian-Library-MS-Huntington-115_00016_4v.jpg,Bodleian-Library-MS-Huntington-115_00016_4v,vat44,vat44,5285.011154856999,0.9118541033434652,0.5181023720349563,831.0,gt,datasets/mshuntington115/gt/Bodleian-Library-MS-Huntington-115_00016_4v.txt,analysis_results/full_run_20260613/predictions/mshuntington115/vat44__Bodleian-Library-MS-Huntington-115_00016_4v.xml,1605,1626,3.2503143633806886,3.2928418410323985,3.2714398977759203,27,0.9251164609508978,0.9251164609508978,323,27,1.0130841121495326,1.0,True,True,True
mshuntington115,Bodleian MS Huntington 115,Bodleian-Library-MS-Huntington-115_00017_5r.jpg,Bodleian-Library-MS-Huntington-115_00017_5r,ashkenazy,ashkenazy,104592.58716197312,0.7994011976047904,0.3101503759398496,502.0,gt,datasets/mshuntington115/gt/Bodleian-Library-MS-Huntington-115_00017_5r.txt,analysis_results/full_run_20260613/predictions/mshuntington115/ashkenazy__Bodleian-Library-MS-Huntington-115_00017_5r.xml,1599,1567,66.74702435352465,65.41124900686249,66.0723860783153,28,0.9375066299874303,0.9375066299874303,322,28,0.9799874921826142,1.0,False,False,False
mshuntington115,Bodleian MS Huntington 115,Bodleian-Library-MS-Huntington-115_00017_5r.jpg,Bodleian-Library-MS-Huntington-115_00017_5r,biblia9,biblia9,5245.713644206524,0.8922155688622755,0.3483709273182957,561.0,gt,datasets/mshuntington115/gt/Bodleian-Library-MS-Huntington-115_00017_5r.txt,analysis_results/full_run_20260613/predictions/mshuntington115/biblia9__Bodleian-Library-MS-Huntington-115_00017_5r.xml,1599,1615,3.248119903533451,3.2806214160140863,3.2642897599293863,28,0.9583320195714492,0.9583320195714492,362,28,1.010006253908693,1.0,True,True,True
mshuntington115,Bodleian MS Huntington 115,Bodleian-Library-MS-Huntington-115_00017_5r.jpg,Bodleian-Library-MS-Huntington-115_00017_5r,italian_7,italian 7,4808.557040565647,0.8203592814371258,0.3082706766917293,497.0,gt,datasets/mshuntington115/gt/Bodleian-Library-MS-Huntington-115_00017_5r.txt,analysis_results/full_run_20260613/predictions/mshuntington115/italian_7__Bodleian-Library-MS-Huntington-115_00017_5r.xml,1599,1641,2.9302602319108146,3.0072276676458083,2.968245086768918,28,0.9424067414584967,0.9424067414584967,366,28,1.026266416510319,1.0,True,True,True
mshuntington115,Bodleian MS Huntington 115,Bodleian-Library-MS-Huntington-115_00017_5r.jpg,Bodleian-Library-MS-Huntington-115_00017_5r,prenumeranten,prenumeranten,5671.642334878445,0.994011976047904,0.6453634085213033,1062.0,gt,datasets/mshuntington115/gt/Bodleian-Library-MS-Huntington-115_00017_5r.txt,analysis_results/full_run_20260613/predictions/mshuntington115/prenumeranten__Bodleian-Library-MS-Huntington-115_00017_5r.xml,1599,1506,3.7660307668515567,3.5469933301303596,3.653231777699481,28,0.6042551585680532,0.6042551585680532,330,28,0.9418386491557224,1.0,True,False,False
mshuntington115,Bodleian MS Huntington 115,Bodleian-Library-MS-Huntington-115_00017_5r.jpg,Bodleian-Library-MS-Huntington-115_00017_5r,sephardi,sephardi,4858.641372546554,0.8323353293413174,0.3045112781954887,495.0,gt,datasets/mshuntington115/gt/Bodleian-Library-MS-Huntington-115_00017_5r.txt,analysis_results/full_run_20260613/predictions/mshuntington115/sephardi__Bodleian-Library-MS-Huntington-115_00017_5r.xml,1599,1634,2.9734647322806325,3.038549951561322,3.0056550402391298,28,0.9466083984219286,0.9466083984219286,377,28,1.0218886804252658,1.0,True,True,True
mshuntington115,Bodleian MS Huntington 115,Bodleian-Library-MS-Huntington-115_00017_5r.jpg,Bodleian-Library-MS-Huntington-115_00017_5r,sinai_no_voc_61,sinai no voc 61,4576.731001853943,0.8652694610778443,0.3953634085213032,633.0,gt,datasets/mshuntington115/gt/Bodleian-Library-MS-Huntington-115_00017_5r.txt,analysis_results/full_run_20260613/predictions/mshuntington115/sinai_no_voc_61__Bodleian-Library-MS-Huntington-115_00017_5r.xml,1599,1480,3.092385812063475,2.8622457797710714,2.9728684649911936,28,0.9024103181656657,0.9024103181656657,297,28,0.9255784865540964,1.0,True,True,True
mshuntington115,Bodleian MS Huntington 115,Bodleian-Library-MS-Huntington-115_00017_5r.jpg,Bodleian-Library-MS-Huntington-115_00017_5r,vat44,vat44,5376.120152937016,0.8083832335329342,0.3114035087719298,501.0,gt,datasets/mshuntington115/gt/Bodleian-Library-MS-Huntington-115_00017_5r.txt,analysis_results/full_run_20260613/predictions/mshuntington115/vat44__Bodleian-Library-MS-Huntington-115_00017_5r.xml,1599,1614,3.3309294627862553,3.3621764558705545,3.3464800205023444,28,0.9299605262146324,0.9299605262146324,317,28,1.0093808630393997,1.0,True,True,True
mshuntington115,Bodleian MS Huntington 115,Bodleian-Library-MS-Huntington-115_00018_5v.jpg,Bodleian-Library-MS-Huntington-115_00018_5v,ashkenazy,ashkenazy,4470.1486515030265,0.7345679012345679,0.2039555006180469,327.0,gt,datasets/mshuntington115/gt/Bodleian-Library-MS-Huntington-115_00018_5v.txt,analysis_results/full_run_20260613/predictions/mshuntington115/ashkenazy__Bodleian-Library-MS-Huntington-115_00018_5v.xml,1619,1614,2.7696088299275257,2.7610553746158284,2.765325488093428,27,0.946443400715462,0.946443400715462,328,27,0.9969116738727609,1.0,True,True,True
mshuntington115,Bodleian MS Huntington 115,Bodleian-Library-MS-Huntington-115_00018_5v.jpg,Bodleian-Library-MS-Huntington-115_00018_5v,biblia9,biblia9,4997.94322322309,0.7901234567901234,0.2379480840543881,386.0,gt,datasets/mshuntington115/gt/Bodleian-Library-MS-Huntington-115_00018_5v.txt,analysis_results/full_run_20260613/predictions/mshuntington115/biblia9__Bodleian-Library-MS-Huntington-115_00018_5v.xml,1619,1629,3.0681051094064395,3.0870557277474306,3.077551245827026,27,0.9574389805571157,0.9574389805571157,347,27,1.0061766522544782,1.0,True,True,True
mshuntington115,Bodleian MS Huntington 115,Bodleian-Library-MS-Huntington-115_00018_5v.jpg,Bodleian-Library-MS-Huntington-115_00018_5v,italian_7,italian 7,4204.545972304652,0.7253086419753086,0.1829419035846724,294.0,gt,datasets/mshuntington115/gt/Bodleian-Library-MS-Huntington-115_00018_5v.txt,analysis_results/full_run_20260613/predictions/mshuntington115/italian_7__Bodleian-Library-MS-Huntington-115_00018_5v.xml,1619,1665,2.5252528362190105,2.5970018358892233,2.5606248308798127,27,0.9588018073344299,0.9588018073344299,358,27,1.0284126003705991,1.0,True,True,True
mshuntington115,Bodleian MS Huntington 115,Bodleian-Library-MS-Huntington-115_00018_5v.jpg,Bodleian-Library-MS-Huntington-115_00018_5v,prenumeranten,prenumeranten,5877.678556218627,1.030864197530864,0.5710754017305315,951.0,gt,datasets/mshuntington115/gt/Bodleian-Library-MS-Huntington-115_00018_5v.txt,analysis_results/full_run_20260613/predictions/mshuntington115/prenumeranten__Bodleian-Library-MS-Huntington-115_00018_5v.xml,1619,1660,3.5407702145895343,3.630437650536521,3.5850433401760458,27,0.6397508699681013,0.6397508699681013,342,27,1.0253242742433601,1.0,True,False,False
mshuntington115,Bodleian MS Huntington 115,Bodleian-Library-MS-Huntington-115_00018_5v.jpg,Bodleian-Library-MS-Huntington-115_00018_5v,sephardi,sephardi,4236.806945127435,0.7314814814814815,0.1909765142150803,310.0,gt,datasets/mshuntington115/gt/Bodleian-Library-MS-Huntington-115_00018_5v.txt,analysis_results/full_run_20260613/predictions/mshuntington115/sephardi__Bodleian-Library-MS-Huntington-115_00018_5v.xml,1619,1667,2.54157585190608,2.6169283169409727,2.57870173166612,27,0.9529992187278254,0.9529992187278254,371,27,1.0296479308214948,1.0,True,True,True
mshuntington115,Bodleian MS Huntington 115,Bodleian-Library-MS-Huntington-115_00018_5v.jpg,Bodleian-Library-MS-Huntington-115_00018_5v,sinai_no_voc_61,sinai no voc 61,4744.810397088528,0.7654320987654321,0.2490729295426452,404.0,gt,datasets/mshuntington115/gt/Bodleian-Library-MS-Huntington-115_00018_5v.txt,analysis_results/full_run_20260613/predictions/mshuntington115/sinai_no_voc_61__Bodleian-Library-MS-Huntington-115_00018_5v.xml,1619,1570,3.0221722274449223,2.9307043836247857,2.97573558926844,27,0.9346222335179747,0.9346222335179747,304,27,0.9697344039530574,1.0,True,True,True
mshuntington115,Bodleian MS Huntington 115,Bodleian-Library-MS-Huntington-115_00018_5v.jpg,Bodleian-Library-MS-Huntington-115_00018_5v,vat44,vat44,5068.587115752744,0.7623456790123457,0.2194066749072929,354.0,gt,datasets/mshuntington115/gt/Bodleian-Library-MS-Huntington-115_00018_5v.txt,analysis_results/full_run_20260613/predictions/mshuntington115/vat44__Bodleian-Library-MS-Huntington-115_00018_5v.xml,1619,1627,3.11529632191318,3.1306900035532697,3.1229741933165394,27,0.9439145440863398,0.9439145440863398,311,27,1.0049413218035825,1.0,True,True,True
munich229amitaitanchuma2,Munich 229 Amitai Tanchuma 2,315_a9af0_default.jpg,315_a9af0_default,ashkenazy,ashkenazy,2364.1900355815887,0.2900763358778626,0.1380530973451327,76.0,gt,datasets/munich229amitaitanchuma2/gt/315_a9af0_default.txt,analysis_results/full_run_20260613/predictions/munich229amitaitanchuma2/ashkenazy__315_a9af0_default.xml,565,605,3.907752124928246,4.184407142622281,4.041350488173656,19,0.8652836027833096,0.8652836027833096,145,19,1.0707964601769913,1.0,True,False,False
munich229amitaitanchuma2,Munich 229 Amitai Tanchuma 2,315_a9af0_default.jpg,315_a9af0_default,biblia9,biblia9,2957.138594031334,1.1145038167938932,0.7292035398230089,415.0,gt,datasets/munich229amitaitanchuma2/gt/315_a9af0_default.txt,analysis_results/full_run_20260613/predictions/munich229amitaitanchuma2/biblia9__315_a9af0_default.xml,565,815,3.628390912921882,5.233873617754574,4.285708107291788,19,0.9514865640443944,0.9514865640443944,162,19,1.4424778761061947,1.0,True,True,False
munich229amitaitanchuma2,Munich 229 Amitai Tanchuma 2,315_a9af0_default.jpg,315_a9af0_default,italian_7,italian 7,2703.300544559956,1.1526717557251909,0.6619469026548672,376.0,gt,datasets/munich229amitaitanchuma2/gt/315_a9af0_default.txt,analysis_results/full_run_20260613/predictions/munich229amitaitanchuma2/italian_7__315_a9af0_default.xml,565,837,3.2297497545519187,4.7846027337344355,3.856348851012776,19,0.9354077969878049,0.9354077969878049,177,19,1.4814159292035398,1.0,True,True,False
munich229amitaitanchuma2,Munich 229 Amitai Tanchuma 2,315_a9af0_default.jpg,315_a9af0_default,prenumeranten,prenumeranten,2531.947072080802,1.3435114503816794,0.8707964601769912,495.0,gt,datasets/munich229amitaitanchuma2/gt/315_a9af0_default.txt,analysis_results/full_run_20260613/predictions/munich229amitaitanchuma2/prenumeranten__315_a9af0_default.xml,565,681,3.717983953128931,4.481322251470447,4.064120500932266,19,0.41802760744789397,0.41802760744789397,189,19,1.2053097345132744,1.0,True,False,False
munich229amitaitanchuma2,Munich 229 Amitai Tanchuma 2,315_a9af0_default.jpg,315_a9af0_default,sephardi,sephardi,2573.931220829487,1.0305343511450382,0.6230088495575221,351.0,gt,datasets/munich229amitaitanchuma2/gt/315_a9af0_default.txt,analysis_results/full_run_20260613/predictions/munich229amitaitanchuma2/sephardi__315_a9af0_default.xml,565,812,3.169866035504294,4.555630479344225,3.73846219437834,19,0.93991270634166,0.93991270634166,170,19,1.4371681415929203,1.0,True,True,False
munich229amitaitanchuma2,Munich 229 Amitai Tanchuma 2,315_a9af0_default.jpg,315_a9af0_default,sinai_no_voc_61,sinai no voc 61,2352.268386228709,1.0229007633587786,0.6637168141592921,374.0,gt,datasets/munich229amitaitanchuma2/gt/315_a9af0_default.txt,analysis_results/full_run_20260613/predictions/munich229amitaitanchuma2/sinai_no_voc_61__315_a9af0_default.xml,565,675,3.4848420536721614,4.163306878280901,3.793981268110821,19,0.9021600340283881,0.9021600340283881,144,19,1.1946902654867257,1.0,True,True,True
munich229amitaitanchuma2,Munich 229 Amitai Tanchuma 2,315_a9af0_default.jpg,315_a9af0_default,vat44,vat44,2864.846803173423,0.9694656488549618,0.6584070796460177,381.0,gt,datasets/munich229amitaitanchuma2/gt/315_a9af0_default.txt,analysis_results/full_run_20260613/predictions/munich229amitaitanchuma2/vat44__315_a9af0_default.xml,565,804,3.563242292504257,5.07052531535119,4.185313079873517,19,0.9090711552186443,0.9090711552186443,144,19,1.4230088495575222,1.0,True,True,False
munich229amitaitanchuma2,Munich 229 Amitai Tanchuma 2,60_ad91e_default.jpg,60_ad91e_default,ashkenazy,ashkenazy,2565.296499878168,0.4695121951219512,0.1475972540045766,128.0,gt,datasets/munich229amitaitanchuma2/gt/60_ad91e_default.txt,analysis_results/full_run_20260613/predictions/munich229amitaitanchuma2/ashkenazy__60_ad91e_default.xml,874,894,2.8694591721232308,2.935121853407515,2.90191911750924,21,0.9399304551366631,0.9399304551366631,175,21,1.022883295194508,1.0,True,True,True
munich229amitaitanchuma2,Munich 229 Amitai Tanchuma 2,60_ad91e_default.jpg,60_ad91e_default,biblia9,biblia9,3282.755153596401,0.9390243902439024,0.3501144164759725,305.0,gt,datasets/munich229amitaitanchuma2/gt/60_ad91e_default.txt,analysis_results/full_run_20260613/predictions/munich229amitaitanchuma2/biblia9__60_ad91e_default.xml,874,912,3.5995122298206153,3.7560127615519465,3.6760975964125433,21,0.9499774056981787,0.9499774056981787,176,21,1.0434782608695652,1.0,True,True,True
munich229amitaitanchuma2,Munich 229 Amitai Tanchuma 2,60_ad91e_default.jpg,60_ad91e_default,italian_7,italian 7,2276.847924388945,0.5914634146341463,0.2025171624713958,177.0,gt,datasets/munich229amitaitanchuma2/gt/60_ad91e_default.txt,analysis_results/full_run_20260613/predictions/munich229amitaitanchuma2/italian_7__60_ad91e_default.xml,874,955,2.384133952239733,2.605089158339754,2.4897188894356974,21,0.9546998932038454,0.9546998932038454,187,21,1.0926773455377574,1.0,True,True,True
munich229amitaitanchuma2,Munich 229 Amitai Tanchuma 2,60_ad91e_default.jpg,60_ad91e_default,prenumeranten,prenumeranten,3419.358763217926,1.1097560975609757,0.6990846681922197,626.0,gt,datasets/munich229amitaitanchuma2/gt/60_ad91e_default.txt,analysis_results/full_run_20260613/predictions/munich229amitaitanchuma2/prenumeranten__60_ad91e_default.xml,874,910,3.7575371024372815,3.912309797732181,3.833361842172563,21,0.545167300002166,0.545167300002166,189,21,1.0411899313501145,1.0,True,False,False
munich229amitaitanchuma2,Munich 229 Amitai Tanchuma 2,60_ad91e_default.jpg,60_ad91e_default,sephardi,sephardi,2441.618003176525,0.5792682926829268,0.2013729977116704,175.0,gt,datasets/munich229amitaitanchuma2/gt/60_ad91e_default.txt,analysis_results/full_run_20260613/predictions/munich229amitaitanchuma2/sephardi__60_ad91e_default.xml,874,943,2.58920254843746,2.7936132759456807,2.6875266958464774,21,0.9496641464470725,0.9496641464470725,183,21,1.0789473684210527,1.0,True,True,True
munich229amitaitanchuma2,Munich 229 Amitai Tanchuma 2,60_ad91e_default.jpg,60_ad91e_default,sinai_no_voc_61,sinai no voc 61,2822.6942288279533,0.8719512195121951,0.3627002288329519,317.0,gt,datasets/munich229amitaitanchuma2/gt/60_ad91e_default.txt,analysis_results/full_run_20260613/predictions/munich229amitaitanchuma2/sinai_no_voc_61__60_ad91e_default.xml,874,864,3.2670072092916125,3.22962726410521,3.248209699456793,21,0.9487634898606349,0.9487634898606349,159,21,0.988558352402746,1.0,True,True,True
munich229amitaitanchuma2,Munich 229 Amitai Tanchuma 2,60_ad91e_default.jpg,60_ad91e_default,vat44,vat44,2978.87960767746,0.7439024390243902,0.2654462242562929,232.0,gt,datasets/munich229amitaitanchuma2/gt/60_ad91e_default.txt,analysis_results/full_run_20260613/predictions/munich229amitaitanchuma2/vat44__60_ad91e_default.xml,874,901,3.306192683326815,3.4083290705691764,3.3564840649886873,21,0.9326325003309848,0.9326325003309848,155,21,1.0308924485125859,1.0,True,True,True
munichstaatsbibliothektest2,Munich Staatsbibliothek test 2,145_cbccf_default.jpg,145_cbccf_default,ashkenazy,ashkenazy,2202.805610142648,0.8787878787878788,0.423728813559322,250.0,gt,datasets/munichstaatsbibliothektest2/gt/145_cbccf_default.txt,analysis_results/full_run_20260613/predictions/munichstaatsbibliothektest2/ashkenazy__145_cbccf_default.xml,590,634,3.4744567983322527,3.7335688307502513,3.59935557212851,21,0.8698398263462204,0.8698398263462204,142,21,1.0745762711864406,1.0,True,False,False
munichstaatsbibliothektest2,Munich Staatsbibliothek test 2,145_cbccf_default.jpg,145_cbccf_default,biblia9,biblia9,3084.5557896494865,1.0606060606060606,0.6966101694915254,423.0,gt,datasets/munichstaatsbibliothektest2/gt/145_cbccf_default.txt,analysis_results/full_run_20260613/predictions/munichstaatsbibliothektest2/biblia9__145_cbccf_default.xml,590,776,3.974943027898823,5.228060660422859,4.516187100511694,21,0.9321403236082615,0.9321403236082615,150,21,1.3152542372881355,1.0,True,True,False
munichstaatsbibliothektest2,Munich Staatsbibliothek test 2,145_cbccf_default.jpg,145_cbccf_default,italian_7,italian 7,2928.506695959717,1.2348484848484849,0.7966101694915254,469.0,gt,datasets/munichstaatsbibliothektest2/gt/145_cbccf_default.txt,analysis_results/full_run_20260613/predictions/munichstaatsbibliothektest2/italian_7__145_cbccf_default.xml,590,952,3.076162495756005,4.963570671118164,3.79832256285307,21,0.9361146452801359,0.9361146452801359,205,21,1.6135593220338984,1.0,True,True,False
munichstaatsbibliothektest2,Munich Staatsbibliothek test 2,145_cbccf_default.jpg,145_cbccf_default,prenumeranten,prenumeranten,2479.5034162700176,1.0,0.7457627118644068,452.0,gt,datasets/munichstaatsbibliothektest2/gt/145_cbccf_default.txt,analysis_results/full_run_20260613/predictions/munichstaatsbibliothektest2/prenumeranten__145_cbccf_default.xml,590,606,4.0915897958251115,4.202548163169522,4.14632678306023,21,0.5095730931222892,0.5095730931222892,137,21,1.0271186440677966,1.0,True,False,False
munichstaatsbibliothektest2,Munich Staatsbibliothek test 2,145_cbccf_default.jpg,145_cbccf_default,sephardi,sephardi,2691.6261440385133,1.1363636363636365,0.7237288135593221,425.0,gt,datasets/munichstaatsbibliothektest2/gt/145_cbccf_default.txt,analysis_results/full_run_20260613/predictions/munichstaatsbibliothektest2/sephardi__145_cbccf_default.xml,590,907,2.967614271266277,4.562078210234768,3.596026912543104,21,0.9223476415003282,0.9223476415003282,196,21,1.5372881355932204,1.0,True,True,False
munichstaatsbibliothektest2,Munich Staatsbibliothek test 2,145_cbccf_default.jpg,145_cbccf_default,sinai_no_voc_61,sinai no voc 61,100718.73521244526,0.9848484848484848,0.6,355.0,gt,datasets/munichstaatsbibliothektest2/gt/145_cbccf_default.txt,analysis_results/full_run_20260613/predictions/munichstaatsbibliothektest2/sinai_no_voc_61__145_cbccf_default.xml,590,456,220.87441932553784,170.70972069905977,192.57884361844216,21,0.900585583280534,0.900585583280534,96,21,0.7728813559322034,1.0,False,False,False
munichstaatsbibliothektest2,Munich Staatsbibliothek test 2,145_cbccf_default.jpg,145_cbccf_default,vat44,vat44,3028.17467713356,0.946969696969697,0.6745762711864407,411.0,gt,datasets/munichstaatsbibliothektest2/gt/145_cbccf_default.txt,analysis_results/full_run_20260613/predictions/munichstaatsbibliothektest2/vat44__145_cbccf_default.xml,590,729,4.153874728578272,5.132499452768746,4.59162195168091,21,0.8636396920019229,0.8636396920019229,97,21,1.235593220338983,1.0,True,False,False
munichstaatsbibliothektest2,Munich Staatsbibliothek test 2,146_899d5_default.jpg,146_899d5_default,ashkenazy,ashkenazy,2133.8395534455776,0.956896551724138,0.4383838383838384,217.0,gt,datasets/munichstaatsbibliothektest2/gt/146_899d5_default.txt,analysis_results/full_run_20260613/predictions/munichstaatsbibliothektest2/ashkenazy__146_899d5_default.xml,492,581,3.6727014689252626,4.337072263100768,3.9773337436077867,21,0.8569326599506839,0.8569326599506839,142,21,1.1808943089430894,1.0,True,False,False
munichstaatsbibliothektest2,Munich Staatsbibliothek test 2,146_899d5_default.jpg,146_899d5_default,biblia9,biblia9,3083.0817334651947,1.2413793103448276,0.896969696969697,454.0,gt,datasets/munichstaatsbibliothektest2/gt/146_899d5_default.txt,analysis_results/full_run_20260613/predictions/munichstaatsbibliothektest2/biblia9__146_899d5_default.xml,492,751,4.105301908741937,6.266426287530884,4.960710753765397,21,0.9213932123905175,0.9213932123905175,152,21,1.5264227642276422,1.0,True,True,False
munichstaatsbibliothektest2,Munich Staatsbibliothek test 2,146_899d5_default.jpg,146_899d5_default,italian_7,italian 7,2886.7601320296526,1.4224137931034482,0.9676767676767676,481.0,gt,datasets/munichstaatsbibliothektest2/gt/146_899d5_default.txt,analysis_results/full_run_20260613/predictions/munichstaatsbibliothektest2/italian_7__146_899d5_default.xml,492,917,3.1480481265317914,5.867398642336692,4.09760132296615,21,0.9327445068282404,0.9327445068282404,205,21,1.863821138211382,1.0,True,True,False
munichstaatsbibliothektest2,Munich Staatsbibliothek test 2,146_899d5_default.jpg,146_899d5_default,prenumeranten,prenumeranten,2346.396169871092,1.0172413793103448,0.7878787878787878,400.0,gt,datasets/munichstaatsbibliothektest2/gt/146_899d5_default.txt,analysis_results/full_run_20260613/predictions/munichstaatsbibliothektest2/prenumeranten__146_899d5_default.xml,492,547,4.289572522616256,4.769097906242057,4.516643252879869,21,0.53115781127454,0.53115781127454,124,21,1.1117886178861789,1.0,True,False,False
munichstaatsbibliothektest2,Munich Staatsbibliothek test 2,146_899d5_default.jpg,146_899d5_default,sephardi,sephardi,2769.804094865918,1.3017241379310345,0.8949494949494949,445.0,gt,datasets/munichstaatsbibliothektest2/gt/146_899d5_default.txt,analysis_results/full_run_20260613/predictions/munichstaatsbibliothektest2/sephardi__146_899d5_default.xml,492,872,3.176380842736145,5.629683119646175,4.0612963267828714,21,0.927764051583814,0.927764051583814,193,21,1.7723577235772359,1.0,True,True,False
munichstaatsbibliothektest2,Munich Staatsbibliothek test 2,146_899d5_default.jpg,146_899d5_default,sinai_no_voc_61,sinai no voc 61,100041.62174415588,0.956896551724138,0.6141414141414141,301.0,gt,datasets/munichstaatsbibliothektest2/gt/146_899d5_default.txt,analysis_results/full_run_20260613/predictions/munichstaatsbibliothektest2/sinai_no_voc_61__146_899d5_default.xml,492,313,319.6217947097632,203.33662956129245,248.5506130289587,21,0.9081863184681634,0.9081863184681634,73,21,0.6361788617886179,1.0,False,False,False
munichstaatsbibliothektest2,Munich Staatsbibliothek test 2,146_899d5_default.jpg,146_899d5_default,vat44,vat44,2877.4964541196823,0.8706896551724138,0.7636363636363637,387.0,gt,datasets/munichstaatsbibliothektest2/gt/146_899d5_default.txt,analysis_results/full_run_20260613/predictions/munichstaatsbibliothektest2/vat44__146_899d5_default.xml,492,705,4.081555254070471,5.848570028698541,4.807847041135643,21,0.8643424275566655,0.8643424275566655,101,21,1.4329268292682926,1.0,True,False,False
neubauer147amitaitanchuma2,Neubauer 147 Amitai Tanchuma 2,362_6a32d_default.jpg,362_6a32d_default,ashkenazy,ashkenazy,8185.890625879168,0.7462932454695222,0.2620117525060491,786.0,gt,datasets/neubauer147amitaitanchuma2/gt/362_6a32d_default.txt,analysis_results/full_run_20260613/predictions/neubauer147amitaitanchuma2/ashkenazy__362_6a32d_default.xml,2924,2669,3.0670253375343455,2.799552197633094,2.927191355579892,31,0.9319712974383931,0.9319712974383931,504,31,0.9127906976744186,1.0,True,True,True
neubauer147amitaitanchuma2,Neubauer 147 Amitai Tanchuma 2,362_6a32d_default.jpg,362_6a32d_default,biblia9,biblia9,8550.860132873058,0.943986820428336,0.4866920152091255,1433.0,gt,datasets/neubauer147amitaitanchuma2/gt/362_6a32d_default.txt,analysis_results/full_run_20260613/predictions/neubauer147amitaitanchuma2/biblia9__362_6a32d_default.xml,2924,2266,3.7735481610207673,2.9243707704764224,3.2951291456158223,31,0.9283388043155514,0.9283388043155514,324,31,0.7749658002735978,1.0,True,True,True
neubauer147amitaitanchuma2,Neubauer 147 Amitai Tanchuma 2,362_6a32d_default.jpg,362_6a32d_default,italian_7,italian 7,7994.370852235705,0.7232289950576606,0.2253715865883166,684.0,gt,datasets/neubauer147amitaitanchuma2/gt/362_6a32d_default.txt,analysis_results/full_run_20260613/predictions/neubauer147amitaitanchuma2/italian_7__362_6a32d_default.xml,2924,2703,2.9575918802203867,2.734052959040939,2.8414326825078033,31,0.9345991646138577,0.9345991646138577,517,31,0.9244186046511628,1.0,True,True,True
neubauer147amitaitanchuma2,Neubauer 147 Amitai Tanchuma 2,362_6a32d_default.jpg,362_6a32d_default,prenumeranten,prenumeranten,8032.960811809637,0.9950576606260296,0.6453508468717594,1894.0,gt,datasets/neubauer147amitaitanchuma2/gt/362_6a32d_default.txt,analysis_results/full_run_20260613/predictions/neubauer147amitaitanchuma2/prenumeranten__362_6a32d_default.xml,2924,2114,3.799886855160661,2.7472506196339386,3.1889483175107727,31,0.6601514726274802,0.6601514726274802,287,31,0.7229822161422709,1.0,True,False,False
neubauer147amitaitanchuma2,Neubauer 147 Amitai Tanchuma 2,362_6a32d_default.jpg,362_6a32d_default,sephardi,sephardi,8086.164154320955,0.7413509060955519,0.2461113031455236,751.0,gt,datasets/neubauer147amitaitanchuma2/gt/362_6a32d_default.txt,analysis_results/full_run_20260613/predictions/neubauer147amitaitanchuma2/sephardi__362_6a32d_default.xml,2924,2691,3.004891919108493,2.765446017209629,2.880200945439343,31,0.9368253524969287,0.9368253524969287,537,31,0.9203146374829001,1.0,True,True,True
neubauer147amitaitanchuma2,Neubauer 147 Amitai Tanchuma 2,362_6a32d_default.jpg,362_6a32d_default,sinai_no_voc_61,sinai no voc 61,7693.043323348276,0.9621087314662272,0.4244728655375043,1256.0,gt,datasets/neubauer147amitaitanchuma2/gt/362_6a32d_default.txt,analysis_results/full_run_20260613/predictions/neubauer147amitaitanchuma2/sinai_no_voc_61__362_6a32d_default.xml,2924,2223,3.4606582651139344,2.6309997685869617,2.9893309979981644,31,0.9331831666847976,0.9331831666847976,294,31,0.7602599179206566,1.0,True,True,True
neubauer147amitaitanchuma2,Neubauer 147 Amitai Tanchuma 2,362_6a32d_default.jpg,362_6a32d_default,vat44,vat44,8668.043511152267,0.970345963756178,0.3937089526443139,1166.0,gt,datasets/neubauer147amitaitanchuma2/gt/362_6a32d_default.txt,analysis_results/full_run_20260613/predictions/neubauer147amitaitanchuma2/vat44__362_6a32d_default.xml,2924,2316,3.7426785454025335,2.9644471652367534,3.308413553874911,31,0.9206950759142056,0.9206950759142056,249,31,0.7920656634746922,1.0,True,True,True
neubauer147amitaitanchuma2,Neubauer 147 Amitai Tanchuma 2,791_bedca_default.jpg,791_bedca_default,ashkenazy,ashkenazy,9295.889892876148,0.7876506024096386,0.2911802853437095,918.0,gt,datasets/neubauer147amitaitanchuma2/gt/791_bedca_default.txt,analysis_results/full_run_20260613/predictions/neubauer147amitaitanchuma2/ashkenazy__791_bedca_default.xml,3107,2887,3.219913367813006,2.9919182146366747,3.1017316959880374,33,0.9310643012672023,0.9310643012672023,597,33,0.9291921467653685,1.0,True,True,True
neubauer147amitaitanchuma2,Neubauer 147 Amitai Tanchuma 2,791_bedca_default.jpg,791_bedca_default,biblia9,biblia9,8975.739226579666,0.9503012048192772,0.4675745784695201,1466.0,gt,datasets/neubauer147amitaitanchuma2/gt/791_bedca_default.txt,analysis_results/full_run_20260613/predictions/neubauer147amitaitanchuma2/biblia9__791_bedca_default.xml,3107,2472,3.6309624702992176,2.888876481036262,3.217687480401386,33,0.9472526287618469,0.9472526287618469,363,33,0.7956227872545865,1.0,True,True,True
neubauer147amitaitanchuma2,Neubauer 147 Amitai Tanchuma 2,791_bedca_default.jpg,791_bedca_default,italian_7,italian 7,8907.264254442416,0.7650602409638554,0.2639429312581063,836.0,gt,datasets/neubauer147amitaitanchuma2/gt/791_bedca_default.txt,analysis_results/full_run_20260613/predictions/neubauer147amitaitanchuma2/italian_7__791_bedca_default.xml,3107,2897,3.07465110612441,2.8668375456847173,2.9671100114731566,33,0.9438681813237403,0.9438681813237403,603,33,0.9324106855487608,1.0,True,True,True
neubauer147amitaitanchuma2,Neubauer 147 Amitai Tanchuma 2,791_bedca_default.jpg,791_bedca_default,prenumeranten,prenumeranten,8861.903039216995,0.9879518072289156,0.561284046692607,1745.0,gt,datasets/neubauer147amitaitanchuma2/gt/791_bedca_default.txt,analysis_results/full_run_20260613/predictions/neubauer147amitaitanchuma2/prenumeranten__791_bedca_default.xml,3107,2398,3.6955392156868205,2.8522378626382348,3.2195833021678455,33,0.738622122644909,0.738622122644909,312,33,0.7718056002574831,1.0,True,False,False
neubauer147amitaitanchuma2,Neubauer 147 Amitai Tanchuma 2,791_bedca_default.jpg,791_bedca_default,sephardi,sephardi,8877.73078095913,0.7530120481927711,0.2691309987029831,866.0,gt,datasets/neubauer147amitaitanchuma2/gt/791_bedca_default.txt,analysis_results/full_run_20260613/predictions/neubauer147amitaitanchuma2/sephardi__791_bedca_default.xml,3107,2945,3.014509603042149,2.857332082703292,2.933817178109428,33,0.9405329455759535,0.9405329455759535,628,33,0.9478596717090441,1.0,True,True,True
neubauer147amitaitanchuma2,Neubauer 147 Amitai Tanchuma 2,791_bedca_default.jpg,791_bedca_default,sinai_no_voc_61,sinai no voc 61,8480.017271470279,0.8975903614457831,0.3553826199740597,1113.0,gt,datasets/neubauer147amitaitanchuma2/gt/791_bedca_default.txt,analysis_results/full_run_20260613/predictions/neubauer147amitaitanchuma2/sinai_no_voc_61__791_bedca_default.xml,3107,2489,3.4069976984613413,2.729326447206398,3.03074241296293,33,0.9470826424644668,0.9470826424644668,348,33,0.8010943031863534,1.0,True,True,True
neubauer147amitaitanchuma2,Neubauer 147 Amitai Tanchuma 2,791_bedca_default.jpg,791_bedca_default,vat44,vat44,9246.137481294572,0.9578313253012049,0.4088845654993515,1283.0,gt,datasets/neubauer147amitaitanchuma2/gt/791_bedca_default.txt,analysis_results/full_run_20260613/predictions/neubauer147amitaitanchuma2/vat44__791_bedca_default.xml,3107,2457,3.763181718068609,2.975905208012415,3.3235576855839586,33,0.9268862000183604,0.9268862000183604,300,33,0.7907949790794979,1.0,True,True,True
oppaddfol3test2,Oppenheim Add. Fol. 3 test 2,435_a56d4_default.jpg,435_a56d4_default,ashkenazy,ashkenazy,7897.305419976357,0.7448630136986302,0.2582194311045437,746.0,gt,datasets/oppaddfol3test2/gt/435_a56d4_default.txt,analysis_results/full_run_20260613/predictions/oppaddfol3test2/ashkenazy__435_a56d4_default.xml,2759,2496,3.1639845432597586,2.8623796375412676,3.0056347935209735,31,0.933780652689847,0.933780652689847,505,31,0.9046756071040232,1.0,True,True,True
oppaddfol3test2,Oppenheim Add. Fol. 3 test 2,435_a56d4_default.jpg,435_a56d4_default,biblia9,biblia9,8126.507364884019,0.9503424657534246,0.4946435168082748,1384.0,gt,datasets/oppaddfol3test2/gt/435_a56d4_default.txt,analysis_results/full_run_20260613/predictions/oppaddfol3test2/biblia9__435_a56d4_default.xml,2759,2170,3.744934269531806,2.9454539198564764,3.297426400845615,31,0.9294469405577501,0.9294469405577501,366,31,0.7865168539325843,1.0,True,True,True
oppaddfol3test2,Oppenheim Add. Fol. 3 test 2,435_a56d4_default.jpg,435_a56d4_default,italian_7,italian 7,7461.865093255416,0.6472602739726028,0.2116734392316217,622.0,gt,datasets/oppaddfol3test2/gt/435_a56d4_default.txt,analysis_results/full_run_20260613/predictions/oppaddfol3test2/italian_7__435_a56d4_default.xml,2759,2554,2.921638642621541,2.7045542200998245,2.80890837314339,31,0.9338981700464281,0.9338981700464281,517,31,0.9256977165639725,1.0,True,True,True
oppaddfol3test2,Oppenheim Add. Fol. 3 test 2,435_a56d4_default.jpg,435_a56d4_default,prenumeranten,prenumeranten,7569.428811350372,0.9811643835616438,0.5973402290358331,1660.0,gt,datasets/oppaddfol3test2/gt/435_a56d4_default.txt,analysis_results/full_run_20260613/predictions/oppaddfol3test2/prenumeranten__435_a56d4_default.xml,2759,2057,3.679838994336593,2.7435407072672606,3.1434505030524797,31,0.6571306033950555,0.6571306033950555,323,31,0.7455599855019934,1.0,True,False,False
oppaddfol3test2,Oppenheim Add. Fol. 3 test 2,435_a56d4_default.jpg,435_a56d4_default,sephardi,sephardi,7368.745882997289,0.678082191780822,0.2094569634281492,623.0,gt,datasets/oppaddfol3test2/gt/435_a56d4_default.txt,analysis_results/full_run_20260613/predictions/oppaddfol3test2/sephardi__435_a56d4_default.xml,2759,2574,2.862760638305085,2.6708031471537836,2.7634524219003525,31,0.9398884548666063,0.9398884548666063,543,31,0.932946719826024,1.0,True,True,True
oppaddfol3test2,Oppenheim Add. Fol. 3 test 2,435_a56d4_default.jpg,435_a56d4_default,sinai_no_voc_61,sinai no voc 61,7452.284225821495,0.928082191780822,0.3882526782415958,1098.0,gt,datasets/oppaddfol3test2/gt/435_a56d4_default.txt,analysis_results/full_run_20260613/predictions/oppaddfol3test2/sinai_no_voc_61__435_a56d4_default.xml,2759,2156,3.456532572273421,2.7010816331357357,3.0324656056242096,31,0.9359525155581555,0.9359525155581555,346,31,0.7814425516491482,1.0,True,True,True
oppaddfol3test2,Oppenheim Add. Fol. 3 test 2,435_a56d4_default.jpg,435_a56d4_default,vat44,vat44,8039.5875313431025,0.9246575342465754,0.3697820465459919,1047.0,gt,datasets/oppaddfol3test2/gt/435_a56d4_default.txt,analysis_results/full_run_20260613/predictions/oppaddfol3test2/vat44__435_a56d4_default.xml,2759,2193,3.6660225861117657,2.913949812012723,3.2470062727556956,31,0.9165518032406109,0.9165518032406109,292,31,0.7948532076839434,1.0,True,True,True
oppaddfol3test2,Oppenheim Add. Fol. 3 test 2,436_324b3_default.jpg,436_324b3_default,ashkenazy,ashkenazy,99999.0,0.647239263803681,0.203454231433506,645.0,gt,datasets/oppaddfol3test2/gt/436_324b3_default.txt,analysis_results/full_run_20260613/predictions/oppaddfol3test2/ashkenazy__436_324b3_default.xml,2956,2699,37.050389032975175,33.82916102841678,35.36657824933687,32,0.9266863330457662,0.9266863330457662,556,32,0.9130581867388363,1.0,False,False,False
oppaddfol3test2,Oppenheim Add. Fol. 3 test 2,436_324b3_default.jpg,436_324b3_default,biblia9,biblia9,99999.0,0.9401840490797546,0.4514680483592401,1357.0,gt,datasets/oppaddfol3test2/gt/436_324b3_default.txt,analysis_results/full_run_20260613/predictions/oppaddfol3test2/biblia9__436_324b3_default.xml,2956,2349,42.57088122605364,33.82916102841678,37.69990574929312,32,0.9349798486874212,0.9349798486874212,375,32,0.7946549391069012,1.0,False,False,False
oppaddfol3test2,Oppenheim Add. Fol. 3 test 2,436_324b3_default.jpg,436_324b3_default,italian_7,italian 7,99999.0,0.5659509202453987,0.1623488773747841,525.0,gt,datasets/oppaddfol3test2/gt/436_324b3_default.txt,analysis_results/full_run_20260613/predictions/oppaddfol3test2/italian_7__436_324b3_default.xml,2956,2736,36.54934210526316,33.82916102841678,35.136683063949405,32,0.9450501030323815,0.9450501030323815,572,32,0.925575101488498,1.0,False,False,False
oppaddfol3test2,Oppenheim Add. Fol. 3 test 2,436_324b3_default.jpg,436_324b3_default,prenumeranten,prenumeranten,99999.0,0.98159509202454,0.6027633851468048,1797.0,gt,datasets/oppaddfol3test2/gt/436_324b3_default.txt,analysis_results/full_run_20260613/predictions/oppaddfol3test2/prenumeranten__436_324b3_default.xml,2956,2207,45.309922972360674,33.82916102841678,38.73678094131319,32,0.6709144374395055,0.6709144374395055,332,32,0.746617050067659,1.0,False,False,False
oppaddfol3test2,Oppenheim Add. Fol. 3 test 2,436_324b3_default.jpg,436_324b3_default,sephardi,sephardi,99999.0,0.5552147239263804,0.1692573402417962,562.0,gt,datasets/oppaddfol3test2/gt/436_324b3_default.txt,analysis_results/full_run_20260613/predictions/oppaddfol3test2/sephardi__436_324b3_default.xml,2956,2719,36.777859507171755,33.82916102841678,35.24193832599119,32,0.9433702968104718,0.9433702968104718,582,32,0.9198240866035182,1.0,False,False,False
oppaddfol3test2,Oppenheim Add. Fol. 3 test 2,436_324b3_default.jpg,436_324b3_default,sinai_no_voc_61,sinai no voc 61,99999.0,0.8895705521472392,0.3512953367875647,1074.0,gt,datasets/oppaddfol3test2/gt/436_324b3_default.txt,analysis_results/full_run_20260613/predictions/oppaddfol3test2/sinai_no_voc_61__436_324b3_default.xml,2956,2343,42.67989756722151,33.82916102841678,37.74259294206454,32,0.9332556389208673,0.9332556389208673,370,32,0.7926251691474966,1.0,False,False,False
oppaddfol3test2,Oppenheim Add. Fol. 3 test 2,436_324b3_default.jpg,436_324b3_default,vat44,vat44,99999.0,0.941717791411043,0.3464594127806563,1061.0,gt,datasets/oppaddfol3test2/gt/436_324b3_default.txt,analysis_results/full_run_20260613/predictions/oppaddfol3test2/vat44__436_324b3_default.xml,2956,2343,42.67989756722151,33.82916102841678,37.74259294206454,32,0.9159380281347214,0.9159380281347214,293,32,0.7926251691474966,1.0,False,False,False
parma3122test2,Parma 3122 test 2,MsParm3122_F12284_0139.tif.jpg,MsParm3122_F12284_0139.tif,ashkenazy,ashkenazy,15335.95074628247,0.991386735572782,0.7555674327454124,4251.0,gt,datasets/parma3122test2/gt/MsParm3122_F12284_0139.tif.txt,analysis_results/full_run_20260613/predictions/parma3122test2/ashkenazy__MsParm3122_F12284_0139.tif.xml,5641,5666,2.7066626802475238,2.7186581716508544,2.7126471648151536,70,0.9529599953774796,0.9529599953774796,1154,70,1.0044318383265378,1.0,True,True,True
parma3122test2,Parma 3122 test 2,MsParm3122_F12284_0139.tif.jpg,MsParm3122_F12284_0139.tif,biblia9,biblia9,16049.497288280632,0.991386735572782,0.7616247995724211,4282.0,gt,datasets/parma3122test2/gt/MsParm3122_F12284_0139.tif.txt,analysis_results/full_run_20260613/predictions/parma3122test2/biblia9__MsParm3122_F12284_0139.tif.xml,5641,5736,2.798029513298576,2.8451510881546946,2.8213935639062377,70,0.9603613566515924,0.9603613566515924,1124,70,1.0168409856408438,1.0,True,True,True
parma3122test2,Parma 3122 test 2,MsParm3122_F12284_0139.tif.jpg,MsParm3122_F12284_0139.tif,italian_7,italian 7,15803.295029538218,0.9991386735572784,0.7728487439871726,4344.0,gt,datasets/parma3122test2/gt/MsParm3122_F12284_0139.tif.txt,analysis_results/full_run_20260613/predictions/parma3122test2/italian_7__MsParm3122_F12284_0139.tif.xml,5641,5886,2.6848955197992215,2.8015059438997016,2.7419614868635755,70,0.9614093233918514,0.9614093233918514,1168,70,1.043432015600071,1.0,True,True,True
parma3122test2,Parma 3122 test 2,MsParm3122_F12284_0139.tif.jpg,MsParm3122_F12284_0139.tif,prenumeranten,prenumeranten,18804.865097687813,0.9948320413436692,0.75877427400677,4294.0,gt,datasets/parma3122test2/gt/MsParm3122_F12284_0139.tif.txt,analysis_results/full_run_20260613/predictions/parma3122test2/prenumeranten__MsParm3122_F12284_0139.tif.xml,5641,5704,3.296785606186503,3.3336048746122695,3.3150930097290106,70,0.7725484864065267,0.7725484864065267,1095,70,1.0111682325828755,1.0,True,False,False
parma3122test2,Parma 3122 test 2,MsParm3122_F12284_0139.tif.jpg,MsParm3122_F12284_0139.tif,sephardi,sephardi,14740.562777555268,0.9974160206718348,0.7646534829859255,4293.0,gt,datasets/parma3122test2/gt/MsParm3122_F12284_0139.tif.txt,analysis_results/full_run_20260613/predictions/parma3122test2/sephardi__MsParm3122_F12284_0139.tif.xml,5641,5778,2.551153128687308,2.613111642892265,2.5817607106673557,70,0.9575104678480536,0.9575104678480536,1174,70,1.0242864740294273,1.0,True,True,True
parma3122test2,Parma 3122 test 2,MsParm3122_F12284_0139.tif.jpg,MsParm3122_F12284_0139.tif,sinai_no_voc_61,sinai no voc 61,16552.988991546445,0.9939707149009476,0.7744521646178514,4356.0,gt,datasets/parma3122test2/gt/MsParm3122_F12284_0139.tif.txt,analysis_results/full_run_20260613/predictions/parma3122test2/sinai_no_voc_61__MsParm3122_F12284_0139.tif.xml,5641,5916,2.7980035482668093,2.9344068412597846,2.8645823295918396,70,0.9565945872318287,0.9565945872318287,1133,70,1.0487502215919162,1.0,True,True,True
parma3122test2,Parma 3122 test 2,MsParm3122_F12284_0139.tif.jpg,MsParm3122_F12284_0139.tif,vat44,vat44,15809.790672330186,0.983634797588286,0.7514698022447889,4232.0,gt,datasets/parma3122test2/gt/MsParm3122_F12284_0139.tif.txt,analysis_results/full_run_20260613/predictions/parma3122test2/vat44__MsParm3122_F12284_0139.tif.xml,5641,5494,2.8776466458555126,2.8026574494469396,2.839657058343994,70,0.9390558903460694,0.9390558903460694,1047,70,0.9739407906399574,1.0,True,True,True
parma3122test2,Parma 3122 test 2,MsParm3122_F12284_0140.tif.jpg,MsParm3122_F12284_0140.tif,ashkenazy,ashkenazy,16345.74266960207,0.9910496338486574,0.7631624978135386,4373.0,gt,datasets/parma3122test2/gt/MsParm3122_F12284_0140.tif.txt,analysis_results/full_run_20260613/predictions/parma3122test2/ashkenazy__MsParm3122_F12284_0140.tif.xml,5743,5960,2.742574273423166,2.84620279811981,2.793427782551836,70,0.9487858751191572,0.9487858751191572,1222,70,1.0377851297231413,1.0,True,True,True
parma3122test2,Parma 3122 test 2,MsParm3122_F12284_0140.tif.jpg,MsParm3122_F12284_0140.tif,biblia9,biblia9,17001.409173411783,0.9861676159479252,0.770509008221095,4410.0,gt,datasets/parma3122test2/gt/MsParm3122_F12284_0140.tif.txt,analysis_results/full_run_20260613/predictions/parma3122test2/biblia9__MsParm3122_F12284_0140.tif.xml,5743,5927,2.8684678882085004,2.9603707423666696,2.9136948026412655,70,0.9618955739355859,0.9618955739355859,1167,70,1.0320390040048755,1.0,True,True,True
parma3122test2,Parma 3122 test 2,MsParm3122_F12284_0140.tif.jpg,MsParm3122_F12284_0140.tif,italian_7,italian 7,16488.561083454755,0.9959316517493898,0.7790799370299107,4449.0,gt,datasets/parma3122test2/gt/MsParm3122_F12284_0140.tif.txt,analysis_results/full_run_20260613/predictions/parma3122test2/italian_7__MsParm3122_F12284_0140.tif.xml,5743,6111,2.6981772350605064,2.8710710575404415,2.781940456125317,70,0.9602006960199627,0.9602006960199627,1232,70,1.064078008009751,1.0,True,True,True
parma3122test2,Parma 3122 test 2,MsParm3122_F12284_0140.tif.jpg,MsParm3122_F12284_0140.tif,prenumeranten,prenumeranten,19401.27265113918,0.9943043124491456,0.7775056847997202,4461.0,gt,datasets/parma3122test2/gt/MsParm3122_F12284_0140.tif.txt,analysis_results/full_run_20260613/predictions/parma3122test2/prenumeranten__MsParm3122_F12284_0140.tif.xml,5743,5941,3.2656577429959905,3.3782470226604877,3.3209983997157106,70,0.7624544432010107,0.7624544432010107,1125,70,1.0344767543095943,1.0,True,False,False
parma3122test2,Parma 3122 test 2,MsParm3122_F12284_0140.tif.jpg,MsParm3122_F12284_0140.tif,sephardi,sephardi,15520.092728426183,0.997558991049634,0.7715585097078888,4412.0,gt,datasets/parma3122test2/gt/MsParm3122_F12284_0140.tif.txt,analysis_results/full_run_20260613/predictions/parma3122test2/sephardi__MsParm3122_F12284_0140.tif.xml,5743,6030,2.573813056123745,2.70243648414177,2.6365569911536877,70,0.9529399304829127,0.9529399304829127,1242,70,1.0499738812467352,1.0,True,True,True
parma3122test2,Parma 3122 test 2,MsParm3122_F12284_0140.tif.jpg,MsParm3122_F12284_0140.tif,sinai_no_voc_61,sinai no voc 61,17333.23973691382,0.9934906427990235,0.7850271121217421,4494.0,gt,datasets/parma3122test2/gt/MsParm3122_F12284_0140.tif.txt,analysis_results/full_run_20260613/predictions/parma3122test2/sinai_no_voc_61__MsParm3122_F12284_0140.tif.xml,5743,6157,2.815208662808806,3.018150746458962,2.913149535615768,70,0.9564156381895413,0.9564156381895413,1185,70,1.0720877590109699,1.0,True,True,True
parma3122test2,Parma 3122 test 2,MsParm3122_F12284_0140.tif.jpg,MsParm3122_F12284_0140.tif,vat44,vat44,16290.070785704069,0.9788445890968268,0.7453209725380444,4273.0,gt,datasets/parma3122test2/gt/MsParm3122_F12284_0140.tif.txt,analysis_results/full_run_20260613/predictions/parma3122test2/vat44__MsParm3122_F12284_0140.tif.xml,5743,5599,2.909460758296851,2.8365089301243374,2.8725217396762597,70,0.9354706557689378,0.9354706557689378,1080,70,0.9749259968657497,1.0,True,True,True
printeditionmantoue1544,Print edition Mantoue 1544,Mantoue1544_-006.png,Mantoue1544_-006,ashkenazy,ashkenazy,99999.0,0.9778142974527528,0.7379950928846828,4217.0,gt,datasets/printeditionmantoue1544/gt/Mantoue1544_-006.txt,analysis_results/full_run_20260613/predictions/printeditionmantoue1544/ashkenazy__Mantoue1544_-006.xml,5721,5610,17.82513368983957,17.47928683796539,17.650516282764098,75,0.9715802876515256,0.9715802876515256,1182,108,0.9805977975878343,0.6944444444444444,False,False,False
printeditionmantoue1544,Print edition Mantoue 1544,Mantoue1544_-006.png,Mantoue1544_-006,biblia9,biblia9,99999.0,0.9737058340180772,0.7500876270592359,4289.0,gt,datasets/printeditionmantoue1544/gt/Mantoue1544_-006.txt,analysis_results/full_run_20260613/predictions/printeditionmantoue1544/biblia9__Mantoue1544_-006.xml,5721,5600,17.856964285714287,17.47928683796539,17.666107234343254,75,0.9682325650815212,0.9682325650815212,1142,108,0.9788498514245761,0.6944444444444444,False,False,False
printeditionmantoue1544,Print edition Mantoue 1544,Mantoue1544_-006.png,Mantoue1544_-006,italian_7,italian 7,99999.0,0.9720624486442072,0.7406239046617595,4234.0,gt,datasets/printeditionmantoue1544/gt/Mantoue1544_-006.txt,analysis_results/full_run_20260613/predictions/printeditionmantoue1544/italian_7__Mantoue1544_-006.xml,5721,5678,17.611659034871433,17.47928683796539,17.5452232651987,75,0.9712461996867174,0.9712461996867174,1211,108,0.9924838314979899,0.6944444444444444,False,False,False
printeditionmantoue1544,Print edition Mantoue 1544,Mantoue1544_-006.png,Mantoue1544_-006,prenumeranten,prenumeranten,99999.0,0.9794576828266228,0.736242551699965,4213.0,gt,datasets/printeditionmantoue1544/gt/Mantoue1544_-006.txt,analysis_results/full_run_20260613/predictions/printeditionmantoue1544/prenumeranten__Mantoue1544_-006.xml,5721,5277,18.949971574758386,17.47928683796539,18.18494271685761,75,0.9245857512950881,0.9245857512950881,953,108,0.9223911903513372,0.6944444444444444,False,False,False
printeditionmantoue1544,Print edition Mantoue 1544,Mantoue1544_-006.png,Mantoue1544_-006,sephardi,sephardi,99999.0,0.9556285949055052,0.7381703470031545,4218.0,gt,datasets/printeditionmantoue1544/gt/Mantoue1544_-006.txt,analysis_results/full_run_20260613/predictions/printeditionmantoue1544/sephardi__Mantoue1544_-006.xml,5721,5679,17.608557844690967,17.47928683796539,17.543684210526315,75,0.975120379171157,0.975120379171157,1220,108,0.9926586261143157,0.6944444444444444,False,False,False
printeditionmantoue1544,Print edition Mantoue 1544,Mantoue1544_-006.png,Mantoue1544_-006,sinai_no_voc_61,sinai no voc 61,99999.0,0.9687756778964668,0.7336137399228881,4201.0,gt,datasets/printeditionmantoue1544/gt/Mantoue1544_-006.txt,analysis_results/full_run_20260613/predictions/printeditionmantoue1544/sinai_no_voc_61__Mantoue1544_-006.xml,5721,5526,18.096091205211728,17.47928683796539,17.78234195785543,75,0.9745922650236196,0.9745922650236196,1134,108,0.9659150498164657,0.6944444444444444,False,False,False
printeditionmantoue1544,Print edition Mantoue 1544,Mantoue1544_-006.png,Mantoue1544_-006,vat44,vat44,105014.51928437594,0.9778142974527528,0.7485103399929899,4278.0,gt,datasets/printeditionmantoue1544/gt/Mantoue1544_-006.txt,analysis_results/full_run_20260613/predictions/printeditionmantoue1544/vat44__Mantoue1544_-006.xml,5721,5451,19.265184238557318,18.35597260695262,18.79959170862441,75,0.9517336297399848,0.9517336297399848,979,108,0.9528054535920294,0.6944444444444444,False,False,False
seferhaikarimbnf740experimen,Sefer Haikarim BNF 740 experiment,PNX_MANUSCRIPTS990001118700205171-1_IE51029089_FL51030812.jpg,PNX_MANUSCRIPTS990001118700205171-1_IE51029089_FL51030812,ashkenazy,ashkenazy,4735.030038945377,0.4257142857142857,0.12013165112452,223.0,gt,datasets/seferhaikarimbnf740experimen/gt/PNX_MANUSCRIPTS990001118700205171-1_IE51029089_FL51030812.txt,analysis_results/full_run_20260613/predictions/seferhaikarimbnf740experimen/ashkenazy__PNX_MANUSCRIPTS990001118700205171-1_IE51029089_FL51030812.xml,1822,1771,2.6736476786817485,2.5988090224727647,2.6356972106570424,28,0.9543066039904945,0.9543066039904945,336,31,0.9720087815587267,0.9032258064516129,True,True,True
seferhaikarimbnf740experimen,Sefer Haikarim BNF 740 experiment,PNX_MANUSCRIPTS990001118700205171-1_IE51029089_FL51030812.jpg,PNX_MANUSCRIPTS990001118700205171-1_IE51029089_FL51030812,biblia9,biblia9,5451.222968712449,0.6857142857142857,0.2111903455842018,391.0,gt,datasets/seferhaikarimbnf740experimen/gt/PNX_MANUSCRIPTS990001118700205171-1_IE51029089_FL51030812.txt,analysis_results/full_run_20260613/predictions/seferhaikarimbnf740experimen/biblia9__PNX_MANUSCRIPTS990001118700205171-1_IE51029089_FL51030812.xml,1822,1745,3.1239100107234665,2.9918896644964046,3.0564748913442386,28,0.9585946964970434,0.9585946964970434,324,31,0.9577387486278814,0.9032258064516129,True,True,True
seferhaikarimbnf740experimen,Sefer Haikarim BNF 740 experiment,PNX_MANUSCRIPTS990001118700205171-1_IE51029089_FL51030812.jpg,PNX_MANUSCRIPTS990001118700205171-1_IE51029089_FL51030812,italian_7,italian 7,4650.959902421106,0.24,0.0658255622600109,120.0,gt,datasets/seferhaikarimbnf740experimen/gt/PNX_MANUSCRIPTS990001118700205171-1_IE51029089_FL51030812.txt,analysis_results/full_run_20260613/predictions/seferhaikarimbnf740experimen/italian_7__PNX_MANUSCRIPTS990001118700205171-1_IE51029089_FL51030812.xml,1822,1798,2.586740768866021,2.5526673449073027,2.569591106310003,28,0.9663755975021276,0.9663755975021276,346,31,0.986827661909989,0.9032258064516129,True,True,True
seferhaikarimbnf740experimen,Sefer Haikarim BNF 740 experiment,PNX_MANUSCRIPTS990001118700205171-1_IE51029089_FL51030812.jpg,PNX_MANUSCRIPTS990001118700205171-1_IE51029089_FL51030812,prenumeranten,prenumeranten,6052.412311967928,0.9828571428571428,0.6215030170049369,1151.0,gt,datasets/seferhaikarimbnf740experimen/gt/PNX_MANUSCRIPTS990001118700205171-1_IE51029089_FL51030812.txt,analysis_results/full_run_20260613/predictions/seferhaikarimbnf740experimen/prenumeranten__PNX_MANUSCRIPTS990001118700205171-1_IE51029089_FL51030812.xml,1822,1652,3.6636878401742905,3.321850884724439,3.4844054760897687,28,0.5603662187036514,0.5603662187036514,333,31,0.9066959385290889,0.9032258064516129,True,False,False
seferhaikarimbnf740experimen,Sefer Haikarim BNF 740 experiment,PNX_MANUSCRIPTS990001118700205171-1_IE51029089_FL51030812.jpg,PNX_MANUSCRIPTS990001118700205171-1_IE51029089_FL51030812,sephardi,sephardi,4576.786027546041,0.48,0.1300054854635216,241.0,gt,datasets/seferhaikarimbnf740experimen/gt/PNX_MANUSCRIPTS990001118700205171-1_IE51029089_FL51030812.txt,analysis_results/full_run_20260613/predictions/seferhaikarimbnf740experimen/sephardi__PNX_MANUSCRIPTS990001118700205171-1_IE51029089_FL51030812.xml,1822,1764,2.5945499022369845,2.511957205019781,2.5525856260714113,28,0.9578791404015726,0.9578791404015726,341,31,0.9681668496158068,0.9032258064516129,True,True,True
seferhaikarimbnf740experimen,Sefer Haikarim BNF 740 experiment,PNX_MANUSCRIPTS990001118700205171-1_IE51029089_FL51030812.jpg,PNX_MANUSCRIPTS990001118700205171-1_IE51029089_FL51030812,sinai_no_voc_61,sinai no voc 61,5443.496830940247,0.8285714285714286,0.3170597915523861,577.0,gt,datasets/seferhaikarimbnf740experimen/gt/PNX_MANUSCRIPTS990001118700205171-1_IE51029089_FL51030812.txt,analysis_results/full_run_20260613/predictions/seferhaikarimbnf740experimen/sinai_no_voc_61__PNX_MANUSCRIPTS990001118700205171-1_IE51029089_FL51030812.xml,1822,1637,3.325288229041079,2.987649193710344,3.1474396247124874,28,0.9500245303851477,0.9500245303851477,294,31,0.898463227222832,0.9032258064516129,True,True,True
seferhaikarimbnf740experimen,Sefer Haikarim BNF 740 experiment,PNX_MANUSCRIPTS990001118700205171-1_IE51029089_FL51030812.jpg,PNX_MANUSCRIPTS990001118700205171-1_IE51029089_FL51030812,vat44,vat44,5344.658327683806,0.6514285714285715,0.1865057597366977,343.0,gt,datasets/seferhaikarimbnf740experimen/gt/PNX_MANUSCRIPTS990001118700205171-1_IE51029089_FL51030812.txt,analysis_results/full_run_20260613/predictions/seferhaikarimbnf740experimen/vat44__PNX_MANUSCRIPTS990001118700205171-1_IE51029089_FL51030812.xml,1822,1711,3.1237044580267717,2.9334019361601573,3.0255637292294404,28,0.9414781547883286,0.9414781547883286,288,31,0.9390779363336992,0.9032258064516129,True,True,True
seferhaikarimbnf740experimen,Sefer Haikarim BNF 740 experiment,PNX_MANUSCRIPTS990001118700205171-1_IE51029089_FL51030815.jpg,PNX_MANUSCRIPTS990001118700205171-1_IE51029089_FL51030815,ashkenazy,ashkenazy,4980.00567972241,0.5396341463414634,0.147953216374269,255.0,gt,datasets/seferhaikarimbnf740experimen/gt/PNX_MANUSCRIPTS990001118700205171-1_IE51029089_FL51030815.txt,analysis_results/full_run_20260613/predictions/seferhaikarimbnf740experimen/ashkenazy__PNX_MANUSCRIPTS990001118700205171-1_IE51029089_FL51030815.xml,1711,1695,2.938056448213811,2.91058192853443,2.924254656325549,28,0.9470930841029627,0.9470930841029627,329,28,0.9906487434248977,1.0,True,True,True
seferhaikarimbnf740experimen,Sefer Haikarim BNF 740 experiment,PNX_MANUSCRIPTS990001118700205171-1_IE51029089_FL51030815.jpg,PNX_MANUSCRIPTS990001118700205171-1_IE51029089_FL51030815,biblia9,biblia9,5189.594018861651,0.6920731707317073,0.2163742690058479,370.0,gt,datasets/seferhaikarimbnf740experimen/gt/PNX_MANUSCRIPTS990001118700205171-1_IE51029089_FL51030815.txt,analysis_results/full_run_20260613/predictions/seferhaikarimbnf740experimen/biblia9__PNX_MANUSCRIPTS990001118700205171-1_IE51029089_FL51030815.xml,1711,1663,3.1206217792313,3.0330765744369677,3.07622644864354,28,0.9641468100314523,0.9641468100314523,307,28,0.9719462302746932,1.0,True,True,True
seferhaikarimbnf740experimen,Sefer Haikarim BNF 740 experiment,PNX_MANUSCRIPTS990001118700205171-1_IE51029089_FL51030815.jpg,PNX_MANUSCRIPTS990001118700205171-1_IE51029089_FL51030815,italian_7,italian 7,4874.082509083906,0.2560975609756097,0.0742690058479532,127.0,gt,datasets/seferhaikarimbnf740experimen/gt/PNX_MANUSCRIPTS990001118700205171-1_IE51029089_FL51030815.txt,analysis_results/full_run_20260613/predictions/seferhaikarimbnf740experimen/italian_7__PNX_MANUSCRIPTS990001118700205171-1_IE51029089_FL51030815.xml,1711,1714,2.8436887450897936,2.848674756916368,2.8461795673482664,28,0.9618579205426128,0.9618579205426128,327,28,1.0017533606078317,1.0,True,True,True
seferhaikarimbnf740experimen,Sefer Haikarim BNF 740 experiment,PNX_MANUSCRIPTS990001118700205171-1_IE51029089_FL51030815.jpg,PNX_MANUSCRIPTS990001118700205171-1_IE51029089_FL51030815,prenumeranten,prenumeranten,6235.725956559181,0.9969512195121952,0.6497076023391812,1129.0,gt,datasets/seferhaikarimbnf740experimen/gt/PNX_MANUSCRIPTS990001118700205171-1_IE51029089_FL51030815.txt,analysis_results/full_run_20260613/predictions/seferhaikarimbnf740experimen/prenumeranten__PNX_MANUSCRIPTS990001118700205171-1_IE51029089_FL51030815.xml,1711,1680,3.7117416408090365,3.6444920844881246,3.6778094701027313,28,0.6047385730306616,0.6047385730306616,325,28,0.9818819403857393,1.0,True,False,False
seferhaikarimbnf740experimen,Sefer Haikarim BNF 740 experiment,PNX_MANUSCRIPTS990001118700205171-1_IE51029089_FL51030815.jpg,PNX_MANUSCRIPTS990001118700205171-1_IE51029089_FL51030815,sephardi,sephardi,4769.203353084391,0.5701219512195121,0.1625730994152046,283.0,gt,datasets/seferhaikarimbnf740experimen/gt/PNX_MANUSCRIPTS990001118700205171-1_IE51029089_FL51030815.txt,analysis_results/full_run_20260613/predictions/seferhaikarimbnf740experimen/sephardi__PNX_MANUSCRIPTS990001118700205171-1_IE51029089_FL51030815.xml,1711,1665,2.8643863982488833,2.7873777633456407,2.825357436661369,28,0.9614210013984174,0.9614210013984174,330,28,0.973115137346581,1.0,True,True,True
seferhaikarimbnf740experimen,Sefer Haikarim BNF 740 experiment,PNX_MANUSCRIPTS990001118700205171-1_IE51029089_FL51030815.jpg,PNX_MANUSCRIPTS990001118700205171-1_IE51029089_FL51030815,sinai_no_voc_61,sinai no voc 61,5244.130397379398,0.8414634146341463,0.3391812865497076,582.0,gt,datasets/seferhaikarimbnf740experimen/gt/PNX_MANUSCRIPTS990001118700205171-1_IE51029089_FL51030815.txt,analysis_results/full_run_20260613/predictions/seferhaikarimbnf740experimen/sinai_no_voc_61__PNX_MANUSCRIPTS990001118700205171-1_IE51029089_FL51030815.xml,1711,1545,3.3942591568798695,3.0649505536992394,3.221210317800613,28,0.9559693654910072,0.9559693654910072,276,28,0.9029807130333138,1.0,True,True,True
seferhaikarimbnf740experimen,Sefer Haikarim BNF 740 experiment,PNX_MANUSCRIPTS990001118700205171-1_IE51029089_FL51030815.jpg,PNX_MANUSCRIPTS990001118700205171-1_IE51029089_FL51030815,vat44,vat44,5378.573357935529,0.7439024390243902,0.2116959064327485,362.0,gt,datasets/seferhaikarimbnf740experimen/gt/PNX_MANUSCRIPTS990001118700205171-1_IE51029089_FL51030815.txt,analysis_results/full_run_20260613/predictions/seferhaikarimbnf740experimen/vat44__PNX_MANUSCRIPTS990001118700205171-1_IE51029089_FL51030815.xml,1711,1626,3.307855693687287,3.1435262173790353,3.223598056898729,28,0.9452041555889189,0.9452041555889189,259,28,0.9503214494447692,1.0,True,True,True
vat44,Vat 44,114_53763_default.jpg,114_53763_default,ashkenazy,ashkenazy,,,,,gt,datasets/vat44/gt/114_53763_default.txt,,0,0,,,,0,,,0,0,0.0,0.0,False,False,False
vat44,Vat 44,114_53763_default.jpg,114_53763_default,biblia9,biblia9,,,,,gt,datasets/vat44/gt/114_53763_default.txt,,0,0,,,,0,,,0,0,0.0,0.0,False,False,False
vat44,Vat 44,114_53763_default.jpg,114_53763_default,italian_7,italian 7,,,,,gt,datasets/vat44/gt/114_53763_default.txt,,0,0,,,,0,,,0,0,0.0,0.0,False,False,False
vat44,Vat 44,114_53763_default.jpg,114_53763_default,prenumeranten,prenumeranten,,,,,gt,datasets/vat44/gt/114_53763_default.txt,,0,0,,,,0,,,0,0,0.0,0.0,False,False,False
vat44,Vat 44,114_53763_default.jpg,114_53763_default,sephardi,sephardi,,,,,gt,datasets/vat44/gt/114_53763_default.txt,,0,0,,,,0,,,0,0,0.0,0.0,False,False,False
vat44,Vat 44,114_53763_default.jpg,114_53763_default,sinai_no_voc_61,sinai no voc 61,,,,,gt,datasets/vat44/gt/114_53763_default.txt,,0,0,,,,0,,,0,0,0.0,0.0,False,False,False
vat44,Vat 44,114_53763_default.jpg,114_53763_default,vat44,vat44,,,,,gt,datasets/vat44/gt/114_53763_default.txt,,0,0,,,,0,,,0,0,0.0,0.0,False,False,False
vat44,Vat 44,115_65184_default.jpg,115_65184_default,ashkenazy,ashkenazy,,,,,gt,datasets/vat44/gt/115_65184_default.txt,,0,0,,,,0,,,0,0,0.0,0.0,False,False,False
vat44,Vat 44,115_65184_default.jpg,115_65184_default,biblia9,biblia9,,,,,gt,datasets/vat44/gt/115_65184_default.txt,,0,0,,,,0,,,0,0,0.0,0.0,False,False,False
vat44,Vat 44,115_65184_default.jpg,115_65184_default,italian_7,italian 7,,,,,gt,datasets/vat44/gt/115_65184_default.txt,,0,0,,,,0,,,0,0,0.0,0.0,False,False,False
vat44,Vat 44,115_65184_default.jpg,115_65184_default,prenumeranten,prenumeranten,,,,,gt,datasets/vat44/gt/115_65184_default.txt,,0,0,,,,0,,,0,0,0.0,0.0,False,False,False
vat44,Vat 44,115_65184_default.jpg,115_65184_default,sephardi,sephardi,,,,,gt,datasets/vat44/gt/115_65184_default.txt,,0,0,,,,0,,,0,0,0.0,0.0,False,False,False
vat44,Vat 44,115_65184_default.jpg,115_65184_default,sinai_no_voc_61,sinai no voc 61,,,,,gt,datasets/vat44/gt/115_65184_default.txt,,0,0,,,,0,,,0,0,0.0,0.0,False,False,False
vat44,Vat 44,115_65184_default.jpg,115_65184_default,vat44,vat44,,,,,gt,datasets/vat44/gt/115_65184_default.txt,,0,0,,,,0,,,0,0,0.0,0.0,False,False,False
vat44,Vat 44,116_9e7c3_default.jpg,116_9e7c3_default,ashkenazy,ashkenazy,,,,,gt,datasets/vat44/gt/116_9e7c3_default.txt,,0,0,,,,0,,,0,0,0.0,0.0,False,False,False
vat44,Vat 44,116_9e7c3_default.jpg,116_9e7c3_default,biblia9,biblia9,,,,,gt,datasets/vat44/gt/116_9e7c3_default.txt,,0,0,,,,0,,,0,0,0.0,0.0,False,False,False
vat44,Vat 44,116_9e7c3_default.jpg,116_9e7c3_default,italian_7,italian 7,,,,,gt,datasets/vat44/gt/116_9e7c3_default.txt,,0,0,,,,0,,,0,0,0.0,0.0,False,False,False
vat44,Vat 44,116_9e7c3_default.jpg,116_9e7c3_default,prenumeranten,prenumeranten,,,,,gt,datasets/vat44/gt/116_9e7c3_default.txt,,0,0,,,,0,,,0,0,0.0,0.0,False,False,False
vat44,Vat 44,116_9e7c3_default.jpg,116_9e7c3_default,sephardi,sephardi,,,,,gt,datasets/vat44/gt/116_9e7c3_default.txt,,0,0,,,,0,,,0,0,0.0,0.0,False,False,False
vat44,Vat 44,116_9e7c3_default.jpg,116_9e7c3_default,sinai_no_voc_61,sinai no voc 61,,,,,gt,datasets/vat44/gt/116_9e7c3_default.txt,,0,0,,,,0,,,0,0,0.0,0.0,False,False,False
vat44,Vat 44,116_9e7c3_default.jpg,116_9e7c3_default,vat44,vat44,,,,,gt,datasets/vat44/gt/116_9e7c3_default.txt,,0,0,,,,0,,,0,0,0.0,0.0,False,False,False
vat44,Vat 44,117_78067_default.jpg,117_78067_default,ashkenazy,ashkenazy,,,,,gt,datasets/vat44/gt/117_78067_default.txt,,0,0,,,,0,,,0,0,0.0,0.0,False,False,False
vat44,Vat 44,117_78067_default.jpg,117_78067_default,biblia9,biblia9,,,,,gt,datasets/vat44/gt/117_78067_default.txt,,0,0,,,,0,,,0,0,0.0,0.0,False,False,False
vat44,Vat 44,117_78067_default.jpg,117_78067_default,italian_7,italian 7,,,,,gt,datasets/vat44/gt/117_78067_default.txt,,0,0,,,,0,,,0,0,0.0,0.0,False,False,False
vat44,Vat 44,117_78067_default.jpg,117_78067_default,prenumeranten,prenumeranten,,,,,gt,datasets/vat44/gt/117_78067_default.txt,,0,0,,,,0,,,0,0,0.0,0.0,False,False,False
vat44,Vat 44,117_78067_default.jpg,117_78067_default,sephardi,sephardi,,,,,gt,datasets/vat44/gt/117_78067_default.txt,,0,0,,,,0,,,0,0,0.0,0.0,False,False,False
vat44,Vat 44,117_78067_default.jpg,117_78067_default,sinai_no_voc_61,sinai no voc 61,,,,,gt,datasets/vat44/gt/117_78067_default.txt,,0,0,,,,0,,,0,0,0.0,0.0,False,False,False
vat44,Vat 44,117_78067_default.jpg,117_78067_default,vat44,vat44,,,,,gt,datasets/vat44/gt/117_78067_default.txt,,0,0,,,,0,,,0,0,0.0,0.0,False,False,False
vat44,Vat 44,118_c3980_default.jpg,118_c3980_default,ashkenazy,ashkenazy,,,,,gt,datasets/vat44/gt/118_c3980_default.txt,,0,0,,,,0,,,0,0,0.0,0.0,False,False,False
vat44,Vat 44,118_c3980_default.jpg,118_c3980_default,biblia9,biblia9,,,,,gt,datasets/vat44/gt/118_c3980_default.txt,,0,0,,,,0,,,0,0,0.0,0.0,False,False,False
vat44,Vat 44,118_c3980_default.jpg,118_c3980_default,italian_7,italian 7,,,,,gt,datasets/vat44/gt/118_c3980_default.txt,,0,0,,,,0,,,0,0,0.0,0.0,False,False,False
vat44,Vat 44,118_c3980_default.jpg,118_c3980_default,prenumeranten,prenumeranten,,,,,gt,datasets/vat44/gt/118_c3980_default.txt,,0,0,,,,0,,,0,0,0.0,0.0,False,False,False
vat44,Vat 44,118_c3980_default.jpg,118_c3980_default,sephardi,sephardi,,,,,gt,datasets/vat44/gt/118_c3980_default.txt,,0,0,,,,0,,,0,0,0.0,0.0,False,False,False
vat44,Vat 44,118_c3980_default.jpg,118_c3980_default,sinai_no_voc_61,sinai no voc 61,,,,,gt,datasets/vat44/gt/118_c3980_default.txt,,0,0,,,,0,,,0,0,0.0,0.0,False,False,False
vat44,Vat 44,118_c3980_default.jpg,118_c3980_default,vat44,vat44,,,,,gt,datasets/vat44/gt/118_c3980_default.txt,,0,0,,,,0,,,0,0,0.0,0.0,False,False,False
vat44,Vat 44,119_e539f_default.jpg,119_e539f_default,ashkenazy,ashkenazy,,,,,gt,datasets/vat44/gt/119_e539f_default.txt,,0,0,,,,0,,,0,0,0.0,0.0,False,False,False
vat44,Vat 44,119_e539f_default.jpg,119_e539f_default,biblia9,biblia9,,,,,gt,datasets/vat44/gt/119_e539f_default.txt,,0,0,,,,0,,,0,0,0.0,0.0,False,False,False
vat44,Vat 44,119_e539f_default.jpg,119_e539f_default,italian_7,italian 7,,,,,gt,datasets/vat44/gt/119_e539f_default.txt,,0,0,,,,0,,,0,0,0.0,0.0,False,False,False
vat44,Vat 44,119_e539f_default.jpg,119_e539f_default,prenumeranten,prenumeranten,,,,,gt,datasets/vat44/gt/119_e539f_default.txt,,0,0,,,,0,,,0,0,0.0,0.0,False,False,False
vat44,Vat 44,119_e539f_default.jpg,119_e539f_default,sephardi,sephardi,,,,,gt,datasets/vat44/gt/119_e539f_default.txt,,0,0,,,,0,,,0,0,0.0,0.0,False,False,False
vat44,Vat 44,119_e539f_default.jpg,119_e539f_default,sinai_no_voc_61,sinai no voc 61,,,,,gt,datasets/vat44/gt/119_e539f_default.txt,,0,0,,,,0,,,0,0,0.0,0.0,False,False,False
vat44,Vat 44,119_e539f_default.jpg,119_e539f_default,vat44,vat44,,,,,gt,datasets/vat44/gt/119_e539f_default.txt,,0,0,,,,0,,,0,0,0.0,0.0,False,False,False
vat44,Vat 44,11_1074c_default.jpg,11_1074c_default,ashkenazy,ashkenazy,,,,,gt,datasets/vat44/gt/11_1074c_default.txt,,0,0,,,,0,,,0,0,0.0,0.0,False,False,False
vat44,Vat 44,11_1074c_default.jpg,11_1074c_default,biblia9,biblia9,,,,,gt,datasets/vat44/gt/11_1074c_default.txt,,0,0,,,,0,,,0,0,0.0,0.0,False,False,False
vat44,Vat 44,11_1074c_default.jpg,11_1074c_default,italian_7,italian 7,,,,,gt,datasets/vat44/gt/11_1074c_default.txt,,0,0,,,,0,,,0,0,0.0,0.0,False,False,False
vat44,Vat 44,11_1074c_default.jpg,11_1074c_default,prenumeranten,prenumeranten,,,,,gt,datasets/vat44/gt/11_1074c_default.txt,,0,0,,,,0,,,0,0,0.0,0.0,False,False,False
vat44,Vat 44,11_1074c_default.jpg,11_1074c_default,sephardi,sephardi,,,,,gt,datasets/vat44/gt/11_1074c_default.txt,,0,0,,,,0,,,0,0,0.0,0.0,False,False,False
vat44,Vat 44,11_1074c_default.jpg,11_1074c_default,sinai_no_voc_61,sinai no voc 61,,,,,gt,datasets/vat44/gt/11_1074c_default.txt,,0,0,,,,0,,,0,0,0.0,0.0,False,False,False
vat44,Vat 44,11_1074c_default.jpg,11_1074c_default,vat44,vat44,,,,,gt,datasets/vat44/gt/11_1074c_default.txt,,0,0,,,,0,,,0,0,0.0,0.0,False,False,False
vat44,Vat 44,120_c9c80_default.jpg,120_c9c80_default,ashkenazy,ashkenazy,,,,,gt,datasets/vat44/gt/120_c9c80_default.txt,,0,0,,,,0,,,0,0,0.0,0.0,False,False,False
vat44,Vat 44,120_c9c80_default.jpg,120_c9c80_default,biblia9,biblia9,,,,,gt,datasets/vat44/gt/120_c9c80_default.txt,,0,0,,,,0,,,0,0,0.0,0.0,False,False,False
vat44,Vat 44,120_c9c80_default.jpg,120_c9c80_default,italian_7,italian 7,,,,,gt,datasets/vat44/gt/120_c9c80_default.txt,,0,0,,,,0,,,0,0,0.0,0.0,False,False,False
vat44,Vat 44,120_c9c80_default.jpg,120_c9c80_default,prenumeranten,prenumeranten,,,,,gt,datasets/vat44/gt/120_c9c80_default.txt,,0,0,,,,0,,,0,0,0.0,0.0,False,False,False
vat44,Vat 44,120_c9c80_default.jpg,120_c9c80_default,sephardi,sephardi,,,,,gt,datasets/vat44/gt/120_c9c80_default.txt,,0,0,,,,0,,,0,0,0.0,0.0,False,False,False
vat44,Vat 44,120_c9c80_default.jpg,120_c9c80_default,sinai_no_voc_61,sinai no voc 61,,,,,gt,datasets/vat44/gt/120_c9c80_default.txt,,0,0,,,,0,,,0,0,0.0,0.0,False,False,False
vat44,Vat 44,120_c9c80_default.jpg,120_c9c80_default,vat44,vat44,,,,,gt,datasets/vat44/gt/120_c9c80_default.txt,,0,0,,,,0,,,0,0,0.0,0.0,False,False,False
vat44,Vat 44,121_fc4b5_default.jpg,121_fc4b5_default,ashkenazy,ashkenazy,,,,,gt,datasets/vat44/gt/121_fc4b5_default.txt,,0,0,,,,0,,,0,0,0.0,0.0,False,False,False
vat44,Vat 44,121_fc4b5_default.jpg,121_fc4b5_default,biblia9,biblia9,,,,,gt,datasets/vat44/gt/121_fc4b5_default.txt,,0,0,,,,0,,,0,0,0.0,0.0,False,False,False
vat44,Vat 44,121_fc4b5_default.jpg,121_fc4b5_default,italian_7,italian 7,,,,,gt,datasets/vat44/gt/121_fc4b5_default.txt,,0,0,,,,0,,,0,0,0.0,0.0,False,False,False
vat44,Vat 44,121_fc4b5_default.jpg,121_fc4b5_default,prenumeranten,prenumeranten,,,,,gt,datasets/vat44/gt/121_fc4b5_default.txt,,0,0,,,,0,,,0,0,0.0,0.0,False,False,False
vat44,Vat 44,121_fc4b5_default.jpg,121_fc4b5_default,sephardi,sephardi,,,,,gt,datasets/vat44/gt/121_fc4b5_default.txt,,0,0,,,,0,,,0,0,0.0,0.0,False,False,False
vat44,Vat 44,121_fc4b5_default.jpg,121_fc4b5_default,sinai_no_voc_61,sinai no voc 61,,,,,gt,datasets/vat44/gt/121_fc4b5_default.txt,,0,0,,,,0,,,0,0,0.0,0.0,False,False,False
vat44,Vat 44,121_fc4b5_default.jpg,121_fc4b5_default,vat44,vat44,,,,,gt,datasets/vat44/gt/121_fc4b5_default.txt,,0,0,,,,0,,,0,0,0.0,0.0,False,False,False
vat44,Vat 44,16_26f8e_default.jpg,16_26f8e_default,ashkenazy,ashkenazy,,,,,gt,datasets/vat44/gt/16_26f8e_default.txt,,0,0,,,,0,,,0,0,0.0,0.0,False,False,False
vat44,Vat 44,16_26f8e_default.jpg,16_26f8e_default,biblia9,biblia9,,,,,gt,datasets/vat44/gt/16_26f8e_default.txt,,0,0,,,,0,,,0,0,0.0,0.0,False,False,False
vat44,Vat 44,16_26f8e_default.jpg,16_26f8e_default,italian_7,italian 7,,,,,gt,datasets/vat44/gt/16_26f8e_default.txt,,0,0,,,,0,,,0,0,0.0,0.0,False,False,False
vat44,Vat 44,16_26f8e_default.jpg,16_26f8e_default,prenumeranten,prenumeranten,,,,,gt,datasets/vat44/gt/16_26f8e_default.txt,,0,0,,,,0,,,0,0,0.0,0.0,False,False,False
vat44,Vat 44,16_26f8e_default.jpg,16_26f8e_default,sephardi,sephardi,,,,,gt,datasets/vat44/gt/16_26f8e_default.txt,,0,0,,,,0,,,0,0,0.0,0.0,False,False,False
vat44,Vat 44,16_26f8e_default.jpg,16_26f8e_default,sinai_no_voc_61,sinai no voc 61,,,,,gt,datasets/vat44/gt/16_26f8e_default.txt,,0,0,,,,0,,,0,0,0.0,0.0,False,False,False
vat44,Vat 44,16_26f8e_default.jpg,16_26f8e_default,vat44,vat44,,,,,gt,datasets/vat44/gt/16_26f8e_default.txt,,0,0,,,,0,,,0,0,0.0,0.0,False,False,False
vat44,Vat 44,6_254f4_default.jpg,6_254f4_default,ashkenazy,ashkenazy,,,,,gt,datasets/vat44/gt/6_254f4_default.txt,,0,0,,,,0,,,0,0,0.0,0.0,False,False,False
vat44,Vat 44,6_254f4_default.jpg,6_254f4_default,biblia9,biblia9,,,,,gt,datasets/vat44/gt/6_254f4_default.txt,,0,0,,,,0,,,0,0,0.0,0.0,False,False,False
vat44,Vat 44,6_254f4_default.jpg,6_254f4_default,italian_7,italian 7,,,,,gt,datasets/vat44/gt/6_254f4_default.txt,,0,0,,,,0,,,0,0,0.0,0.0,False,False,False
vat44,Vat 44,6_254f4_default.jpg,6_254f4_default,prenumeranten,prenumeranten,,,,,gt,datasets/vat44/gt/6_254f4_default.txt,,0,0,,,,0,,,0,0,0.0,0.0,False,False,False
vat44,Vat 44,6_254f4_default.jpg,6_254f4_default,sephardi,sephardi,,,,,gt,datasets/vat44/gt/6_254f4_default.txt,,0,0,,,,0,,,0,0,0.0,0.0,False,False,False
vat44,Vat 44,6_254f4_default.jpg,6_254f4_default,sinai_no_voc_61,sinai no voc 61,,,,,gt,datasets/vat44/gt/6_254f4_default.txt,,0,0,,,,0,,,0,0,0.0,0.0,False,False,False
vat44,Vat 44,6_254f4_default.jpg,6_254f4_default,vat44,vat44,,,,,gt,datasets/vat44/gt/6_254f4_default.txt,,0,0,,,,0,,,0,0,0.0,0.0,False,False,False
vat44,Vat 44,9_04b5d_default.jpg,9_04b5d_default,ashkenazy,ashkenazy,99999.0,0.6898550724637681,0.3215859030837004,509.0,gt,datasets/vat44/gt/9_04b5d_default.txt,analysis_results/full_run_20260613/predictions/vat44/ashkenazy__9_04b5d_default.xml,1588,1348,74.18323442136499,62.971662468513856,68.1192098092643,35,0.918404557052493,0.918404557052493,305,31,0.8488664987405542,1.1290322580645162,False,False,False
vat44,Vat 44,9_04b5d_default.jpg,9_04b5d_default,biblia9,biblia9,99999.0,0.7768115942028986,0.34235368156073,557.0,gt,datasets/vat44/gt/9_04b5d_default.txt,analysis_results/full_run_20260613/predictions/vat44/biblia9__9_04b5d_default.xml,1588,1671,59.843806104129264,62.971662468513856,61.367904265111996,35,0.9473323629980258,0.9473323629980258,354,31,1.0522670025188916,1.1290322580645162,False,False,False
vat44,Vat 44,9_04b5d_default.jpg,9_04b5d_default,italian_7,italian 7,99999.0,0.6231884057971014,0.2573945877910635,410.0,gt,datasets/vat44/gt/9_04b5d_default.txt,analysis_results/full_run_20260613/predictions/vat44/italian_7__9_04b5d_default.xml,1588,1712,58.410630841121495,62.971662468513856,60.60545454545454,35,0.949742646348937,0.949742646348937,369,31,1.0780856423173804,1.1290322580645162,False,False,False
vat44,Vat 44,9_04b5d_default.jpg,9_04b5d_default,prenumeranten,prenumeranten,99999.0,0.982608695652174,0.6702328508495909,1065.0,gt,datasets/vat44/gt/9_04b5d_default.txt,analysis_results/full_run_20260613/predictions/vat44/prenumeranten__9_04b5d_default.xml,1588,1192,83.89177852348993,62.971662468513856,71.94172661870503,35,0.46785140184252144,0.46785140184252144,342,31,0.7506297229219143,1.1290322580645162,False,False,False
vat44,Vat 44,9_04b5d_default.jpg,9_04b5d_default,sephardi,sephardi,99999.0,0.4985507246376812,0.1774701069855254,281.0,gt,datasets/vat44/gt/9_04b5d_default.txt,analysis_results/full_run_20260613/predictions/vat44/sephardi__9_04b5d_default.xml,1588,1634,61.19889840881273,62.971662468513856,62.072625698324025,35,0.9425134233456846,0.9425134233456846,357,31,1.0289672544080604,1.1290322580645162,False,False,False
vat44,Vat 44,9_04b5d_default.jpg,9_04b5d_default,sinai_no_voc_61,sinai no voc 61,99999.0,0.7710144927536232,0.3536815607300189,560.0,gt,datasets/vat44/gt/9_04b5d_default.txt,analysis_results/full_run_20260613/predictions/vat44/sinai_no_voc_61__9_04b5d_default.xml,1588,1668,59.951438848920866,62.971662468513856,61.424447174447174,35,0.9305866950684439,0.9305866950684439,355,31,1.0503778337531486,1.1290322580645162,False,False,False
vat44,Vat 44,9_04b5d_default.jpg,9_04b5d_default,vat44,vat44,99999.0,0.7478260869565218,0.3146633102580239,512.0,gt,datasets/vat44/gt/9_04b5d_default.txt,analysis_results/full_run_20260613/predictions/vat44/vat44__9_04b5d_default.xml,1588,1601,62.46033728919426,62.971662468513856,62.71495766698025,35,0.921359728914263,0.921359728914263,317,31,1.0081863979848866,1.1290322580645162,False,False,False
vatebr34,Vat Ebr 34,10_de21e_default.jpg,10_de21e_default,ashkenazy,ashkenazy,,,,,gt,datasets/vatebr34/gt/10_de21e_default.txt,,0,0,,,,0,,,0,0,0.0,0.0,False,False,False
vatebr34,Vat Ebr 34,10_de21e_default.jpg,10_de21e_default,biblia9,biblia9,,,,,gt,datasets/vatebr34/gt/10_de21e_default.txt,,0,0,,,,0,,,0,0,0.0,0.0,False,False,False
vatebr34,Vat Ebr 34,10_de21e_default.jpg,10_de21e_default,italian_7,italian 7,,,,,gt,datasets/vatebr34/gt/10_de21e_default.txt,,0,0,,,,0,,,0,0,0.0,0.0,False,False,False
vatebr34,Vat Ebr 34,10_de21e_default.jpg,10_de21e_default,prenumeranten,prenumeranten,,,,,gt,datasets/vatebr34/gt/10_de21e_default.txt,,0,0,,,,0,,,0,0,0.0,0.0,False,False,False
vatebr34,Vat Ebr 34,10_de21e_default.jpg,10_de21e_default,sephardi,sephardi,,,,,gt,datasets/vatebr34/gt/10_de21e_default.txt,,0,0,,,,0,,,0,0,0.0,0.0,False,False,False
vatebr34,Vat Ebr 34,10_de21e_default.jpg,10_de21e_default,sinai_no_voc_61,sinai no voc 61,,,,,gt,datasets/vatebr34/gt/10_de21e_default.txt,,0,0,,,,0,,,0,0,0.0,0.0,False,False,False
vatebr34,Vat Ebr 34,10_de21e_default.jpg,10_de21e_default,vat44,vat44,,,,,gt,datasets/vatebr34/gt/10_de21e_default.txt,,0,0,,,,0,,,0,0,0.0,0.0,False,False,False
vatebr34,Vat Ebr 34,13_a79f9_default.jpg,13_a79f9_default,ashkenazy,ashkenazy,5538.983766261023,1.0,0.7604924454392837,1350.0,gt,datasets/vatebr34/gt/13_a79f9_default.txt,analysis_results/full_run_20260613/predictions/vatebr34/ashkenazy__13_a79f9_default.xml,1770,1790,3.0944043386933093,3.129369359469505,3.111788632730912,64,0.9549852158036959,0.9549852158036959,396,64,1.0112994350282485,1.0,True,True,True
vatebr34,Vat Ebr 34,13_a79f9_default.jpg,13_a79f9_default,biblia9,biblia9,6636.963296808302,0.9946808510638298,0.7711247901510913,1373.0,gt,datasets/vatebr34/gt/13_a79f9_default.txt,analysis_results/full_run_20260613/predictions/vatebr34/biblia9__13_a79f9_default.xml,1770,1814,3.6587449265756904,3.749696777857798,3.70366255402249,64,0.9648079257239044,0.9648079257239044,371,64,1.0248587570621468,1.0,True,True,True
vatebr34,Vat Ebr 34,13_a79f9_default.jpg,13_a79f9_default,italian_7,italian 7,5507.927075970918,1.0,0.7560156687185227,1343.0,gt,datasets/vatebr34/gt/13_a79f9_default.txt,analysis_results/full_run_20260613/predictions/vatebr34/italian_7__13_a79f9_default.xml,1770,1776,3.1013102905241654,3.1118232067632303,3.106557854467523,64,0.964827954382637,0.964827954382637,389,64,1.0033898305084745,1.0,True,True,True
vatebr34,Vat Ebr 34,13_a79f9_default.jpg,13_a79f9_default,prenumeranten,prenumeranten,7411.300431659329,0.9920212765957448,0.8226077224398433,1479.0,gt,datasets/vatebr34/gt/13_a79f9_default.txt,analysis_results/full_run_20260613/predictions/vatebr34/prenumeranten__13_a79f9_default.xml,1770,1979,3.744972426305876,4.187175385118265,3.953747896323995,64,0.7726241500835678,0.7726241500835678,339,64,1.1180790960451978,1.0,True,False,False
vatebr34,Vat Ebr 34,13_a79f9_default.jpg,13_a79f9_default,sephardi,sephardi,6030.896427094936,1.00531914893617,0.7711247901510913,1362.0,gt,datasets/vatebr34/gt/13_a79f9_default.txt,analysis_results/full_run_20260613/predictions/vatebr34/sephardi__13_a79f9_default.xml,1770,1819,3.3155010594254737,3.407286117002789,3.360767025408156,64,0.9565328941989407,0.9565328941989407,404,64,1.027683615819209,1.0,True,True,True
vatebr34,Vat Ebr 34,13_a79f9_default.jpg,13_a79f9_default,sinai_no_voc_61,sinai no voc 61,6445.119962352095,0.9920212765957448,0.7655288192501399,1367.0,gt,datasets/vatebr34/gt/13_a79f9_default.txt,analysis_results/full_run_20260613/predictions/vatebr34/sinai_no_voc_61__13_a79f9_default.xml,1770,1804,3.5726829059601415,3.641310713193274,3.606670376246276,64,0.9429087441784998,0.9429087441784998,348,64,1.0192090395480227,1.0,True,True,True
vatebr34,Vat Ebr 34,13_a79f9_default.jpg,13_a79f9_default,vat44,vat44,6453.862200066447,0.9867021276595744,0.7644096250699496,1359.0,gt,datasets/vatebr34/gt/13_a79f9_default.txt,analysis_results/full_run_20260613/predictions/vatebr34/vat44__13_a79f9_default.xml,1770,1775,3.6359787042627874,3.6462498305460156,3.641107024014921,64,0.9456024519339796,0.9456024519339796,323,64,1.002824858757062,1.0,True,True,True
vatebr34,Vat Ebr 34,61_8fd1f_default.jpg,61_8fd1f_default,ashkenazy,ashkenazy,5457.299369439832,0.9899497487437184,0.7534549474847982,1349.0,gt,datasets/vatebr34/gt/61_8fd1f_default.txt,analysis_results/full_run_20260613/predictions/vatebr34/ashkenazy__61_8fd1f_default.xml,1797,1790,3.04877059745242,3.0368944738118153,3.0428209475549663,73,0.9716855179864439,0.9716855179864439,406,73,0.9961046188091264,1.0,True,True,True
vatebr34,Vat Ebr 34,61_8fd1f_default.jpg,61_8fd1f_default,biblia9,biblia9,7472.170280657709,0.9974874371859296,0.7761194029850746,1401.0,gt,datasets/vatebr34/gt/61_8fd1f_default.txt,analysis_results/full_run_20260613/predictions/vatebr34/biblia9__61_8fd1f_default.xml,1797,1892,3.949350042630924,4.158135938039905,4.051054638469888,73,0.9719885182849869,0.9719885182849869,403,73,1.0528658875904284,1.0,True,True,True
vatebr34,Vat Ebr 34,61_8fd1f_default.jpg,61_8fd1f_default,italian_7,italian 7,5408.165862658265,0.9874371859296482,0.7545605306799337,1355.0,gt,datasets/vatebr34/gt/61_8fd1f_default.txt,analysis_results/full_run_20260613/predictions/vatebr34/italian_7__61_8fd1f_default.xml,1797,1794,3.014585207724785,3.0095525112177324,3.0120667572588498,73,0.976554135379695,0.976554135379695,409,73,0.998330550918197,1.0,True,True,True
vatebr34,Vat Ebr 34,61_8fd1f_default.jpg,61_8fd1f_default,prenumeranten,prenumeranten,7983.277955223806,0.992462311557789,0.8336097291321172,1523.0,gt,datasets/vatebr34/gt/61_8fd1f_default.txt,analysis_results/full_run_20260613/predictions/vatebr34/prenumeranten__61_8fd1f_default.xml,1797,2100,3.8015609310589555,4.442558684042185,4.097140341403031,73,0.8287375368613851,0.8287375368613851,382,73,1.1686143572621035,1.0,True,False,False
vatebr34,Vat Ebr 34,61_8fd1f_default.jpg,61_8fd1f_default,sephardi,sephardi,6505.182931936346,0.992462311557789,0.7628524046434494,1360.0,gt,datasets/vatebr34/gt/61_8fd1f_default.txt,analysis_results/full_run_20260613/predictions/vatebr34/sephardi__61_8fd1f_default.xml,1797,1811,3.5920391672757295,3.620023890893904,3.6059772349979746,73,0.9659194701489275,0.9659194701489275,416,73,1.0077907623817473,1.0,True,True,True
vatebr34,Vat Ebr 34,61_8fd1f_default.jpg,61_8fd1f_default,sinai_no_voc_61,sinai no voc 61,6587.290128301829,0.9974874371859296,0.7628524046434494,1377.0,gt,datasets/vatebr34/gt/61_8fd1f_default.txt,analysis_results/full_run_20260613/predictions/vatebr34/sinai_no_voc_61__61_8fd1f_default.xml,1797,1817,3.6253660585040337,3.665715152087829,3.645428958661776,73,0.9623791634629674,0.9623791634629674,372,73,1.0111296605453535,1.0,True,True,True
vatebr34,Vat Ebr 34,61_8fd1f_default.jpg,61_8fd1f_default,vat44,vat44,7198.402656979859,0.9824120603015076,0.7783305693753455,1405.0,gt,datasets/vatebr34/gt/61_8fd1f_default.txt,analysis_results/full_run_20260613/predictions/vatebr34/vat44__61_8fd1f_default.xml,1797,1881,3.826901997331132,4.005788902047779,3.914302695475725,73,0.9471797642968364,0.9471797642968364,371,73,1.0467445742904842,1.0,True,True,True
vatebr34,Vat Ebr 34,63_00fcb_default.jpg,63_00fcb_default,ashkenazy,ashkenazy,5389.595765498132,0.9800498753117208,0.75,1363.0,gt,datasets/vatebr34/gt/63_00fcb_default.txt,analysis_results/full_run_20260613/predictions/vatebr34/ashkenazy__63_00fcb_default.xml,1826,1812,2.9743905990607793,2.9515858518609703,2.962944346068242,72,0.9693077398004228,0.9693077398004228,427,72,0.9923329682365827,1.0,True,True,True
vatebr34,Vat Ebr 34,63_00fcb_default.jpg,63_00fcb_default,biblia9,biblia9,7658.785486936569,0.9925187032418952,0.7868763557483731,1451.0,gt,datasets/vatebr34/gt/63_00fcb_default.txt,analysis_results/full_run_20260613/predictions/vatebr34/biblia9__63_00fcb_default.xml,1826,1941,3.94579365633002,4.194296542681582,4.06625191767272,72,0.9717672377662855,0.9717672377662855,407,72,1.0629791894852136,1.0,True,True,True
vatebr34,Vat Ebr 34,63_00fcb_default.jpg,63_00fcb_default,italian_7,italian 7,5215.342383716721,0.9850374064837906,0.7516268980477223,1371.0,gt,datasets/vatebr34/gt/63_00fcb_default.txt,analysis_results/full_run_20260613/predictions/vatebr34/italian_7__63_00fcb_default.xml,1826,1825,2.857721854091354,2.8561568366466163,2.8569391310417536,72,0.9719695764664475,0.9719695764664475,421,72,0.9994523548740416,1.0,True,True,True
vatebr34,Vat Ebr 34,63_00fcb_default.jpg,63_00fcb_default,prenumeranten,prenumeranten,8109.777028117009,0.9950124688279302,0.838937093275488,1563.0,gt,datasets/vatebr34/gt/63_00fcb_default.txt,analysis_results/full_run_20260613/predictions/vatebr34/prenumeranten__63_00fcb_default.xml,1826,2134,3.800270397430651,4.441279862057508,4.095846983897479,72,0.8147283738472869,0.8147283738472869,390,72,1.1686746987951808,1.0,True,False,False
vatebr34,Vat Ebr 34,63_00fcb_default.jpg,63_00fcb_default,sephardi,sephardi,6784.161345800385,0.9850374064837906,0.764642082429501,1383.0,gt,datasets/vatebr34/gt/63_00fcb_default.txt,analysis_results/full_run_20260613/predictions/vatebr34/sephardi__63_00fcb_default.xml,1826,1852,3.6631540744062554,3.7153128947428176,3.6890491276782953,72,0.9666534446638969,0.9666534446638969,433,72,1.0142387732749178,1.0,True,True,True
vatebr34,Vat Ebr 34,63_00fcb_default.jpg,63_00fcb_default,sinai_no_voc_61,sinai no voc 61,6855.832013306004,0.9875311720698254,0.7581344902386117,1395.0,gt,datasets/vatebr34/gt/63_00fcb_default.txt,analysis_results/full_run_20260613/predictions/vatebr34/sinai_no_voc_61__63_00fcb_default.xml,1826,1847,3.711874398108286,3.7545629864764534,3.7330966584840755,72,0.9647951536109177,0.9647951536109177,370,72,1.011500547645126,1.0,True,True,True
vatebr34,Vat Ebr 34,63_00fcb_default.jpg,63_00fcb_default,vat44,vat44,7693.489039838314,0.9750623441396508,0.7765726681127982,1435.0,gt,datasets/vatebr34/gt/63_00fcb_default.txt,analysis_results/full_run_20260613/predictions/vatebr34/vat44__63_00fcb_default.xml,1826,1932,3.982137184181322,4.213301774281661,4.09445930805658,72,0.9481297772051835,0.9481297772051835,371,72,1.0580503833515882,1.0,True,True,True
vatebr34,Vat Ebr 34,7_fdcd1_default.jpg,7_fdcd1_default,ashkenazy,ashkenazy,6709.361067568883,0.9882903981264636,0.7382307294361097,1420.0,gt,datasets/vatebr34/gt/7_fdcd1_default.txt,analysis_results/full_run_20260613/predictions/vatebr34/ashkenazy__7_fdcd1_default.xml,1928,1930,3.4763528847507166,3.4799590599423667,3.47815503761995,64,0.9459680054924465,0.9459680054924465,449,64,1.0010373443983402,1.0,True,True,True
vatebr34,Vat Ebr 34,7_fdcd1_default.jpg,7_fdcd1_default,biblia9,biblia9,7258.671524435282,0.9953161592505856,0.7542679772374548,1461.0,gt,datasets/vatebr34/gt/7_fdcd1_default.txt,analysis_results/full_run_20260613/predictions/vatebr34/biblia9__7_fdcd1_default.xml,1928,1985,3.6567614732671445,3.7648711226324076,3.710028890587928,64,0.9606683933195166,0.9606683933195166,428,64,1.029564315352697,1.0,True,True,True
vatebr34,Vat Ebr 34,7_fdcd1_default.jpg,7_fdcd1_default,italian_7,italian 7,6332.984524270869,1.0,0.7408173823072943,1431.0,gt,datasets/vatebr34/gt/7_fdcd1_default.txt,analysis_results/full_run_20260613/predictions/vatebr34/italian_7__7_fdcd1_default.xml,1928,1949,3.2493507051158894,3.284743010513936,3.2669510055562903,64,0.9629029228033403,0.9629029228033403,449,64,1.0108921161825726,1.0,True,True,True
vatebr34,Vat Ebr 34,7_fdcd1_default.jpg,7_fdcd1_default,prenumeranten,prenumeranten,7835.996995682319,0.990632318501171,0.8241076047594413,1602.0,gt,datasets/vatebr34/gt/7_fdcd1_default.txt,analysis_results/full_run_20260613/predictions/vatebr34/prenumeranten__7_fdcd1_default.xml,1928,2243,3.493534104182933,4.064313794441037,3.7573708921996256,64,0.7681158067456473,0.7681158067456473,406,64,1.1633817427385893,1.0,True,False,False
vatebr34,Vat Ebr 34,7_fdcd1_default.jpg,7_fdcd1_default,sephardi,sephardi,6734.44546700269,0.9953161592505856,0.7568546301086394,1448.0,gt,datasets/vatebr34/gt/7_fdcd1_default.txt,analysis_results/full_run_20260613/predictions/vatebr34/sephardi__7_fdcd1_default.xml,1928,1965,3.427198710942845,3.492969640561561,3.4597716244555303,64,0.9500501841303273,0.9500501841303273,457,64,1.0191908713692945,1.0,True,True,True
vatebr34,Vat Ebr 34,7_fdcd1_default.jpg,7_fdcd1_default,sinai_no_voc_61,sinai no voc 61,6867.21732393415,0.981264637002342,0.7434040351784791,1438.0,gt,datasets/vatebr34/gt/7_fdcd1_default.txt,analysis_results/full_run_20260613/predictions/vatebr34/sinai_no_voc_61__7_fdcd1_default.xml,1928,1928,3.561834711584103,3.561834711584103,3.561834711584103,64,0.9480965380117007,0.9480965380117007,392,64,1.0,1.0,True,True,True
vatebr34,Vat Ebr 34,7_fdcd1_default.jpg,7_fdcd1_default,vat44,vat44,6965.350251734257,0.981264637002342,0.7532333160889808,1457.0,gt,datasets/vatebr34/gt/7_fdcd1_default.txt,analysis_results/full_run_20260613/predictions/vatebr34/vat44__7_fdcd1_default.xml,1928,1937,3.5959474712102515,3.6127335330571873,3.604320958206601,64,0.9321129629283358,0.9321129629283358,383,64,1.004668049792531,1.0,True,True,True
vatebr34,Vat Ebr 34,99_05b89_default.jpg,99_05b89_default,ashkenazy,ashkenazy,6177.73485557735,0.9926470588235294,0.7603121516164995,1352.0,gt,datasets/vatebr34/gt/99_05b89_default.txt,analysis_results/full_run_20260613/predictions/vatebr34/ashkenazy__99_05b89_default.xml,1786,1805,3.4225677870234623,3.458978082630095,3.4406766112934277,73,0.9626279435167874,0.9626279435167874,421,73,1.0106382978723405,1.0,True,True,True
vatebr34,Vat Ebr 34,99_05b89_default.jpg,99_05b89_default,biblia9,biblia9,7466.4140726150945,0.9950980392156864,0.7909698996655519,1418.0,gt,datasets/vatebr34/gt/99_05b89_default.txt,analysis_results/full_run_20260613/predictions/vatebr34/biblia9__99_05b89_default.xml,1786,1920,3.8887573294870283,4.180522996984935,4.029365392668696,73,0.9702457998902446,0.9702457998902446,410,73,1.0750279955207167,1.0,True,True,True
vatebr34,Vat Ebr 34,99_05b89_default.jpg,99_05b89_default,italian_7,italian 7,5578.846526550013,0.9950980392156864,0.7508361204013378,1342.0,gt,datasets/vatebr34/gt/99_05b89_default.txt,analysis_results/full_run_20260613/predictions/vatebr34/italian_7__99_05b89_default.xml,1786,1790,3.116674037178778,3.1236542701847774,3.1201602497483294,73,0.9715081372934142,0.9715081372934142,420,73,1.002239641657335,1.0,True,True,True
vatebr34,Vat Ebr 34,99_05b89_default.jpg,99_05b89_default,prenumeranten,prenumeranten,8094.133788627922,0.9975490196078431,0.8361204013377926,1518.0,gt,datasets/vatebr34/gt/99_05b89_default.txt,analysis_results/full_run_20260613/predictions/vatebr34/prenumeranten__99_05b89_default.xml,1786,2098,3.8580237314718406,4.531989803263114,4.167937069324368,73,0.8250087125730989,0.8250087125730989,391,73,1.1746920492721165,1.0,True,False,False
vatebr34,Vat Ebr 34,99_05b89_default.jpg,99_05b89_default,sephardi,sephardi,6838.9298053029925,0.9950980392156864,0.7675585284280937,1365.0,gt,datasets/vatebr34/gt/99_05b89_default.txt,analysis_results/full_run_20260613/predictions/vatebr34/sephardi__99_05b89_default.xml,1786,1822,3.753528982054332,3.829188020886334,3.7909810450681776,73,0.9592507764310062,0.9592507764310062,417,73,1.0201567749160134,1.0,True,True,True
vatebr34,Vat Ebr 34,99_05b89_default.jpg,99_05b89_default,sinai_no_voc_61,sinai no voc 61,6994.614754624665,0.9950980392156864,0.7681159420289855,1378.0,gt,datasets/vatebr34/gt/99_05b89_default.txt,analysis_results/full_run_20260613/predictions/vatebr34/sinai_no_voc_61__99_05b89_default.xml,1786,1847,3.7870139440306794,3.9163576453665536,3.8505999199695373,73,0.9638458666979285,0.9638458666979285,371,73,1.0341545352743562,1.0,True,True,True
vatebr34,Vat Ebr 34,99_05b89_default.jpg,99_05b89_default,vat44,vat44,7517.97029325366,0.9852941176470588,0.782608695652174,1403.0,gt,datasets/vatebr34/gt/99_05b89_default.txt,analysis_results/full_run_20260613/predictions/vatebr34/vat44__99_05b89_default.xml,1786,1911,3.9340503889344114,4.209389861844155,4.067065346634385,73,0.9379842551777549,0.9379842551777549,366,73,1.0699888017917134,1.0,True,True,True
vatebr34,Vat Ebr 34,9_492ab_default.jpg,9_492ab_default,ashkenazy,ashkenazy,5736.228979140287,0.995085995085995,0.7556728232189973,1418.0,gt,datasets/vatebr34/gt/9_492ab_default.txt,analysis_results/full_run_20260613/predictions/vatebr34/ashkenazy__9_492ab_default.xml,1881,1892,3.031833498488524,3.049563518947521,3.0406726632071495,64,0.9600598032100548,0.9600598032100548,425,64,1.0058479532163742,1.0,True,True,True
vatebr34,Vat Ebr 34,9_492ab_default.jpg,9_492ab_default,biblia9,biblia9,7108.386306852102,0.9926289926289926,0.770976253298153,1458.0,gt,datasets/vatebr34/gt/9_492ab_default.txt,analysis_results/full_run_20260613/predictions/vatebr34/biblia9__9_492ab_default.xml,1881,1946,3.6528192738191687,3.779046415126051,3.714860886779254,64,0.961621995200066,0.961621995200066,403,64,1.0345560871876662,1.0,True,True,True
vatebr34,Vat Ebr 34,9_492ab_default.jpg,9_492ab_default,italian_7,italian 7,5486.086361322203,0.9975429975429976,0.7509234828496042,1412.0,gt,datasets/vatebr34/gt/9_492ab_default.txt,analysis_results/full_run_20260613/predictions/vatebr34/italian_7__9_492ab_default.xml,1881,1880,2.9181310432564906,2.916579671091017,2.917355150929116,64,0.9625727144369689,0.9625727144369689,423,64,0.9994683678894205,1.0,True,True,True
vatebr34,Vat Ebr 34,9_492ab_default.jpg,9_492ab_default,prenumeranten,prenumeranten,7639.406611009734,0.9975429975429976,0.8200527704485489,1560.0,gt,datasets/vatebr34/gt/9_492ab_default.txt,analysis_results/full_run_20260613/predictions/vatebr34/prenumeranten__9_492ab_default.xml,1881,2124,3.596707443978217,4.06135386018593,3.8149346372083563,64,0.7813954538829486,0.7813954538829486,368,64,1.1291866028708133,1.0,True,False,False
vatebr34,Vat Ebr 34,9_492ab_default.jpg,9_492ab_default,sephardi,sephardi,6457.876665320073,1.0171990171990173,0.7672823218997361,1440.0,gt,datasets/vatebr34/gt/9_492ab_default.txt,analysis_results/full_run_20260613/predictions/vatebr34/sephardi__9_492ab_default.xml,1881,1933,3.3408570436213516,3.433214601446078,3.386406221982209,64,0.9588929770312232,0.9588929770312232,445,64,1.0276448697501328,1.0,True,True,True
vatebr34,Vat Ebr 34,9_492ab_default.jpg,9_492ab_default,sinai_no_voc_61,sinai no voc 61,6557.98794777412,0.9901719901719902,0.7567282321899736,1430.0,gt,datasets/vatebr34/gt/9_492ab_default.txt,analysis_results/full_run_20260613/predictions/vatebr34/sinai_no_voc_61__9_492ab_default.xml,1881,1918,3.4191803690167464,3.4864369738299414,3.4524811517631586,64,0.9458610441115535,0.9458610441115535,375,64,1.0196703880914406,1.0,True,True,True
vatebr34,Vat Ebr 34,9_492ab_default.jpg,9_492ab_default,vat44,vat44,7081.165623426437,0.9877149877149876,0.7662269129287599,1443.0,gt,datasets/vatebr34/gt/9_492ab_default.txt,analysis_results/full_run_20260613/predictions/vatebr34/vat44__9_492ab_default.xml,1881,1892,3.74268796164188,3.764575025745049,3.7535995883522064,64,0.9419242455503388,0.9419242455503388,362,64,1.0058479532163742,1.0,True,True,True
vatican34midrashtanchu,Vatican 34 Midrash Tanchuma,106_34e13_default.jpg,106_34e13_default,ashkenazy,ashkenazy,5854.330010909587,0.9902200488997556,0.7469234884965222,1405.0,gt,datasets/vatican34midrashtanchu/gt/106_34e13_default.txt,analysis_results/full_run_20260613/predictions/vatican34midrashtanchu/ashkenazy__106_34e13_default.xml,1907,1835,3.1903705781523635,3.069916104304975,3.1289845060981225,72,0.9685045562237546,0.9685045562237546,410,72,0.9622443628736235,1.0,True,True,True
vatican34midrashtanchu,Vatican 34 Midrash Tanchuma,106_34e13_default.jpg,106_34e13_default,biblia9,biblia9,7192.925552411936,0.9902200488997556,0.763509898341359,1442.0,gt,datasets/vatican34midrashtanchu/gt/106_34e13_default.txt,analysis_results/full_run_20260613/predictions/vatican34midrashtanchu/biblia9__106_34e13_default.xml,1907,1904,3.7777970338297986,3.7718539865820326,3.7748231710374895,72,0.9705773100036086,0.9705773100036086,388,72,0.9984268484530676,1.0,True,True,True
vatican34midrashtanchu,Vatican 34 Midrash Tanchuma,106_34e13_default.jpg,106_34e13_default,italian_7,italian 7,5580.516246873885,0.9902200488997556,0.7453183520599251,1404.0,gt,datasets/vatican34midrashtanchu/gt/106_34e13_default.txt,analysis_results/full_run_20260613/predictions/vatican34midrashtanchu/italian_7__106_34e13_default.xml,1907,1838,3.036189470551624,2.92633258881693,2.9802489969953996,72,0.9718375133769795,0.9718375133769795,407,72,0.9638175144205559,1.0,True,True,True
vatican34midrashtanchu,Vatican 34 Midrash Tanchuma,106_34e13_default.jpg,106_34e13_default,prenumeranten,prenumeranten,8354.945826747338,0.9926650366748166,0.8261102193686464,1572.0,gt,datasets/vatican34midrashtanchu/gt/106_34e13_default.txt,analysis_results/full_run_20260613/predictions/vatican34midrashtanchu/prenumeranten__106_34e13_default.xml,1907,2152,3.8824097707933727,4.381198650627865,4.11675083850571,72,0.7814444825986998,0.7814444825986998,385,72,1.1284740429994755,1.0,True,False,False
vatican34midrashtanchu,Vatican 34 Midrash Tanchuma,106_34e13_default.jpg,106_34e13_default,sephardi,sephardi,6553.314474083483,0.9902200488997556,0.7549491706795077,1417.0,gt,datasets/vatican34midrashtanchu/gt/106_34e13_default.txt,analysis_results/full_run_20260613/predictions/vatican34midrashtanchu/sephardi__106_34e13_default.xml,1907,1872,3.500702176326647,3.4364522674795404,3.4682796899092265,72,0.9624572572822943,0.9624572572822943,414,72,0.9816465652857892,1.0,True,True,True
vatican34midrashtanchu,Vatican 34 Midrash Tanchuma,106_34e13_default.jpg,106_34e13_default,sinai_no_voc_61,sinai no voc 61,6719.710716187954,0.9853300733496332,0.7586944890315677,1434.0,gt,datasets/vatican34midrashtanchu/gt/106_34e13_default.txt,analysis_results/full_run_20260613/predictions/vatican34midrashtanchu/sinai_no_voc_61__106_34e13_default.xml,1907,1911,3.5163321382459203,3.5237077693696666,3.520016090197985,72,0.9686354717979965,0.9686354717979965,372,72,1.0020975353959098,1.0,True,True,True
vatican34midrashtanchu,Vatican 34 Midrash Tanchuma,106_34e13_default.jpg,106_34e13_default,vat44,vat44,7084.032506935298,0.9877750611246944,0.7592295345104334,1434.0,gt,datasets/vatican34midrashtanchu/gt/106_34e13_default.txt,analysis_results/full_run_20260613/predictions/vatican34midrashtanchu/vat44__106_34e13_default.xml,1907,1884,3.760102179901963,3.7147522322681166,3.737289637000949,72,0.9436605739507953,0.9436605739507953,362,72,0.9879391714735186,1.0,True,True,True
vatican34midrashtanchu,Vatican 34 Midrash Tanchuma,407_d9adf_default.jpg,407_d9adf_default,ashkenazy,ashkenazy,6353.730498213321,0.989821882951654,0.7612833061446438,1402.0,gt,datasets/vatican34midrashtanchu/gt/407_d9adf_default.txt,analysis_results/full_run_20260613/predictions/vatican34midrashtanchu/ashkenazy__407_d9adf_default.xml,1859,1838,3.456871870627487,3.4178216773605814,3.4372358659525677,72,0.9584127024960932,0.9584127024960932,393,72,0.9887036040882194,1.0,True,True,True
vatican34midrashtanchu,Vatican 34 Midrash Tanchuma,407_d9adf_default.jpg,407_d9adf_default,biblia9,biblia9,7584.4264288544655,0.9923664122137404,0.7917346383904296,1465.0,gt,datasets/vatican34midrashtanchu/gt/407_d9adf_default.txt,analysis_results/full_run_20260613/predictions/vatican34midrashtanchu/biblia9__407_d9adf_default.xml,1859,1942,3.905471899513113,4.079842081148179,3.990753185400929,72,0.9684598243102026,0.9684598243102026,394,72,1.0446476600322754,1.0,True,True,True
vatican34midrashtanchu,Vatican 34 Midrash Tanchuma,407_d9adf_default.jpg,407_d9adf_default,italian_7,italian 7,5453.764480528887,0.9821882951653944,0.7574768896139206,1396.0,gt,datasets/vatican34midrashtanchu/gt/407_d9adf_default.txt,analysis_results/full_run_20260613/predictions/vatican34midrashtanchu/italian_7__407_d9adf_default.xml,1859,1821,2.994928325386539,2.9337087038885894,2.9640024350700473,72,0.9709144369368592,0.9709144369368592,389,72,0.9795589026358257,1.0,True,True,True
vatican34midrashtanchu,Vatican 34 Midrash Tanchuma,407_d9adf_default.jpg,407_d9adf_default,prenumeranten,prenumeranten,8507.57257592678,0.9974554707379136,0.831973898858075,1567.0,gt,datasets/vatican34midrashtanchu/gt/407_d9adf_default.txt,analysis_results/full_run_20260613/predictions/vatican34midrashtanchu/prenumeranten__407_d9adf_default.xml,1859,2145,3.966234301131366,4.576424193613115,4.249536751212178,72,0.7860764683624262,0.7860764683624262,389,72,1.1538461538461537,1.0,True,False,False
vatican34midrashtanchu,Vatican 34 Midrash Tanchuma,407_d9adf_default.jpg,407_d9adf_default,sephardi,sephardi,6585.718389146496,0.989821882951654,0.7705274605764002,1418.0,gt,datasets/vatican34midrashtanchu/gt/407_d9adf_default.txt,analysis_results/full_run_20260613/predictions/vatican34midrashtanchu/sephardi__407_d9adf_default.xml,1859,1844,3.5714307967171885,3.542613442252015,3.5569637532522256,72,0.9650469753310725,0.9650469753310725,397,72,0.9919311457772996,1.0,True,True,True
vatican34midrashtanchu,Vatican 34 Midrash Tanchuma,407_d9adf_default.jpg,407_d9adf_default,sinai_no_voc_61,sinai no voc 61,6519.410028871149,0.989821882951654,0.7618270799347472,1406.0,gt,datasets/vatican34midrashtanchu/gt/407_d9adf_default.txt,analysis_results/full_run_20260613/predictions/vatican34midrashtanchu/sinai_no_voc_61__407_d9adf_default.xml,1859,1825,3.572279467874602,3.5069446093981433,3.539310547704207,72,0.9611963253387903,0.9611963253387903,358,72,0.9817105970952125,1.0,True,True,True
vatican34midrashtanchu,Vatican 34 Midrash Tanchuma,407_d9adf_default.jpg,407_d9adf_default,vat44,vat44,7342.596014142036,0.9872773536895676,0.7770527460576401,1432.0,gt,datasets/vatican34midrashtanchu/gt/407_d9adf_default.txt,analysis_results/full_run_20260613/predictions/vatican34midrashtanchu/vat44__407_d9adf_default.xml,1859,1877,3.9118785371028433,3.949755790286195,3.930725917634923,72,0.9476953890838291,0.9476953890838291,358,72,1.0096826250672404,1.0,True,True,True
vatican44amitaimidrashtanchu,Vatican 44 Amitai Midrash Tanchuma,172_41b9b_default.jpg,172_41b9b_default,ashkenazy,ashkenazy,,,,,gt,datasets/vatican44amitaimidrashtanchu/gt/172_41b9b_default.txt,,0,0,,,,0,,,0,0,0.0,0.0,False,False,False
vatican44amitaimidrashtanchu,Vatican 44 Amitai Midrash Tanchuma,172_41b9b_default.jpg,172_41b9b_default,biblia9,biblia9,,,,,gt,datasets/vatican44amitaimidrashtanchu/gt/172_41b9b_default.txt,,0,0,,,,0,,,0,0,0.0,0.0,False,False,False
vatican44amitaimidrashtanchu,Vatican 44 Amitai Midrash Tanchuma,172_41b9b_default.jpg,172_41b9b_default,italian_7,italian 7,,,,,gt,datasets/vatican44amitaimidrashtanchu/gt/172_41b9b_default.txt,,0,0,,,,0,,,0,0,0.0,0.0,False,False,False
vatican44amitaimidrashtanchu,Vatican 44 Amitai Midrash Tanchuma,172_41b9b_default.jpg,172_41b9b_default,prenumeranten,prenumeranten,,,,,gt,datasets/vatican44amitaimidrashtanchu/gt/172_41b9b_default.txt,,0,0,,,,0,,,0,0,0.0,0.0,False,False,False
vatican44amitaimidrashtanchu,Vatican 44 Amitai Midrash Tanchuma,172_41b9b_default.jpg,172_41b9b_default,sephardi,sephardi,,,,,gt,datasets/vatican44amitaimidrashtanchu/gt/172_41b9b_default.txt,,0,0,,,,0,,,0,0,0.0,0.0,False,False,False
vatican44amitaimidrashtanchu,Vatican 44 Amitai Midrash Tanchuma,172_41b9b_default.jpg,172_41b9b_default,sinai_no_voc_61,sinai no voc 61,,,,,gt,datasets/vatican44amitaimidrashtanchu/gt/172_41b9b_default.txt,,0,0,,,,0,,,0,0,0.0,0.0,False,False,False
vatican44amitaimidrashtanchu,Vatican 44 Amitai Midrash Tanchuma,172_41b9b_default.jpg,172_41b9b_default,vat44,vat44,,,,,gt,datasets/vatican44amitaimidrashtanchu/gt/172_41b9b_default.txt,,0,0,,,,0,,,0,0,0.0,0.0,False,False,False
vatican44amitaimidrashtanchu,Vatican 44 Amitai Midrash Tanchuma,217_39817_default.jpg,217_39817_default,ashkenazy,ashkenazy,3409.071992788231,0.3592233009708738,0.0978552278820375,146.0,gt,datasets/vatican44amitaimidrashtanchu/gt/217_39817_default.txt,analysis_results/full_run_20260613/predictions/vatican44amitaimidrashtanchu/ashkenazy__217_39817_default.xml,1491,1465,2.3270115991728537,2.286433261427385,2.3065439734697097,27,0.9662198146783806,0.9662198146783806,314,27,0.9825620389000671,1.0,True,True,True
vatican44amitaimidrashtanchu,Vatican 44 Amitai Midrash Tanchuma,217_39817_default.jpg,217_39817_default,biblia9,biblia9,2050.9132993523344,0.0161812297734627,0.0040214477211796,7.0,gt,datasets/vatican44amitaimidrashtanchu/gt/217_39817_default.txt,analysis_results/full_run_20260613/predictions/vatican44amitaimidrashtanchu/biblia9__217_39817_default.xml,1491,1487,1.379228849598073,1.3755287051323504,1.3773762923790023,27,0.9777535647381249,0.9777535647381249,312,27,0.9973172367538564,1.0,True,True,True
vatican44amitaimidrashtanchu,Vatican 44 Amitai Midrash Tanchuma,217_39817_default.jpg,217_39817_default,italian_7,italian 7,3264.327036325616,0.3236245954692556,0.081769436997319,121.0,gt,datasets/vatican44amitaimidrashtanchu/gt/217_39817_default.txt,analysis_results/full_run_20260613/predictions/vatican44amitaimidrashtanchu/italian_7__217_39817_default.xml,1491,1493,2.186421323727807,2.189354149111748,2.187886753569448,27,0.9679664837980072,0.9679664837980072,315,27,1.0013413816230718,1.0,True,True,True
vatican44amitaimidrashtanchu,Vatican 44 Amitai Midrash Tanchuma,217_39817_default.jpg,217_39817_default,prenumeranten,prenumeranten,5377.673624439165,0.9967637540453076,0.564343163538874,861.0,gt,datasets/vatican44amitaimidrashtanchu/gt/217_39817_default.txt,analysis_results/full_run_20260613/predictions/vatican44amitaimidrashtanchu/prenumeranten__217_39817_default.xml,1491,1604,3.352664354388507,3.6067562873502115,3.475071809007538,27,0.6542626912885181,0.6542626912885181,323,27,1.0757880617035547,1.0,True,False,False
vatican44amitaimidrashtanchu,Vatican 44 Amitai Midrash Tanchuma,217_39817_default.jpg,217_39817_default,sephardi,sephardi,3299.004635360121,0.3333333333333333,0.0878016085790884,132.0,gt,datasets/vatican44amitaimidrashtanchu/gt/217_39817_default.txt,analysis_results/full_run_20260613/predictions/vatican44amitaimidrashtanchu/sephardi__217_39817_default.xml,1491,1491,2.2126120961503157,2.2126120961503157,2.2126120961503157,27,0.9639024411379786,0.9639024411379786,320,27,1.0,1.0,True,True,True
vatican44amitaimidrashtanchu,Vatican 44 Amitai Midrash Tanchuma,217_39817_default.jpg,217_39817_default,sinai_no_voc_61,sinai no voc 61,3855.485390368121,0.5825242718446602,0.225201072386059,334.0,gt,datasets/vatican44amitaimidrashtanchu/gt/217_39817_default.txt,analysis_results/full_run_20260613/predictions/vatican44amitaimidrashtanchu/sinai_no_voc_61__217_39817_default.xml,1491,1472,2.619215618456604,2.5858386253307315,2.6024201082471285,27,0.9614317086040115,0.9614317086040115,286,27,0.9872568745808182,1.0,True,True,True
vatican44amitaimidrashtanchu,Vatican 44 Amitai Midrash Tanchuma,217_39817_default.jpg,217_39817_default,vat44,vat44,2817.6211433797835,0.3268608414239482,0.0676943699731903,100.0,gt,datasets/vatican44amitaimidrashtanchu/gt/217_39817_default.txt,analysis_results/full_run_20260613/predictions/vatican44amitaimidrashtanchu/vat44__217_39817_default.xml,1491,1438,1.959402742266887,1.8897526112540466,1.9239475202320133,27,0.9636553847818583,0.9636553847818583,273,27,0.9644533869885983,1.0,True,True,True
vatican44amitaimidrashtanchu,Vatican 44 Amitai Midrash Tanchuma,275_1c93f_default.jpg,275_1c93f_default,ashkenazy,ashkenazy,,,,,gt,datasets/vatican44amitaimidrashtanchu/gt/275_1c93f_default.txt,,0,0,,,,0,,,0,0,0.0,0.0,False,False,False
vatican44amitaimidrashtanchu,Vatican 44 Amitai Midrash Tanchuma,275_1c93f_default.jpg,275_1c93f_default,biblia9,biblia9,,,,,gt,datasets/vatican44amitaimidrashtanchu/gt/275_1c93f_default.txt,,0,0,,,,0,,,0,0,0.0,0.0,False,False,False
vatican44amitaimidrashtanchu,Vatican 44 Amitai Midrash Tanchuma,275_1c93f_default.jpg,275_1c93f_default,italian_7,italian 7,,,,,gt,datasets/vatican44amitaimidrashtanchu/gt/275_1c93f_default.txt,,0,0,,,,0,,,0,0,0.0,0.0,False,False,False
vatican44amitaimidrashtanchu,Vatican 44 Amitai Midrash Tanchuma,275_1c93f_default.jpg,275_1c93f_default,prenumeranten,prenumeranten,,,,,gt,datasets/vatican44amitaimidrashtanchu/gt/275_1c93f_default.txt,,0,0,,,,0,,,0,0,0.0,0.0,False,False,False
vatican44amitaimidrashtanchu,Vatican 44 Amitai Midrash Tanchuma,275_1c93f_default.jpg,275_1c93f_default,sephardi,sephardi,,,,,gt,datasets/vatican44amitaimidrashtanchu/gt/275_1c93f_default.txt,,0,0,,,,0,,,0,0,0.0,0.0,False,False,False
vatican44amitaimidrashtanchu,Vatican 44 Amitai Midrash Tanchuma,275_1c93f_default.jpg,275_1c93f_default,sinai_no_voc_61,sinai no voc 61,,,,,gt,datasets/vatican44amitaimidrashtanchu/gt/275_1c93f_default.txt,,0,0,,,,0,,,0,0,0.0,0.0,False,False,False
vatican44amitaimidrashtanchu,Vatican 44 Amitai Midrash Tanchuma,275_1c93f_default.jpg,275_1c93f_default,vat44,vat44,,,,,gt,datasets/vatican44amitaimidrashtanchu/gt/275_1c93f_default.txt,,0,0,,,,0,,,0,0,0.0,0.0,False,False,False
vatican44amitaimidrashtanchu,Vatican 44 Amitai Midrash Tanchuma,310_5d59d_default.jpg,310_5d59d_default,ashkenazy,ashkenazy,3893.873751367908,0.4277108433734939,0.1091463414634146,191.0,gt,datasets/vatican44amitaimidrashtanchu/gt/310_5d59d_default.txt,analysis_results/full_run_20260613/predictions/vatican44amitaimidrashtanchu/ashkenazy__310_5d59d_default.xml,1652,1599,2.4351930902863717,2.3570664354527286,2.3954929260952986,29,0.9634439708805781,0.9634439708805781,332,29,0.9679176755447942,1.0,True,True,True
vatican44amitaimidrashtanchu,Vatican 44 Amitai Midrash Tanchuma,310_5d59d_default.jpg,310_5d59d_default,biblia9,biblia9,2019.9480928287703,0.0180722891566265,0.0048780487804878,8.0,gt,datasets/vatican44amitaimidrashtanchu/gt/310_5d59d_default.txt,analysis_results/full_run_20260613/predictions/vatican44amitaimidrashtanchu/biblia9__310_5d59d_default.xml,1652,1645,1.2279319713244805,1.2227288697510716,1.2253248970753838,29,0.9829643036356139,0.9829643036356139,331,29,0.9957627118644068,1.0,True,True,True
vatican44amitaimidrashtanchu,Vatican 44 Amitai Midrash Tanchuma,310_5d59d_default.jpg,310_5d59d_default,italian_7,italian 7,3886.9057640849783,0.4367469879518072,0.1067073170731707,183.0,gt,datasets/vatican44amitaimidrashtanchu/gt/310_5d59d_default.txt,analysis_results/full_run_20260613/predictions/vatican44amitaimidrashtanchu/italian_7__310_5d59d_default.xml,1652,1643,2.365736922754095,2.3528485254751685,2.359275122358105,29,0.9632264286070175,0.9632264286070175,338,29,0.9945520581113801,1.0,True,True,True
vatican44amitaimidrashtanchu,Vatican 44 Amitai Midrash Tanchuma,310_5d59d_default.jpg,310_5d59d_default,prenumeranten,prenumeranten,5795.927416716469,1.0602409638554218,0.6042682926829268,1006.0,gt,datasets/vatican44amitaimidrashtanchu/gt/310_5d59d_default.txt,analysis_results/full_run_20260613/predictions/vatican44amitaimidrashtanchu/prenumeranten__310_5d59d_default.xml,1652,1673,3.464391761336802,3.50843063965888,3.486272130355771,29,0.606616602127623,0.606616602127623,365,29,1.0127118644067796,1.0,True,False,False
vatican44amitaimidrashtanchu,Vatican 44 Amitai Midrash Tanchuma,310_5d59d_default.jpg,310_5d59d_default,sephardi,sephardi,3800.345612372272,0.4277108433734939,0.0969512195121951,170.0,gt,datasets/vatican44amitaimidrashtanchu/gt/310_5d59d_default.txt,analysis_results/full_run_20260613/predictions/vatican44amitaimidrashtanchu/sephardi__310_5d59d_default.xml,1652,1641,2.3158717930361195,2.300451339208397,2.3081358107332353,29,0.9608121261564446,0.9608121261564446,351,29,0.9933414043583535,1.0,True,True,True
vatican44amitaimidrashtanchu,Vatican 44 Amitai Midrash Tanchuma,310_5d59d_default.jpg,310_5d59d_default,sinai_no_voc_61,sinai no voc 61,4690.219441898633,0.6566265060240963,0.2304878048780488,391.0,gt,datasets/vatican44amitaimidrashtanchu/gt/310_5d59d_default.txt,analysis_results/full_run_20260613/predictions/vatican44amitaimidrashtanchu/sinai_no_voc_61__310_5d59d_default.xml,1652,1618,2.898775922063432,2.839115884926533,2.8686357442805095,29,0.9560735226179966,0.9560735226179966,324,29,0.9794188861985472,1.0,True,True,True
vatican44amitaimidrashtanchu,Vatican 44 Amitai Midrash Tanchuma,310_5d59d_default.jpg,310_5d59d_default,vat44,vat44,3071.9421029195946,0.286144578313253,0.0707317073170731,116.0,gt,datasets/vatican44amitaimidrashtanchu/gt/310_5d59d_default.txt,analysis_results/full_run_20260613/predictions/vatican44amitaimidrashtanchu/vat44__310_5d59d_default.xml,1652,1610,1.9080385732419842,1.8595291179900695,1.8834715529856496,29,0.9573247161403379,0.9573247161403379,315,29,0.9745762711864406,1.0,True,True,True
vatican44amitaimidrashtanchu,Vatican 44 Amitai Midrash Tanchuma,318_06e85_default.jpg,318_06e85_default,ashkenazy,ashkenazy,,,,,gt,datasets/vatican44amitaimidrashtanchu/gt/318_06e85_default.txt,,0,0,,,,0,,,0,0,0.0,0.0,False,False,False
vatican44amitaimidrashtanchu,Vatican 44 Amitai Midrash Tanchuma,318_06e85_default.jpg,318_06e85_default,biblia9,biblia9,,,,,gt,datasets/vatican44amitaimidrashtanchu/gt/318_06e85_default.txt,,0,0,,,,0,,,0,0,0.0,0.0,False,False,False
vatican44amitaimidrashtanchu,Vatican 44 Amitai Midrash Tanchuma,318_06e85_default.jpg,318_06e85_default,italian_7,italian 7,,,,,gt,datasets/vatican44amitaimidrashtanchu/gt/318_06e85_default.txt,,0,0,,,,0,,,0,0,0.0,0.0,False,False,False
vatican44amitaimidrashtanchu,Vatican 44 Amitai Midrash Tanchuma,318_06e85_default.jpg,318_06e85_default,prenumeranten,prenumeranten,,,,,gt,datasets/vatican44amitaimidrashtanchu/gt/318_06e85_default.txt,,0,0,,,,0,,,0,0,0.0,0.0,False,False,False
vatican44amitaimidrashtanchu,Vatican 44 Amitai Midrash Tanchuma,318_06e85_default.jpg,318_06e85_default,sephardi,sephardi,,,,,gt,datasets/vatican44amitaimidrashtanchu/gt/318_06e85_default.txt,,0,0,,,,0,,,0,0,0.0,0.0,False,False,False
vatican44amitaimidrashtanchu,Vatican 44 Amitai Midrash Tanchuma,318_06e85_default.jpg,318_06e85_default,sinai_no_voc_61,sinai no voc 61,,,,,gt,datasets/vatican44amitaimidrashtanchu/gt/318_06e85_default.txt,,0,0,,,,0,,,0,0,0.0,0.0,False,False,False
vatican44amitaimidrashtanchu,Vatican 44 Amitai Midrash Tanchuma,318_06e85_default.jpg,318_06e85_default,vat44,vat44,,,,,gt,datasets/vatican44amitaimidrashtanchu/gt/318_06e85_default.txt,,0,0,,,,0,,,0,0,0.0,0.0,False,False,False
vatican44amitaimidrashtanchu,Vatican 44 Amitai Midrash Tanchuma,327_e2363_default.jpg,327_e2363_default,ashkenazy,ashkenazy,,,,,gt,datasets/vatican44amitaimidrashtanchu/gt/327_e2363_default.txt,,0,0,,,,0,,,0,0,0.0,0.0,False,False,False
vatican44amitaimidrashtanchu,Vatican 44 Amitai Midrash Tanchuma,327_e2363_default.jpg,327_e2363_default,biblia9,biblia9,,,,,gt,datasets/vatican44amitaimidrashtanchu/gt/327_e2363_default.txt,,0,0,,,,0,,,0,0,0.0,0.0,False,False,False
vatican44amitaimidrashtanchu,Vatican 44 Amitai Midrash Tanchuma,327_e2363_default.jpg,327_e2363_default,italian_7,italian 7,,,,,gt,datasets/vatican44amitaimidrashtanchu/gt/327_e2363_default.txt,,0,0,,,,0,,,0,0,0.0,0.0,False,False,False
vatican44amitaimidrashtanchu,Vatican 44 Amitai Midrash Tanchuma,327_e2363_default.jpg,327_e2363_default,prenumeranten,prenumeranten,,,,,gt,datasets/vatican44amitaimidrashtanchu/gt/327_e2363_default.txt,,0,0,,,,0,,,0,0,0.0,0.0,False,False,False
vatican44amitaimidrashtanchu,Vatican 44 Amitai Midrash Tanchuma,327_e2363_default.jpg,327_e2363_default,sephardi,sephardi,,,,,gt,datasets/vatican44amitaimidrashtanchu/gt/327_e2363_default.txt,,0,0,,,,0,,,0,0,0.0,0.0,False,False,False
vatican44amitaimidrashtanchu,Vatican 44 Amitai Midrash Tanchuma,327_e2363_default.jpg,327_e2363_default,sinai_no_voc_61,sinai no voc 61,,,,,gt,datasets/vatican44amitaimidrashtanchu/gt/327_e2363_default.txt,,0,0,,,,0,,,0,0,0.0,0.0,False,False,False
vatican44amitaimidrashtanchu,Vatican 44 Amitai Midrash Tanchuma,327_e2363_default.jpg,327_e2363_default,vat44,vat44,,,,,gt,datasets/vatican44amitaimidrashtanchu/gt/327_e2363_default.txt,,0,0,,,,0,,,0,0,0.0,0.0,False,False,False
vatican44amitaimidrashtanchu,Vatican 44 Amitai Midrash Tanchuma,347_a171b_default.jpg,347_a171b_default,ashkenazy,ashkenazy,,,,,gt,datasets/vatican44amitaimidrashtanchu/gt/347_a171b_default.txt,,0,0,,,,0,,,0,0,0.0,0.0,False,False,False
vatican44amitaimidrashtanchu,Vatican 44 Amitai Midrash Tanchuma,347_a171b_default.jpg,347_a171b_default,biblia9,biblia9,,,,,gt,datasets/vatican44amitaimidrashtanchu/gt/347_a171b_default.txt,,0,0,,,,0,,,0,0,0.0,0.0,False,False,False
vatican44amitaimidrashtanchu,Vatican 44 Amitai Midrash Tanchuma,347_a171b_default.jpg,347_a171b_default,italian_7,italian 7,,,,,gt,datasets/vatican44amitaimidrashtanchu/gt/347_a171b_default.txt,,0,0,,,,0,,,0,0,0.0,0.0,False,False,False
vatican44amitaimidrashtanchu,Vatican 44 Amitai Midrash Tanchuma,347_a171b_default.jpg,347_a171b_default,prenumeranten,prenumeranten,,,,,gt,datasets/vatican44amitaimidrashtanchu/gt/347_a171b_default.txt,,0,0,,,,0,,,0,0,0.0,0.0,False,False,False
vatican44amitaimidrashtanchu,Vatican 44 Amitai Midrash Tanchuma,347_a171b_default.jpg,347_a171b_default,sephardi,sephardi,,,,,gt,datasets/vatican44amitaimidrashtanchu/gt/347_a171b_default.txt,,0,0,,,,0,,,0,0,0.0,0.0,False,False,False
vatican44amitaimidrashtanchu,Vatican 44 Amitai Midrash Tanchuma,347_a171b_default.jpg,347_a171b_default,sinai_no_voc_61,sinai no voc 61,,,,,gt,datasets/vatican44amitaimidrashtanchu/gt/347_a171b_default.txt,,0,0,,,,0,,,0,0,0.0,0.0,False,False,False
vatican44amitaimidrashtanchu,Vatican 44 Amitai Midrash Tanchuma,347_a171b_default.jpg,347_a171b_default,vat44,vat44,,,,,gt,datasets/vatican44amitaimidrashtanchu/gt/347_a171b_default.txt,,0,0,,,,0,,,0,0,0.0,0.0,False,False,False
vatican44amitaimidrashtanchu,Vatican 44 Amitai Midrash Tanchuma,353_aeb97_default.jpg,353_aeb97_default,ashkenazy,ashkenazy,,,,,gt,datasets/vatican44amitaimidrashtanchu/gt/353_aeb97_default.txt,,0,0,,,,0,,,0,0,0.0,0.0,False,False,False
vatican44amitaimidrashtanchu,Vatican 44 Amitai Midrash Tanchuma,353_aeb97_default.jpg,353_aeb97_default,biblia9,biblia9,,,,,gt,datasets/vatican44amitaimidrashtanchu/gt/353_aeb97_default.txt,,0,0,,,,0,,,0,0,0.0,0.0,False,False,False
vatican44amitaimidrashtanchu,Vatican 44 Amitai Midrash Tanchuma,353_aeb97_default.jpg,353_aeb97_default,italian_7,italian 7,,,,,gt,datasets/vatican44amitaimidrashtanchu/gt/353_aeb97_default.txt,,0,0,,,,0,,,0,0,0.0,0.0,False,False,False
vatican44amitaimidrashtanchu,Vatican 44 Amitai Midrash Tanchuma,353_aeb97_default.jpg,353_aeb97_default,prenumeranten,prenumeranten,,,,,gt,datasets/vatican44amitaimidrashtanchu/gt/353_aeb97_default.txt,,0,0,,,,0,,,0,0,0.0,0.0,False,False,False
vatican44amitaimidrashtanchu,Vatican 44 Amitai Midrash Tanchuma,353_aeb97_default.jpg,353_aeb97_default,sephardi,sephardi,,,,,gt,datasets/vatican44amitaimidrashtanchu/gt/353_aeb97_default.txt,,0,0,,,,0,,,0,0,0.0,0.0,False,False,False
vatican44amitaimidrashtanchu,Vatican 44 Amitai Midrash Tanchuma,353_aeb97_default.jpg,353_aeb97_default,sinai_no_voc_61,sinai no voc 61,,,,,gt,datasets/vatican44amitaimidrashtanchu/gt/353_aeb97_default.txt,,0,0,,,,0,,,0,0,0.0,0.0,False,False,False
vatican44amitaimidrashtanchu,Vatican 44 Amitai Midrash Tanchuma,353_aeb97_default.jpg,353_aeb97_default,vat44,vat44,,,,,gt,datasets/vatican44amitaimidrashtanchu/gt/353_aeb97_default.txt,,0,0,,,,0,,,0,0,0.0,0.0,False,False,False
vatican44amitaimidrashtanchu,Vatican 44 Amitai Midrash Tanchuma,36_459a6_default.jpg,36_459a6_default,ashkenazy,ashkenazy,,,,,gt,datasets/vatican44amitaimidrashtanchu/gt/36_459a6_default.txt,,0,0,,,,0,,,0,0,0.0,0.0,False,False,False
vatican44amitaimidrashtanchu,Vatican 44 Amitai Midrash Tanchuma,36_459a6_default.jpg,36_459a6_default,biblia9,biblia9,,,,,gt,datasets/vatican44amitaimidrashtanchu/gt/36_459a6_default.txt,,0,0,,,,0,,,0,0,0.0,0.0,False,False,False
vatican44amitaimidrashtanchu,Vatican 44 Amitai Midrash Tanchuma,36_459a6_default.jpg,36_459a6_default,italian_7,italian 7,,,,,gt,datasets/vatican44amitaimidrashtanchu/gt/36_459a6_default.txt,,0,0,,,,0,,,0,0,0.0,0.0,False,False,False
vatican44amitaimidrashtanchu,Vatican 44 Amitai Midrash Tanchuma,36_459a6_default.jpg,36_459a6_default,prenumeranten,prenumeranten,,,,,gt,datasets/vatican44amitaimidrashtanchu/gt/36_459a6_default.txt,,0,0,,,,0,,,0,0,0.0,0.0,False,False,False
vatican44amitaimidrashtanchu,Vatican 44 Amitai Midrash Tanchuma,36_459a6_default.jpg,36_459a6_default,sephardi,sephardi,,,,,gt,datasets/vatican44amitaimidrashtanchu/gt/36_459a6_default.txt,,0,0,,,,0,,,0,0,0.0,0.0,False,False,False
vatican44amitaimidrashtanchu,Vatican 44 Amitai Midrash Tanchuma,36_459a6_default.jpg,36_459a6_default,sinai_no_voc_61,sinai no voc 61,,,,,gt,datasets/vatican44amitaimidrashtanchu/gt/36_459a6_default.txt,,0,0,,,,0,,,0,0,0.0,0.0,False,False,False
vatican44amitaimidrashtanchu,Vatican 44 Amitai Midrash Tanchuma,36_459a6_default.jpg,36_459a6_default,vat44,vat44,,,,,gt,datasets/vatican44amitaimidrashtanchu/gt/36_459a6_default.txt,,0,0,,,,0,,,0,0,0.0,0.0,False,False,False
vatican44amitaimidrashtanchu,Vatican 44 Amitai Midrash Tanchuma,56_753b6_default.jpg,56_753b6_default,ashkenazy,ashkenazy,,,,,gt,datasets/vatican44amitaimidrashtanchu/gt/56_753b6_default.txt,,0,0,,,,0,,,0,0,0.0,0.0,False,False,False
vatican44amitaimidrashtanchu,Vatican 44 Amitai Midrash Tanchuma,56_753b6_default.jpg,56_753b6_default,biblia9,biblia9,,,,,gt,datasets/vatican44amitaimidrashtanchu/gt/56_753b6_default.txt,,0,0,,,,0,,,0,0,0.0,0.0,False,False,False
vatican44amitaimidrashtanchu,Vatican 44 Amitai Midrash Tanchuma,56_753b6_default.jpg,56_753b6_default,italian_7,italian 7,,,,,gt,datasets/vatican44amitaimidrashtanchu/gt/56_753b6_default.txt,,0,0,,,,0,,,0,0,0.0,0.0,False,False,False
vatican44amitaimidrashtanchu,Vatican 44 Amitai Midrash Tanchuma,56_753b6_default.jpg,56_753b6_default,prenumeranten,prenumeranten,,,,,gt,datasets/vatican44amitaimidrashtanchu/gt/56_753b6_default.txt,,0,0,,,,0,,,0,0,0.0,0.0,False,False,False
vatican44amitaimidrashtanchu,Vatican 44 Amitai Midrash Tanchuma,56_753b6_default.jpg,56_753b6_default,sephardi,sephardi,,,,,gt,datasets/vatican44amitaimidrashtanchu/gt/56_753b6_default.txt,,0,0,,,,0,,,0,0,0.0,0.0,False,False,False
vatican44amitaimidrashtanchu,Vatican 44 Amitai Midrash Tanchuma,56_753b6_default.jpg,56_753b6_default,sinai_no_voc_61,sinai no voc 61,,,,,gt,datasets/vatican44amitaimidrashtanchu/gt/56_753b6_default.txt,,0,0,,,,0,,,0,0,0.0,0.0,False,False,False
vatican44amitaimidrashtanchu,Vatican 44 Amitai Midrash Tanchuma,56_753b6_default.jpg,56_753b6_default,vat44,vat44,,,,,gt,datasets/vatican44amitaimidrashtanchu/gt/56_753b6_default.txt,,0,0,,,,0,,,0,0,0.0,0.0,False,False,False
vaybertaytshexperiment,Vayber Taytsh experiment,0029_FL138498464.jpg,0029_FL138498464,ashkenazy,ashkenazy,105831.2444241643,0.9245283018867924,0.3290155440414508,639.0,gt,datasets/vaybertaytshexperiment/gt/0029_FL138498464.txt,analysis_results/full_run_20260613/predictions/vaybertaytshexperiment/ashkenazy__0029_FL138498464.xml,1930,2046,51.72592591601383,54.83484167055145,53.23503240652128,33,0.9398083913743702,0.9398083913743702,428,52,1.060103626943005,0.6346153846153846,False,False,False
vaybertaytshexperiment,Vayber Taytsh experiment,0029_FL138498464.jpg,0029_FL138498464,biblia9,biblia9,105970.42203551532,0.8787061994609164,0.3347150259067357,651.0,gt,datasets/vaybertaytshexperiment/gt/0029_FL138498464.txt,analysis_results/full_run_20260613/predictions/vaybertaytshexperiment/biblia9__0029_FL138498464.xml,1930,2080,50.947318286305446,54.9069544225468,52.85307832195278,33,0.9535000775148955,0.9535000775148955,392,52,1.077720207253886,0.6346153846153846,False,False,False
vaybertaytshexperiment,Vayber Taytsh experiment,0029_FL138498464.jpg,0029_FL138498464,italian_7,italian 7,105544.72142674262,0.9191374663072776,0.2974093264248704,567.0,gt,datasets/vaybertaytshexperiment/gt/0029_FL138498464.txt,analysis_results/full_run_20260613/predictions/vaybertaytshexperiment/italian_7__0029_FL138498464.xml,1930,2100,50.25939115559172,54.686384158934,52.379514355703535,33,0.9508618398766263,0.9508618398766263,482,52,1.0880829015544042,0.6346153846153846,False,False,False
vaybertaytshexperiment,Vayber Taytsh experiment,0029_FL138498464.jpg,0029_FL138498464,prenumeranten,prenumeranten,106128.01949444412,0.9110512129380054,0.3865284974093264,770.0,gt,datasets/vaybertaytshexperiment/gt/0029_FL138498464.txt,analysis_results/full_run_20260613/predictions/vaybertaytshexperiment/prenumeranten__0029_FL138498464.xml,1930,1891,56.12269671837341,54.98861113701768,55.549866262467475,33,0.7987233686930698,0.7987233686930698,358,52,0.9797927461139896,0.6346153846153846,False,False,False
vaybertaytshexperiment,Vayber Taytsh experiment,0029_FL138498464.jpg,0029_FL138498464,sephardi,sephardi,106102.21747640148,1.0404312668463611,0.3316062176165803,636.0,gt,datasets/vaybertaytshexperiment/gt/0029_FL138498464.txt,analysis_results/full_run_20260613/predictions/vaybertaytshexperiment/sephardi__0029_FL138498464.xml,1930,2169,48.91757375583286,54.97524221575206,51.769806038741876,33,0.9434886870422803,0.9434886870422803,493,52,1.1238341968911918,0.6346153846153846,False,False,False
vaybertaytshexperiment,Vayber Taytsh experiment,0029_FL138498464.jpg,0029_FL138498464,sinai_no_voc_61,sinai no voc 61,104751.77986413566,0.5283018867924528,0.1590673575129533,305.0,gt,datasets/vaybertaytshexperiment/gt/0029_FL138498464.txt,analysis_results/full_run_20260613/predictions/vaybertaytshexperiment/sinai_no_voc_61__0029_FL138498464.xml,1930,2022,51.80602367167936,54.27553360836045,53.01203434419821,33,0.9761558749849533,0.9761558749849533,394,52,1.0476683937823834,0.6346153846153846,False,False,False
vaybertaytshexperiment,Vayber Taytsh experiment,0029_FL138498464.jpg,0029_FL138498464,vat44,vat44,106524.84134728462,0.9110512129380054,0.4015544041450777,776.0,gt,datasets/vaybertaytshexperiment/gt/0029_FL138498464.txt,analysis_results/full_run_20260613/predictions/vaybertaytshexperiment/vat44__0029_FL138498464.xml,1930,1973,53.991303267757026,55.19421831465524,54.58613443365853,33,0.9254107728999162,0.9254107728999162,300,52,1.022279792746114,0.6346153846153846,False,False,False
vaybertaytshexperiment,Vayber Taytsh experiment,0033_FL138498468.jpg,0033_FL138498468,ashkenazy,ashkenazy,100140.8580994606,0.8256130790190735,0.2547322877230936,464.0,gt,datasets/vaybertaytshexperiment/gt/0033_FL138498468.txt,analysis_results/full_run_20260613/predictions/vaybertaytshexperiment/ashkenazy__0033_FL138498468.xml,1847,1831,54.69189410128924,54.21811483457531,54.45397395294214,38,0.950601439518787,0.950601439518787,408,38,0.9913373037357878,1.0,False,False,False
vaybertaytshexperiment,Vayber Taytsh experiment,0033_FL138498468.jpg,0033_FL138498468,biblia9,biblia9,105485.49823894724,0.784741144414169,0.261763115197404,486.0,gt,datasets/vaybertaytshexperiment/gt/0033_FL138498468.txt,analysis_results/full_run_20260613/predictions/vaybertaytshexperiment/biblia9__0033_FL138498468.xml,1847,1868,56.46975280457561,57.11180197019342,56.7889627127576,38,0.9647377226551695,0.9647377226551695,362,38,1.0113697888467785,1.0,False,False,False
vaybertaytshexperiment,Vayber Taytsh experiment,0033_FL138498468.jpg,0033_FL138498468,italian_7,italian 7,100145.1579670906,0.779291553133515,0.2217414818820984,397.0,gt,datasets/vaybertaytshexperiment/gt/0033_FL138498468.txt,analysis_results/full_run_20260613/predictions/vaybertaytshexperiment/italian_7__0033_FL138498468.xml,1847,1901,52.680251429295424,54.220442862528756,53.43925185010171,38,0.9566112607171,0.9566112607171,441,38,1.0292365998917163,1.0,False,False,False
vaybertaytshexperiment,Vayber Taytsh experiment,0033_FL138498468.jpg,0033_FL138498468,prenumeranten,prenumeranten,100158.5567266941,0.896457765667575,0.3542455381287182,679.0,gt,datasets/vaybertaytshexperiment/gt/0033_FL138498468.txt,analysis_results/full_run_20260613/predictions/vaybertaytshexperiment/prenumeranten__0033_FL138498468.xml,1847,1745,57.39745371157255,54.227697199076395,55.767570560520106,38,0.7839623326984999,0.7839623326984999,346,38,0.944775311315647,1.0,False,False,False
vaybertaytshexperiment,Vayber Taytsh experiment,0033_FL138498468.jpg,0033_FL138498468,sephardi,sephardi,100175.40281653404,0.9100817438692098,0.2666306111411574,488.0,gt,datasets/vaybertaytshexperiment/gt/0033_FL138498468.txt,analysis_results/full_run_20260613/predictions/vaybertaytshexperiment/sephardi__0033_FL138498468.xml,1847,1925,52.039170294303396,54.23681798404658,53.11527190696397,38,0.9477239839176702,0.9477239839176702,441,38,1.0422306442880347,1.0,False,False,False
vaybertaytshexperiment,Vayber Taytsh experiment,0033_FL138498468.jpg,0033_FL138498468,sinai_no_voc_61,sinai no voc 61,100113.26022362708,0.1989100817438692,0.0443482963764196,82.0,gt,datasets/vaybertaytshexperiment/gt/0033_FL138498468.txt,analysis_results/full_run_20260613/predictions/vaybertaytshexperiment/sinai_no_voc_61__0033_FL138498468.xml,1847,1844,54.29135586964592,54.203172833582606,54.247228514563574,38,0.9764070168179334,0.9764070168179334,371,38,0.9983757444504602,1.0,False,False,False
vaybertaytshexperiment,Vayber Taytsh experiment,0033_FL138498468.jpg,0033_FL138498468,vat44,vat44,100174.71249437332,0.9182561307901907,0.3520822065981612,649.0,gt,datasets/vaybertaytshexperiment/gt/0033_FL138498468.txt,analysis_results/full_run_20260613/predictions/vaybertaytshexperiment/vat44__0033_FL138498468.xml,1847,1795,55.80763927263138,54.23644423084641,55.01082509301116,38,0.9264331767543265,0.9264331767543265,285,38,0.9718462371413102,1.0,False,False,False
