dataset,dataset_label,image,image_stem,model,model_label,pll_score,wer,cer,levenshtein,gt_source,gt_file,prediction_file,gt_chars,pred_chars
bnf150amitaitanchuma2,BNF 150 Amitai Tanchuma 2,Midrach_rabba_Nombres_(hébreu)__btv1b105399567_Page_134_Image_0001.tif,Midrach_rabba_Nombres_(hébreu)__btv1b105399567_Page_134_Image_0001,ashkenazy,ashkenazy,3922.381534989574,0.5972602739726027,0.2505896226415094,429.0,gt,datasets/bnf150amitaitanchuma2/gt/Midrach_rabba_Nombres_(hébreu)__btv1b105399567_Page_134_Image_0001.txt,analysis_results/full_run_20260613/predictions/bnf150amitaitanchuma2/ashkenazy__Midrach_rabba_Nombres_(hébreu)__btv1b105399567_Page_134_Image_0001.xml,1702,1382
bnf150amitaitanchuma2,BNF 150 Amitai Tanchuma 2,Midrach_rabba_Nombres_(hébreu)__btv1b105399567_Page_134_Image_0001.tif,Midrach_rabba_Nombres_(hébreu)__btv1b105399567_Page_134_Image_0001,biblia9,biblia9,5143.6186387352645,0.7917808219178082,0.2954009433962264,505.0,gt,datasets/bnf150amitaitanchuma2/gt/Midrach_rabba_Nombres_(hébreu)__btv1b105399567_Page_134_Image_0001.txt,analysis_results/full_run_20260613/predictions/bnf150amitaitanchuma2/biblia9__Midrach_rabba_Nombres_(hébreu)__btv1b105399567_Page_134_Image_0001.xml,1702,1535
bnf150amitaitanchuma2,BNF 150 Amitai Tanchuma 2,Midrach_rabba_Nombres_(hébreu)__btv1b105399567_Page_134_Image_0001.tif,Midrach_rabba_Nombres_(hébreu)__btv1b105399567_Page_134_Image_0001,italian_7,italian 7,3915.779604180134,0.3178082191780822,0.07841981132075472,139.0,gt,datasets/bnf150amitaitanchuma2/gt/Midrach_rabba_Nombres_(hébreu)__btv1b105399567_Page_134_Image_0001.txt,analysis_results/full_run_20260613/predictions/bnf150amitaitanchuma2/italian_7__Midrach_rabba_Nombres_(hébreu)__btv1b105399567_Page_134_Image_0001.xml,1702,1667
bnf150amitaitanchuma2,BNF 150 Amitai Tanchuma 2,Midrach_rabba_Nombres_(hébreu)__btv1b105399567_Page_134_Image_0001.tif,Midrach_rabba_Nombres_(hébreu)__btv1b105399567_Page_134_Image_0001,prenumeranten,prenumeranten,4495.977370142937,0.989041095890411,0.6709905660377359,1138.0,gt,datasets/bnf150amitaitanchuma2/gt/Midrach_rabba_Nombres_(hébreu)__btv1b105399567_Page_134_Image_0001.txt,analysis_results/full_run_20260613/predictions/bnf150amitaitanchuma2/prenumeranten__Midrach_rabba_Nombres_(hébreu)__btv1b105399567_Page_134_Image_0001.xml,1702,1211
bnf150amitaitanchuma2,BNF 150 Amitai Tanchuma 2,Midrach_rabba_Nombres_(hébreu)__btv1b105399567_Page_134_Image_0001.tif,Midrach_rabba_Nombres_(hébreu)__btv1b105399567_Page_134_Image_0001,sephardi,sephardi,3477.3177983204223,0.32602739726027397,0.08785377358490566,155.0,gt,datasets/bnf150amitaitanchuma2/gt/Midrach_rabba_Nombres_(hébreu)__btv1b105399567_Page_134_Image_0001.txt,analysis_results/full_run_20260613/predictions/bnf150amitaitanchuma2/sephardi__Midrach_rabba_Nombres_(hébreu)__btv1b105399567_Page_134_Image_0001.xml,1702,1643
bnf150amitaitanchuma2,BNF 150 Amitai Tanchuma 2,Midrach_rabba_Nombres_(hébreu)__btv1b105399567_Page_134_Image_0001.tif,Midrach_rabba_Nombres_(hébreu)__btv1b105399567_Page_134_Image_0001,sinai_no_voc_61,sinai no voc 61,4780.825483679771,0.8657534246575342,0.3856132075471698,660.0,gt,datasets/bnf150amitaitanchuma2/gt/Midrach_rabba_Nombres_(hébreu)__btv1b105399567_Page_134_Image_0001.txt,analysis_results/full_run_20260613/predictions/bnf150amitaitanchuma2/sinai_no_voc_61__Midrach_rabba_Nombres_(hébreu)__btv1b105399567_Page_134_Image_0001.xml,1702,1503
bnf150amitaitanchuma2,BNF 150 Amitai Tanchuma 2,Midrach_rabba_Nombres_(hébreu)__btv1b105399567_Page_134_Image_0001.tif,Midrach_rabba_Nombres_(hébreu)__btv1b105399567_Page_134_Image_0001,vat44,vat44,4827.553309260169,0.7150684931506849,0.21580188679245282,371.0,gt,datasets/bnf150amitaitanchuma2/gt/Midrach_rabba_Nombres_(hébreu)__btv1b105399567_Page_134_Image_0001.txt,analysis_results/full_run_20260613/predictions/bnf150amitaitanchuma2/vat44__Midrach_rabba_Nombres_(hébreu)__btv1b105399567_Page_134_Image_0001.xml,1702,1506
bnf150amitaitanchuma2,BNF 150 Amitai Tanchuma 2,Midrach_rabba_Nombres_(hébreu)__btv1b105399567_Page_224_Image_0001.tif,Midrach_rabba_Nombres_(hébreu)__btv1b105399567_Page_224_Image_0001,ashkenazy,ashkenazy,3666.2323775669065,0.36962750716332377,0.09751665657177468,167.0,gt,datasets/bnf150amitaitanchuma2/gt/Midrach_rabba_Nombres_(hébreu)__btv1b105399567_Page_224_Image_0001.txt,analysis_results/full_run_20260613/predictions/bnf150amitaitanchuma2/ashkenazy__Midrach_rabba_Nombres_(hébreu)__btv1b105399567_Page_224_Image_0001.xml,1657,1578
bnf150amitaitanchuma2,BNF 150 Amitai Tanchuma 2,Midrach_rabba_Nombres_(hébreu)__btv1b105399567_Page_224_Image_0001.tif,Midrach_rabba_Nombres_(hébreu)__btv1b105399567_Page_224_Image_0001,biblia9,biblia9,5078.388511445373,0.7191977077363897,0.20775287704421563,347.0,gt,datasets/bnf150amitaitanchuma2/gt/Midrach_rabba_Nombres_(hébreu)__btv1b105399567_Page_224_Image_0001.txt,analysis_results/full_run_20260613/predictions/bnf150amitaitanchuma2/biblia9__Midrach_rabba_Nombres_(hébreu)__btv1b105399567_Page_224_Image_0001.xml,1657,1543
bnf150amitaitanchuma2,BNF 150 Amitai Tanchuma 2,Midrach_rabba_Nombres_(hébreu)__btv1b105399567_Page_224_Image_0001.tif,Midrach_rabba_Nombres_(hébreu)__btv1b105399567_Page_224_Image_0001,italian_7,italian 7,3457.531684473506,0.24641833810888253,0.05875227135069655,100.0,gt,datasets/bnf150amitaitanchuma2/gt/Midrach_rabba_Nombres_(hébreu)__btv1b105399567_Page_224_Image_0001.txt,analysis_results/full_run_20260613/predictions/bnf150amitaitanchuma2/italian_7__Midrach_rabba_Nombres_(hébreu)__btv1b105399567_Page_224_Image_0001.xml,1657,1632
bnf150amitaitanchuma2,BNF 150 Amitai Tanchuma 2,Midrach_rabba_Nombres_(hébreu)__btv1b105399567_Page_224_Image_0001.tif,Midrach_rabba_Nombres_(hébreu)__btv1b105399567_Page_224_Image_0001,prenumeranten,prenumeranten,5403.776875646319,0.9856733524355301,0.6341611144760751,1071.0,gt,datasets/bnf150amitaitanchuma2/gt/Midrach_rabba_Nombres_(hébreu)__btv1b105399567_Page_224_Image_0001.txt,analysis_results/full_run_20260613/predictions/bnf150amitaitanchuma2/prenumeranten__Midrach_rabba_Nombres_(hébreu)__btv1b105399567_Page_224_Image_0001.xml,1657,1466
bnf150amitaitanchuma2,BNF 150 Amitai Tanchuma 2,Midrach_rabba_Nombres_(hébreu)__btv1b105399567_Page_224_Image_0001.tif,Midrach_rabba_Nombres_(hébreu)__btv1b105399567_Page_224_Image_0001,sephardi,sephardi,2990.7877919461316,0.2492836676217765,0.06056935190793458,110.0,gt,datasets/bnf150amitaitanchuma2/gt/Midrach_rabba_Nombres_(hébreu)__btv1b105399567_Page_224_Image_0001.txt,analysis_results/full_run_20260613/predictions/bnf150amitaitanchuma2/sephardi__Midrach_rabba_Nombres_(hébreu)__btv1b105399567_Page_224_Image_0001.xml,1657,1592
bnf150amitaitanchuma2,BNF 150 Amitai Tanchuma 2,Midrach_rabba_Nombres_(hébreu)__btv1b105399567_Page_224_Image_0001.tif,Midrach_rabba_Nombres_(hébreu)__btv1b105399567_Page_224_Image_0001,sinai_no_voc_61,sinai no voc 61,4589.199323371053,0.8223495702005731,0.3434282253179891,573.0,gt,datasets/bnf150amitaitanchuma2/gt/Midrach_rabba_Nombres_(hébreu)__btv1b105399567_Page_224_Image_0001.txt,analysis_results/full_run_20260613/predictions/bnf150amitaitanchuma2/sinai_no_voc_61__Midrach_rabba_Nombres_(hébreu)__btv1b105399567_Page_224_Image_0001.xml,1657,1447
bnf150amitaitanchuma2,BNF 150 Amitai Tanchuma 2,Midrach_rabba_Nombres_(hébreu)__btv1b105399567_Page_224_Image_0001.tif,Midrach_rabba_Nombres_(hébreu)__btv1b105399567_Page_224_Image_0001,vat44,vat44,4601.2476020623,0.6848137535816619,0.17201695941853423,286.0,gt,datasets/bnf150amitaitanchuma2/gt/Midrach_rabba_Nombres_(hébreu)__btv1b105399567_Page_224_Image_0001.txt,analysis_results/full_run_20260613/predictions/bnf150amitaitanchuma2/vat44__Midrach_rabba_Nombres_(hébreu)__btv1b105399567_Page_224_Image_0001.xml,1657,1511
bnf150amitaitanchuma2,BNF 150 Amitai Tanchuma 2,Midrach_rabba_Nombres_(hébreu)__btv1b105399567_Page_375_Image_0001.tif,Midrach_rabba_Nombres_(hébreu)__btv1b105399567_Page_375_Image_0001,ashkenazy,ashkenazy,3535.3577719555165,0.42679127725856697,0.12524590163934426,198.0,gt,datasets/bnf150amitaitanchuma2/gt/Midrach_rabba_Nombres_(hébreu)__btv1b105399567_Page_375_Image_0001.txt,analysis_results/full_run_20260613/predictions/bnf150amitaitanchuma2/ashkenazy__Midrach_rabba_Nombres_(hébreu)__btv1b105399567_Page_375_Image_0001.xml,1531,1482
bnf150amitaitanchuma2,BNF 150 Amitai Tanchuma 2,Midrach_rabba_Nombres_(hébreu)__btv1b105399567_Page_375_Image_0001.tif,Midrach_rabba_Nombres_(hébreu)__btv1b105399567_Page_375_Image_0001,biblia9,biblia9,4296.373587921262,0.6510903426791277,0.19278688524590165,300.0,gt,datasets/bnf150amitaitanchuma2/gt/Midrach_rabba_Nombres_(hébreu)__btv1b105399567_Page_375_Image_0001.txt,analysis_results/full_run_20260613/predictions/bnf150amitaitanchuma2/biblia9__Midrach_rabba_Nombres_(hébreu)__btv1b105399567_Page_375_Image_0001.xml,1531,1452
bnf150amitaitanchuma2,BNF 150 Amitai Tanchuma 2,Midrach_rabba_Nombres_(hébreu)__btv1b105399567_Page_375_Image_0001.tif,Midrach_rabba_Nombres_(hébreu)__btv1b105399567_Page_375_Image_0001,italian_7,italian 7,2909.9835514065617,0.2554517133956386,0.06819672131147542,111.0,gt,datasets/bnf150amitaitanchuma2/gt/Midrach_rabba_Nombres_(hébreu)__btv1b105399567_Page_375_Image_0001.txt,analysis_results/full_run_20260613/predictions/bnf150amitaitanchuma2/italian_7__Midrach_rabba_Nombres_(hébreu)__btv1b105399567_Page_375_Image_0001.xml,1531,1515
bnf150amitaitanchuma2,BNF 150 Amitai Tanchuma 2,Midrach_rabba_Nombres_(hébreu)__btv1b105399567_Page_375_Image_0001.tif,Midrach_rabba_Nombres_(hébreu)__btv1b105399567_Page_375_Image_0001,prenumeranten,prenumeranten,5136.9085166454315,0.9968847352024922,0.6334426229508197,986.0,gt,datasets/bnf150amitaitanchuma2/gt/Midrach_rabba_Nombres_(hébreu)__btv1b105399567_Page_375_Image_0001.txt,analysis_results/full_run_20260613/predictions/bnf150amitaitanchuma2/prenumeranten__Midrach_rabba_Nombres_(hébreu)__btv1b105399567_Page_375_Image_0001.xml,1531,1392
bnf150amitaitanchuma2,BNF 150 Amitai Tanchuma 2,Midrach_rabba_Nombres_(hébreu)__btv1b105399567_Page_375_Image_0001.tif,Midrach_rabba_Nombres_(hébreu)__btv1b105399567_Page_375_Image_0001,sephardi,sephardi,3146.2040509954054,0.29906542056074764,0.0760655737704918,125.0,gt,datasets/bnf150amitaitanchuma2/gt/Midrach_rabba_Nombres_(hébreu)__btv1b105399567_Page_375_Image_0001.txt,analysis_results/full_run_20260613/predictions/bnf150amitaitanchuma2/sephardi__Midrach_rabba_Nombres_(hébreu)__btv1b105399567_Page_375_Image_0001.xml,1531,1513
bnf150amitaitanchuma2,BNF 150 Amitai Tanchuma 2,Midrach_rabba_Nombres_(hébreu)__btv1b105399567_Page_375_Image_0001.tif,Midrach_rabba_Nombres_(hébreu)__btv1b105399567_Page_375_Image_0001,sinai_no_voc_61,sinai no voc 61,4602.212525606155,0.8068535825545171,0.34098360655737703,527.0,gt,datasets/bnf150amitaitanchuma2/gt/Midrach_rabba_Nombres_(hébreu)__btv1b105399567_Page_375_Image_0001.txt,analysis_results/full_run_20260613/predictions/bnf150amitaitanchuma2/sinai_no_voc_61__Midrach_rabba_Nombres_(hébreu)__btv1b105399567_Page_375_Image_0001.xml,1531,1423
bnf150amitaitanchuma2,BNF 150 Amitai Tanchuma 2,Midrach_rabba_Nombres_(hébreu)__btv1b105399567_Page_375_Image_0001.tif,Midrach_rabba_Nombres_(hébreu)__btv1b105399567_Page_375_Image_0001,vat44,vat44,4111.53681420871,0.6386292834890965,0.17442622950819672,272.0,gt,datasets/bnf150amitaitanchuma2/gt/Midrach_rabba_Nombres_(hébreu)__btv1b105399567_Page_375_Image_0001.txt,analysis_results/full_run_20260613/predictions/bnf150amitaitanchuma2/vat44__Midrach_rabba_Nombres_(hébreu)__btv1b105399567_Page_375_Image_0001.xml,1531,1445
bnf150test2,BNF 150 test 2,Midrach_rabba_Nombres_(hébreu)__btv1b105399567_Page_097_Image_0001.tif,Midrach_rabba_Nombres_(hébreu)__btv1b105399567_Page_097_Image_0001,ashkenazy,ashkenazy,3807.9589910679497,0.4247787610619469,0.13213399503722084,240.0,gt,datasets/bnf150test2/gt/Midrach_rabba_Nombres_(hébreu)__btv1b105399567_Page_097_Image_0001.txt,analysis_results/full_run_20260613/predictions/bnf150test2/ashkenazy__Midrach_rabba_Nombres_(hébreu)__btv1b105399567_Page_097_Image_0001.xml,1641,1527
bnf150test2,BNF 150 test 2,Midrach_rabba_Nombres_(hébreu)__btv1b105399567_Page_097_Image_0001.tif,Midrach_rabba_Nombres_(hébreu)__btv1b105399567_Page_097_Image_0001,biblia9,biblia9,4811.533423125744,0.6135693215339233,0.20161290322580644,347.0,gt,datasets/bnf150test2/gt/Midrach_rabba_Nombres_(hébreu)__btv1b105399567_Page_097_Image_0001.txt,analysis_results/full_run_20260613/predictions/bnf150test2/biblia9__Midrach_rabba_Nombres_(hébreu)__btv1b105399567_Page_097_Image_0001.xml,1641,1535
bnf150test2,BNF 150 test 2,Midrach_rabba_Nombres_(hébreu)__btv1b105399567_Page_097_Image_0001.tif,Midrach_rabba_Nombres_(hébreu)__btv1b105399567_Page_097_Image_0001,italian_7,italian 7,3522.3368702109437,0.28023598820059,0.07320099255583126,133.0,gt,datasets/bnf150test2/gt/Midrach_rabba_Nombres_(hébreu)__btv1b105399567_Page_097_Image_0001.txt,analysis_results/full_run_20260613/predictions/bnf150test2/italian_7__Midrach_rabba_Nombres_(hébreu)__btv1b105399567_Page_097_Image_0001.xml,1641,1603
bnf150test2,BNF 150 test 2,Midrach_rabba_Nombres_(hébreu)__btv1b105399567_Page_097_Image_0001.tif,Midrach_rabba_Nombres_(hébreu)__btv1b105399567_Page_097_Image_0001,prenumeranten,prenumeranten,4925.7454384700395,0.9882005899705014,0.6271712158808933,1038.0,gt,datasets/bnf150test2/gt/Midrach_rabba_Nombres_(hébreu)__btv1b105399567_Page_097_Image_0001.txt,analysis_results/full_run_20260613/predictions/bnf150test2/prenumeranten__Midrach_rabba_Nombres_(hébreu)__btv1b105399567_Page_097_Image_0001.xml,1641,1302
bnf150test2,BNF 150 test 2,Midrach_rabba_Nombres_(hébreu)__btv1b105399567_Page_097_Image_0001.tif,Midrach_rabba_Nombres_(hébreu)__btv1b105399567_Page_097_Image_0001,sephardi,sephardi,3501.234547880944,0.3421828908554572,0.09739454094292804,190.0,gt,datasets/bnf150test2/gt/Midrach_rabba_Nombres_(hébreu)__btv1b105399567_Page_097_Image_0001.txt,analysis_results/full_run_20260613/predictions/bnf150test2/sephardi__Midrach_rabba_Nombres_(hébreu)__btv1b105399567_Page_097_Image_0001.xml,1641,1555
bnf150test2,BNF 150 test 2,Midrach_rabba_Nombres_(hébreu)__btv1b105399567_Page_097_Image_0001.tif,Midrach_rabba_Nombres_(hébreu)__btv1b105399567_Page_097_Image_0001,sinai_no_voc_61,sinai no voc 61,4735.49218913386,0.831858407079646,0.33064516129032256,562.0,gt,datasets/bnf150test2/gt/Midrach_rabba_Nombres_(hébreu)__btv1b105399567_Page_097_Image_0001.txt,analysis_results/full_run_20260613/predictions/bnf150test2/sinai_no_voc_61__Midrach_rabba_Nombres_(hébreu)__btv1b105399567_Page_097_Image_0001.xml,1641,1422
bnf150test2,BNF 150 test 2,Midrach_rabba_Nombres_(hébreu)__btv1b105399567_Page_097_Image_0001.tif,Midrach_rabba_Nombres_(hébreu)__btv1b105399567_Page_097_Image_0001,vat44,vat44,4440.712982894853,0.5722713864306784,0.15446650124069478,269.0,gt,datasets/bnf150test2/gt/Midrach_rabba_Nombres_(hébreu)__btv1b105399567_Page_097_Image_0001.txt,analysis_results/full_run_20260613/predictions/bnf150test2/vat44__Midrach_rabba_Nombres_(hébreu)__btv1b105399567_Page_097_Image_0001.xml,1641,1520
bnf150test2,BNF 150 test 2,Midrach_rabba_Nombres_(hébreu)__btv1b105399567_Page_098_Image_0001.tif,Midrach_rabba_Nombres_(hébreu)__btv1b105399567_Page_098_Image_0001,ashkenazy,ashkenazy,4035.9938604292693,0.5,0.18412698412698414,312.0,gt,datasets/bnf150test2/gt/Midrach_rabba_Nombres_(hébreu)__btv1b105399567_Page_098_Image_0001.txt,analysis_results/full_run_20260613/predictions/bnf150test2/ashkenazy__Midrach_rabba_Nombres_(hébreu)__btv1b105399567_Page_098_Image_0001.xml,1595,1425
bnf150test2,BNF 150 test 2,Midrach_rabba_Nombres_(hébreu)__btv1b105399567_Page_098_Image_0001.tif,Midrach_rabba_Nombres_(hébreu)__btv1b105399567_Page_098_Image_0001,biblia9,biblia9,5201.884979931638,0.7781065088757396,0.28253968253968254,457.0,gt,datasets/bnf150test2/gt/Midrach_rabba_Nombres_(hébreu)__btv1b105399567_Page_098_Image_0001.txt,analysis_results/full_run_20260613/predictions/bnf150test2/biblia9__Midrach_rabba_Nombres_(hébreu)__btv1b105399567_Page_098_Image_0001.xml,1595,1499
bnf150test2,BNF 150 test 2,Midrach_rabba_Nombres_(hébreu)__btv1b105399567_Page_098_Image_0001.tif,Midrach_rabba_Nombres_(hébreu)__btv1b105399567_Page_098_Image_0001,italian_7,italian 7,3541.8133800475043,0.31952662721893493,0.10285714285714286,177.0,gt,datasets/bnf150test2/gt/Midrach_rabba_Nombres_(hébreu)__btv1b105399567_Page_098_Image_0001.txt,analysis_results/full_run_20260613/predictions/bnf150test2/italian_7__Midrach_rabba_Nombres_(hébreu)__btv1b105399567_Page_098_Image_0001.xml,1595,1539
bnf150test2,BNF 150 test 2,Midrach_rabba_Nombres_(hébreu)__btv1b105399567_Page_098_Image_0001.tif,Midrach_rabba_Nombres_(hébreu)__btv1b105399567_Page_098_Image_0001,prenumeranten,prenumeranten,5147.716719567776,0.9940828402366864,0.6374603174603175,1011.0,gt,datasets/bnf150test2/gt/Midrach_rabba_Nombres_(hébreu)__btv1b105399567_Page_098_Image_0001.txt,analysis_results/full_run_20260613/predictions/bnf150test2/prenumeranten__Midrach_rabba_Nombres_(hébreu)__btv1b105399567_Page_098_Image_0001.xml,1595,1374
bnf150test2,BNF 150 test 2,Midrach_rabba_Nombres_(hébreu)__btv1b105399567_Page_098_Image_0001.tif,Midrach_rabba_Nombres_(hébreu)__btv1b105399567_Page_098_Image_0001,sephardi,sephardi,3574.9617526055663,0.3609467455621302,0.12444444444444444,219.0,gt,datasets/bnf150test2/gt/Midrach_rabba_Nombres_(hébreu)__btv1b105399567_Page_098_Image_0001.txt,analysis_results/full_run_20260613/predictions/bnf150test2/sephardi__Midrach_rabba_Nombres_(hébreu)__btv1b105399567_Page_098_Image_0001.xml,1595,1491
bnf150test2,BNF 150 test 2,Midrach_rabba_Nombres_(hébreu)__btv1b105399567_Page_098_Image_0001.tif,Midrach_rabba_Nombres_(hébreu)__btv1b105399567_Page_098_Image_0001,sinai_no_voc_61,sinai no voc 61,4590.825422644615,0.8609467455621301,0.36063492063492064,586.0,gt,datasets/bnf150test2/gt/Midrach_rabba_Nombres_(hébreu)__btv1b105399567_Page_098_Image_0001.txt,analysis_results/full_run_20260613/predictions/bnf150test2/sinai_no_voc_61__Midrach_rabba_Nombres_(hébreu)__btv1b105399567_Page_098_Image_0001.xml,1595,1403
bnf150test2,BNF 150 test 2,Midrach_rabba_Nombres_(hébreu)__btv1b105399567_Page_098_Image_0001.tif,Midrach_rabba_Nombres_(hébreu)__btv1b105399567_Page_098_Image_0001,vat44,vat44,4599.787573198788,0.7100591715976331,0.2342857142857143,387.0,gt,datasets/bnf150test2/gt/Midrach_rabba_Nombres_(hébreu)__btv1b105399567_Page_098_Image_0001.txt,analysis_results/full_run_20260613/predictions/bnf150test2/vat44__Midrach_rabba_Nombres_(hébreu)__btv1b105399567_Page_098_Image_0001.xml,1595,1414
bodleianoppenheimad,Bodleian Oppenheim Add. 4-128,Bodleian-Library-MS-Oppenheim-Add-4-128_00007_fol-1r.jpg,Bodleian-Library-MS-Oppenheim-Add-4-128_00007_fol-1r,ashkenazy,ashkenazy,99999.0,0.9672131147540983,0.7120253164556962,673.0,gt,datasets/bodleianoppenheimad/gt/Bodleian-Library-MS-Oppenheim-Add-4-128_00007_fol-1r.txt,analysis_results/full_run_20260613/predictions/bodleianoppenheimad/ashkenazy__Bodleian-Library-MS-Oppenheim-Add-4-128_00007_fol-1r.xml,947,337
bodleianoppenheimad,Bodleian Oppenheim Add. 4-128,Bodleian-Library-MS-Oppenheim-Add-4-128_00007_fol-1r.jpg,Bodleian-Library-MS-Oppenheim-Add-4-128_00007_fol-1r,biblia9,biblia9,3288.8168376088142,0.9781420765027322,0.46624472573839665,450.0,gt,datasets/bodleianoppenheimad/gt/Bodleian-Library-MS-Oppenheim-Add-4-128_00007_fol-1r.txt,analysis_results/full_run_20260613/predictions/bodleianoppenheimad/biblia9__Bodleian-Library-MS-Oppenheim-Add-4-128_00007_fol-1r.xml,947,882
bodleianoppenheimad,Bodleian Oppenheim Add. 4-128,Bodleian-Library-MS-Oppenheim-Add-4-128_00007_fol-1r.jpg,Bodleian-Library-MS-Oppenheim-Add-4-128_00007_fol-1r,italian_7,italian 7,2975.8506830111146,0.7923497267759563,0.27848101265822783,266.0,gt,datasets/bodleianoppenheimad/gt/Bodleian-Library-MS-Oppenheim-Add-4-128_00007_fol-1r.txt,analysis_results/full_run_20260613/predictions/bodleianoppenheimad/italian_7__Bodleian-Library-MS-Oppenheim-Add-4-128_00007_fol-1r.xml,947,910
bodleianoppenheimad,Bodleian Oppenheim Add. 4-128,Bodleian-Library-MS-Oppenheim-Add-4-128_00007_fol-1r.jpg,Bodleian-Library-MS-Oppenheim-Add-4-128_00007_fol-1r,prenumeranten,prenumeranten,3170.782289963332,0.994535519125683,0.669831223628692,637.0,gt,datasets/bodleianoppenheimad/gt/Bodleian-Library-MS-Oppenheim-Add-4-128_00007_fol-1r.txt,analysis_results/full_run_20260613/predictions/bodleianoppenheimad/prenumeranten__Bodleian-Library-MS-Oppenheim-Add-4-128_00007_fol-1r.xml,947,805
bodleianoppenheimad,Bodleian Oppenheim Add. 4-128,Bodleian-Library-MS-Oppenheim-Add-4-128_00007_fol-1r.jpg,Bodleian-Library-MS-Oppenheim-Add-4-128_00007_fol-1r,sephardi,sephardi,3014.5173840522766,0.8852459016393442,0.3691983122362869,349.0,gt,datasets/bodleianoppenheimad/gt/Bodleian-Library-MS-Oppenheim-Add-4-128_00007_fol-1r.txt,analysis_results/full_run_20260613/predictions/bodleianoppenheimad/sephardi__Bodleian-Library-MS-Oppenheim-Add-4-128_00007_fol-1r.xml,947,861
bodleianoppenheimad,Bodleian Oppenheim Add. 4-128,Bodleian-Library-MS-Oppenheim-Add-4-128_00007_fol-1r.jpg,Bodleian-Library-MS-Oppenheim-Add-4-128_00007_fol-1r,sinai_no_voc_61,sinai no voc 61,2688.3691046237946,0.9398907103825137,0.46835443037974683,444.0,gt,datasets/bodleianoppenheimad/gt/Bodleian-Library-MS-Oppenheim-Add-4-128_00007_fol-1r.txt,analysis_results/full_run_20260613/predictions/bodleianoppenheimad/sinai_no_voc_61__Bodleian-Library-MS-Oppenheim-Add-4-128_00007_fol-1r.xml,947,750
bodleianoppenheimad,Bodleian Oppenheim Add. 4-128,Bodleian-Library-MS-Oppenheim-Add-4-128_00007_fol-1r.jpg,Bodleian-Library-MS-Oppenheim-Add-4-128_00007_fol-1r,vat44,vat44,3151.837393760681,0.8907103825136612,0.3987341772151899,381.0,gt,datasets/bodleianoppenheimad/gt/Bodleian-Library-MS-Oppenheim-Add-4-128_00007_fol-1r.txt,analysis_results/full_run_20260613/predictions/bodleianoppenheimad/vat44__Bodleian-Library-MS-Oppenheim-Add-4-128_00007_fol-1r.xml,947,834
bodleianoppenheimad,Bodleian Oppenheim Add. 4-128,Bodleian-Library-MS-Oppenheim-Add-4-128_00008_fol-1v.jpg,Bodleian-Library-MS-Oppenheim-Add-4-128_00008_fol-1v,ashkenazy,ashkenazy,2716.646103322506,0.9086294416243654,0.4821973550356053,471.0,gt,datasets/bodleianoppenheimad/gt/Bodleian-Library-MS-Oppenheim-Add-4-128_00008_fol-1v.txt,analysis_results/full_run_20260613/predictions/bodleianoppenheimad/ashkenazy__Bodleian-Library-MS-Oppenheim-Add-4-128_00008_fol-1v.xml,977,699
bodleianoppenheimad,Bodleian Oppenheim Add. 4-128,Bodleian-Library-MS-Oppenheim-Add-4-128_00008_fol-1v.jpg,Bodleian-Library-MS-Oppenheim-Add-4-128_00008_fol-1v,biblia9,biblia9,3590.466460466385,0.9390862944162437,0.392675483214649,393.0,gt,datasets/bodleianoppenheimad/gt/Bodleian-Library-MS-Oppenheim-Add-4-128_00008_fol-1v.txt,analysis_results/full_run_20260613/predictions/bodleianoppenheimad/biblia9__Bodleian-Library-MS-Oppenheim-Add-4-128_00008_fol-1v.xml,977,971
bodleianoppenheimad,Bodleian Oppenheim Add. 4-128,Bodleian-Library-MS-Oppenheim-Add-4-128_00008_fol-1v.jpg,Bodleian-Library-MS-Oppenheim-Add-4-128_00008_fol-1v,italian_7,italian 7,3173.6409240961075,0.6598984771573604,0.21871820956256358,216.0,gt,datasets/bodleianoppenheimad/gt/Bodleian-Library-MS-Oppenheim-Add-4-128_00008_fol-1v.txt,analysis_results/full_run_20260613/predictions/bodleianoppenheimad/italian_7__Bodleian-Library-MS-Oppenheim-Add-4-128_00008_fol-1v.xml,977,952
bodleianoppenheimad,Bodleian Oppenheim Add. 4-128,Bodleian-Library-MS-Oppenheim-Add-4-128_00008_fol-1v.jpg,Bodleian-Library-MS-Oppenheim-Add-4-128_00008_fol-1v,prenumeranten,prenumeranten,3730.4839843083173,0.9898477157360406,0.6927772126144456,688.0,gt,datasets/bodleianoppenheimad/gt/Bodleian-Library-MS-Oppenheim-Add-4-128_00008_fol-1v.txt,analysis_results/full_run_20260613/predictions/bodleianoppenheimad/prenumeranten__Bodleian-Library-MS-Oppenheim-Add-4-128_00008_fol-1v.xml,977,999
bodleianoppenheimad,Bodleian Oppenheim Add. 4-128,Bodleian-Library-MS-Oppenheim-Add-4-128_00008_fol-1v.jpg,Bodleian-Library-MS-Oppenheim-Add-4-128_00008_fol-1v,sephardi,sephardi,3097.307630330324,0.7106598984771574,0.26042726347914547,251.0,gt,datasets/bodleianoppenheimad/gt/Bodleian-Library-MS-Oppenheim-Add-4-128_00008_fol-1v.txt,analysis_results/full_run_20260613/predictions/bodleianoppenheimad/sephardi__Bodleian-Library-MS-Oppenheim-Add-4-128_00008_fol-1v.xml,977,937
bodleianoppenheimad,Bodleian Oppenheim Add. 4-128,Bodleian-Library-MS-Oppenheim-Add-4-128_00008_fol-1v.jpg,Bodleian-Library-MS-Oppenheim-Add-4-128_00008_fol-1v,sinai_no_voc_61,sinai no voc 61,3004.111921787262,0.883248730964467,0.3957273652085453,380.0,gt,datasets/bodleianoppenheimad/gt/Bodleian-Library-MS-Oppenheim-Add-4-128_00008_fol-1v.txt,analysis_results/full_run_20260613/predictions/bodleianoppenheimad/sinai_no_voc_61__Bodleian-Library-MS-Oppenheim-Add-4-128_00008_fol-1v.xml,977,845
bodleianoppenheimad,Bodleian Oppenheim Add. 4-128,Bodleian-Library-MS-Oppenheim-Add-4-128_00008_fol-1v.jpg,Bodleian-Library-MS-Oppenheim-Add-4-128_00008_fol-1v,vat44,vat44,3465.4391030669212,0.8477157360406091,0.34384537131230924,338.0,gt,datasets/bodleianoppenheimad/gt/Bodleian-Library-MS-Oppenheim-Add-4-128_00008_fol-1v.txt,analysis_results/full_run_20260613/predictions/bodleianoppenheimad/vat44__Bodleian-Library-MS-Oppenheim-Add-4-128_00008_fol-1v.xml,977,927
bodleianoppenheimad,Bodleian Oppenheim Add. 4-128,Bodleian-Library-MS-Oppenheim-Add-4-128_00009_fol-2r.jpg,Bodleian-Library-MS-Oppenheim-Add-4-128_00009_fol-2r,ashkenazy,ashkenazy,2862.2531260252,0.8492462311557789,0.38900414937759337,370.0,gt,datasets/bodleianoppenheimad/gt/Bodleian-Library-MS-Oppenheim-Add-4-128_00009_fol-2r.txt,analysis_results/full_run_20260613/predictions/bodleianoppenheimad/ashkenazy__Bodleian-Library-MS-Oppenheim-Add-4-128_00009_fol-2r.xml,958,775
bodleianoppenheimad,Bodleian Oppenheim Add. 4-128,Bodleian-Library-MS-Oppenheim-Add-4-128_00009_fol-2r.jpg,Bodleian-Library-MS-Oppenheim-Add-4-128_00009_fol-2r,biblia9,biblia9,3513.1166272759438,0.8693467336683417,0.3703319502074689,367.0,gt,datasets/bodleianoppenheimad/gt/Bodleian-Library-MS-Oppenheim-Add-4-128_00009_fol-2r.txt,analysis_results/full_run_20260613/predictions/bodleianoppenheimad/biblia9__Bodleian-Library-MS-Oppenheim-Add-4-128_00009_fol-2r.xml,958,953
bodleianoppenheimad,Bodleian Oppenheim Add. 4-128,Bodleian-Library-MS-Oppenheim-Add-4-128_00009_fol-2r.jpg,Bodleian-Library-MS-Oppenheim-Add-4-128_00009_fol-2r,italian_7,italian 7,3235.421560972929,0.678391959798995,0.18983402489626555,191.0,gt,datasets/bodleianoppenheimad/gt/Bodleian-Library-MS-Oppenheim-Add-4-128_00009_fol-2r.txt,analysis_results/full_run_20260613/predictions/bodleianoppenheimad/italian_7__Bodleian-Library-MS-Oppenheim-Add-4-128_00009_fol-2r.xml,958,958
bodleianoppenheimad,Bodleian Oppenheim Add. 4-128,Bodleian-Library-MS-Oppenheim-Add-4-128_00009_fol-2r.jpg,Bodleian-Library-MS-Oppenheim-Add-4-128_00009_fol-2r,prenumeranten,prenumeranten,3676.594819520251,1.0,0.6690871369294605,650.0,gt,datasets/bodleianoppenheimad/gt/Bodleian-Library-MS-Oppenheim-Add-4-128_00009_fol-2r.txt,analysis_results/full_run_20260613/predictions/bodleianoppenheimad/prenumeranten__Bodleian-Library-MS-Oppenheim-Add-4-128_00009_fol-2r.xml,958,934
bodleianoppenheimad,Bodleian Oppenheim Add. 4-128,Bodleian-Library-MS-Oppenheim-Add-4-128_00009_fol-2r.jpg,Bodleian-Library-MS-Oppenheim-Add-4-128_00009_fol-2r,sephardi,sephardi,3110.43342679739,0.7085427135678392,0.229253112033195,217.0,gt,datasets/bodleianoppenheimad/gt/Bodleian-Library-MS-Oppenheim-Add-4-128_00009_fol-2r.txt,analysis_results/full_run_20260613/predictions/bodleianoppenheimad/sephardi__Bodleian-Library-MS-Oppenheim-Add-4-128_00009_fol-2r.xml,958,941
bodleianoppenheimad,Bodleian Oppenheim Add. 4-128,Bodleian-Library-MS-Oppenheim-Add-4-128_00009_fol-2r.jpg,Bodleian-Library-MS-Oppenheim-Add-4-128_00009_fol-2r,sinai_no_voc_61,sinai no voc 61,2894.778455853462,0.8492462311557789,0.3993775933609959,381.0,gt,datasets/bodleianoppenheimad/gt/Bodleian-Library-MS-Oppenheim-Add-4-128_00009_fol-2r.txt,analysis_results/full_run_20260613/predictions/bodleianoppenheimad/sinai_no_voc_61__Bodleian-Library-MS-Oppenheim-Add-4-128_00009_fol-2r.xml,958,834
bodleianoppenheimad,Bodleian Oppenheim Add. 4-128,Bodleian-Library-MS-Oppenheim-Add-4-128_00009_fol-2r.jpg,Bodleian-Library-MS-Oppenheim-Add-4-128_00009_fol-2r,vat44,vat44,3434.914442181587,0.7939698492462312,0.3091286307053942,297.0,gt,datasets/bodleianoppenheimad/gt/Bodleian-Library-MS-Oppenheim-Add-4-128_00009_fol-2r.txt,analysis_results/full_run_20260613/predictions/bodleianoppenheimad/vat44__Bodleian-Library-MS-Oppenheim-Add-4-128_00009_fol-2r.xml,958,921
bodleianoppenheimad,Bodleian Oppenheim Add. 4-128,Bodleian-Library-MS-Oppenheim-Add-4-128_00010_fol-2v.jpg,Bodleian-Library-MS-Oppenheim-Add-4-128_00010_fol-2v,ashkenazy,ashkenazy,3041.1833102703094,0.8457943925233645,0.385896180215475,391.0,gt,datasets/bodleianoppenheimad/gt/Bodleian-Library-MS-Oppenheim-Add-4-128_00010_fol-2v.txt,analysis_results/full_run_20260613/predictions/bodleianoppenheimad/ashkenazy__Bodleian-Library-MS-Oppenheim-Add-4-128_00010_fol-2v.xml,1017,814
bodleianoppenheimad,Bodleian Oppenheim Add. 4-128,Bodleian-Library-MS-Oppenheim-Add-4-128_00010_fol-2v.jpg,Bodleian-Library-MS-Oppenheim-Add-4-128_00010_fol-2v,biblia9,biblia9,3701.5101400613785,0.8738317757009346,0.3721841332027424,393.0,gt,datasets/bodleianoppenheimad/gt/Bodleian-Library-MS-Oppenheim-Add-4-128_00010_fol-2v.txt,analysis_results/full_run_20260613/predictions/bodleianoppenheimad/biblia9__Bodleian-Library-MS-Oppenheim-Add-4-128_00010_fol-2v.xml,1017,1007
bodleianoppenheimad,Bodleian Oppenheim Add. 4-128,Bodleian-Library-MS-Oppenheim-Add-4-128_00010_fol-2v.jpg,Bodleian-Library-MS-Oppenheim-Add-4-128_00010_fol-2v,italian_7,italian 7,3173.8689964367077,0.5841121495327103,0.17531831537708129,186.0,gt,datasets/bodleianoppenheimad/gt/Bodleian-Library-MS-Oppenheim-Add-4-128_00010_fol-2v.txt,analysis_results/full_run_20260613/predictions/bodleianoppenheimad/italian_7__Bodleian-Library-MS-Oppenheim-Add-4-128_00010_fol-2v.xml,1017,1005
bodleianoppenheimad,Bodleian Oppenheim Add. 4-128,Bodleian-Library-MS-Oppenheim-Add-4-128_00010_fol-2v.jpg,Bodleian-Library-MS-Oppenheim-Add-4-128_00010_fol-2v,prenumeranten,prenumeranten,3743.8102455793414,0.9953271028037384,0.67384916748286,698.0,gt,datasets/bodleianoppenheimad/gt/Bodleian-Library-MS-Oppenheim-Add-4-128_00010_fol-2v.txt,analysis_results/full_run_20260613/predictions/bodleianoppenheimad/prenumeranten__Bodleian-Library-MS-Oppenheim-Add-4-128_00010_fol-2v.xml,1017,978
bodleianoppenheimad,Bodleian Oppenheim Add. 4-128,Bodleian-Library-MS-Oppenheim-Add-4-128_00010_fol-2v.jpg,Bodleian-Library-MS-Oppenheim-Add-4-128_00010_fol-2v,sephardi,sephardi,3211.5900311768055,0.6822429906542056,0.21351616062683643,223.0,gt,datasets/bodleianoppenheimad/gt/Bodleian-Library-MS-Oppenheim-Add-4-128_00010_fol-2v.txt,analysis_results/full_run_20260613/predictions/bodleianoppenheimad/sephardi__Bodleian-Library-MS-Oppenheim-Add-4-128_00010_fol-2v.xml,1017,1008
bodleianoppenheimad,Bodleian Oppenheim Add. 4-128,Bodleian-Library-MS-Oppenheim-Add-4-128_00010_fol-2v.jpg,Bodleian-Library-MS-Oppenheim-Add-4-128_00010_fol-2v,sinai_no_voc_61,sinai no voc 61,3081.2574235013453,0.8925233644859814,0.395690499510284,400.0,gt,datasets/bodleianoppenheimad/gt/Bodleian-Library-MS-Oppenheim-Add-4-128_00010_fol-2v.txt,analysis_results/full_run_20260613/predictions/bodleianoppenheimad/sinai_no_voc_61__Bodleian-Library-MS-Oppenheim-Add-4-128_00010_fol-2v.xml,1017,877
bodleianoppenheimad,Bodleian Oppenheim Add. 4-128,Bodleian-Library-MS-Oppenheim-Add-4-128_00010_fol-2v.jpg,Bodleian-Library-MS-Oppenheim-Add-4-128_00010_fol-2v,vat44,vat44,3484.757474243641,0.8411214953271028,0.31831537708129287,325.0,gt,datasets/bodleianoppenheimad/gt/Bodleian-Library-MS-Oppenheim-Add-4-128_00010_fol-2v.txt,analysis_results/full_run_20260613/predictions/bodleianoppenheimad/vat44__Bodleian-Library-MS-Oppenheim-Add-4-128_00010_fol-2v.xml,1017,951
bodleianoppenheimad,Bodleian Oppenheim Add. 4-128,Bodleian-Library-MS-Oppenheim-Add-4-128_00011_fol-3r.jpg,Bodleian-Library-MS-Oppenheim-Add-4-128_00011_fol-3r,ashkenazy,ashkenazy,99999.0,0.9941520467836257,0.991389913899139,802.0,gt,datasets/bodleianoppenheimad/gt/Bodleian-Library-MS-Oppenheim-Add-4-128_00011_fol-3r.txt,analysis_results/full_run_20260613/predictions/bodleianoppenheimad/ashkenazy__Bodleian-Library-MS-Oppenheim-Add-4-128_00011_fol-3r.xml,809,7
bodleianoppenheimad,Bodleian Oppenheim Add. 4-128,Bodleian-Library-MS-Oppenheim-Add-4-128_00011_fol-3r.jpg,Bodleian-Library-MS-Oppenheim-Add-4-128_00011_fol-3r,biblia9,biblia9,99999.0,0.9649122807017544,0.6555965559655597,528.0,gt,datasets/bodleianoppenheimad/gt/Bodleian-Library-MS-Oppenheim-Add-4-128_00011_fol-3r.txt,analysis_results/full_run_20260613/predictions/bodleianoppenheimad/biblia9__Bodleian-Library-MS-Oppenheim-Add-4-128_00011_fol-3r.xml,809,443
bodleianoppenheimad,Bodleian Oppenheim Add. 4-128,Bodleian-Library-MS-Oppenheim-Add-4-128_00011_fol-3r.jpg,Bodleian-Library-MS-Oppenheim-Add-4-128_00011_fol-3r,italian_7,italian 7,99999.0,0.8713450292397661,0.6014760147601476,485.0,gt,datasets/bodleianoppenheimad/gt/Bodleian-Library-MS-Oppenheim-Add-4-128_00011_fol-3r.txt,analysis_results/full_run_20260613/predictions/bodleianoppenheimad/italian_7__Bodleian-Library-MS-Oppenheim-Add-4-128_00011_fol-3r.xml,809,400
bodleianoppenheimad,Bodleian Oppenheim Add. 4-128,Bodleian-Library-MS-Oppenheim-Add-4-128_00011_fol-3r.jpg,Bodleian-Library-MS-Oppenheim-Add-4-128_00011_fol-3r,prenumeranten,prenumeranten,99999.0,0.9883040935672515,0.9384993849938499,771.0,gt,datasets/bodleianoppenheimad/gt/Bodleian-Library-MS-Oppenheim-Add-4-128_00011_fol-3r.txt,analysis_results/full_run_20260613/predictions/bodleianoppenheimad/prenumeranten__Bodleian-Library-MS-Oppenheim-Add-4-128_00011_fol-3r.xml,809,40
bodleianoppenheimad,Bodleian Oppenheim Add. 4-128,Bodleian-Library-MS-Oppenheim-Add-4-128_00011_fol-3r.jpg,Bodleian-Library-MS-Oppenheim-Add-4-128_00011_fol-3r,sephardi,sephardi,99999.0,0.8888888888888888,0.46248462484624847,372.0,gt,datasets/bodleianoppenheimad/gt/Bodleian-Library-MS-Oppenheim-Add-4-128_00011_fol-3r.txt,analysis_results/full_run_20260613/predictions/bodleianoppenheimad/sephardi__Bodleian-Library-MS-Oppenheim-Add-4-128_00011_fol-3r.xml,809,557
bodleianoppenheimad,Bodleian Oppenheim Add. 4-128,Bodleian-Library-MS-Oppenheim-Add-4-128_00011_fol-3r.jpg,Bodleian-Library-MS-Oppenheim-Add-4-128_00011_fol-3r,sinai_no_voc_61,sinai no voc 61,99999.0,0.9766081871345029,0.6642066420664207,535.0,gt,datasets/bodleianoppenheimad/gt/Bodleian-Library-MS-Oppenheim-Add-4-128_00011_fol-3r.txt,analysis_results/full_run_20260613/predictions/bodleianoppenheimad/sinai_no_voc_61__Bodleian-Library-MS-Oppenheim-Add-4-128_00011_fol-3r.xml,809,397
bodleianoppenheimad,Bodleian Oppenheim Add. 4-128,Bodleian-Library-MS-Oppenheim-Add-4-128_00011_fol-3r.jpg,Bodleian-Library-MS-Oppenheim-Add-4-128_00011_fol-3r,vat44,vat44,99999.0,0.9883040935672515,0.6519065190651907,524.0,gt,datasets/bodleianoppenheimad/gt/Bodleian-Library-MS-Oppenheim-Add-4-128_00011_fol-3r.txt,analysis_results/full_run_20260613/predictions/bodleianoppenheimad/vat44__Bodleian-Library-MS-Oppenheim-Add-4-128_00011_fol-3r.xml,809,399
bodleianoppenheimad,Bodleian Oppenheim Add. 4-128,Bodleian-Library-MS-Oppenheim-Add-4-128_00012_fol-3v.jpg,Bodleian-Library-MS-Oppenheim-Add-4-128_00012_fol-3v,ashkenazy,ashkenazy,99999.0,0.9951923076923077,0.9886831275720165,957.0,gt,datasets/bodleianoppenheimad/gt/Bodleian-Library-MS-Oppenheim-Add-4-128_00012_fol-3v.txt,analysis_results/full_run_20260613/predictions/bodleianoppenheimad/ashkenazy__Bodleian-Library-MS-Oppenheim-Add-4-128_00012_fol-3v.xml,968,11
bodleianoppenheimad,Bodleian Oppenheim Add. 4-128,Bodleian-Library-MS-Oppenheim-Add-4-128_00012_fol-3v.jpg,Bodleian-Library-MS-Oppenheim-Add-4-128_00012_fol-3v,biblia9,biblia9,3071.4047553539276,0.9711538461538461,0.6008230452674898,581.0,gt,datasets/bodleianoppenheimad/gt/Bodleian-Library-MS-Oppenheim-Add-4-128_00012_fol-3v.txt,analysis_results/full_run_20260613/predictions/bodleianoppenheimad/biblia9__Bodleian-Library-MS-Oppenheim-Add-4-128_00012_fol-3v.xml,968,793
bodleianoppenheimad,Bodleian Oppenheim Add. 4-128,Bodleian-Library-MS-Oppenheim-Add-4-128_00012_fol-3v.jpg,Bodleian-Library-MS-Oppenheim-Add-4-128_00012_fol-3v,italian_7,italian 7,102082.62911188602,0.8942307692307693,0.4351851851851852,421.0,gt,datasets/bodleianoppenheimad/gt/Bodleian-Library-MS-Oppenheim-Add-4-128_00012_fol-3v.txt,analysis_results/full_run_20260613/predictions/bodleianoppenheimad/italian_7__Bodleian-Library-MS-Oppenheim-Add-4-128_00012_fol-3v.xml,968,810
bodleianoppenheimad,Bodleian Oppenheim Add. 4-128,Bodleian-Library-MS-Oppenheim-Add-4-128_00012_fol-3v.jpg,Bodleian-Library-MS-Oppenheim-Add-4-128_00012_fol-3v,prenumeranten,prenumeranten,99999.0,0.9903846153846154,0.8786008230452675,859.0,gt,datasets/bodleianoppenheimad/gt/Bodleian-Library-MS-Oppenheim-Add-4-128_00012_fol-3v.txt,analysis_results/full_run_20260613/predictions/bodleianoppenheimad/prenumeranten__Bodleian-Library-MS-Oppenheim-Add-4-128_00012_fol-3v.xml,968,122
bodleianoppenheimad,Bodleian Oppenheim Add. 4-128,Bodleian-Library-MS-Oppenheim-Add-4-128_00012_fol-3v.jpg,Bodleian-Library-MS-Oppenheim-Add-4-128_00012_fol-3v,sephardi,sephardi,102039.88659761846,0.8701923076923077,0.43621399176954734,422.0,gt,datasets/bodleianoppenheimad/gt/Bodleian-Library-MS-Oppenheim-Add-4-128_00012_fol-3v.txt,analysis_results/full_run_20260613/predictions/bodleianoppenheimad/sephardi__Bodleian-Library-MS-Oppenheim-Add-4-128_00012_fol-3v.xml,968,795
bodleianoppenheimad,Bodleian Oppenheim Add. 4-128,Bodleian-Library-MS-Oppenheim-Add-4-128_00012_fol-3v.jpg,Bodleian-Library-MS-Oppenheim-Add-4-128_00012_fol-3v,sinai_no_voc_61,sinai no voc 61,101887.1579896668,0.9711538461538461,0.6162551440329218,594.0,gt,datasets/bodleianoppenheimad/gt/Bodleian-Library-MS-Oppenheim-Add-4-128_00012_fol-3v.txt,analysis_results/full_run_20260613/predictions/bodleianoppenheimad/sinai_no_voc_61__Bodleian-Library-MS-Oppenheim-Add-4-128_00012_fol-3v.xml,968,663
bodleianoppenheimad,Bodleian Oppenheim Add. 4-128,Bodleian-Library-MS-Oppenheim-Add-4-128_00012_fol-3v.jpg,Bodleian-Library-MS-Oppenheim-Add-4-128_00012_fol-3v,vat44,vat44,102089.10309123993,0.9711538461538461,0.5555555555555556,534.0,gt,datasets/bodleianoppenheimad/gt/Bodleian-Library-MS-Oppenheim-Add-4-128_00012_fol-3v.txt,analysis_results/full_run_20260613/predictions/bodleianoppenheimad/vat44__Bodleian-Library-MS-Oppenheim-Add-4-128_00012_fol-3v.xml,968,696
bodleianoppenheimad,Bodleian Oppenheim Add. 4-128,Bodleian-Library-MS-Oppenheim-Add-4-128_00013_fol-4r.jpg,Bodleian-Library-MS-Oppenheim-Add-4-128_00013_fol-4r,ashkenazy,ashkenazy,99999.0,0.9854368932038835,0.9660678642714571,969.0,gt,datasets/bodleianoppenheimad/gt/Bodleian-Library-MS-Oppenheim-Add-4-128_00013_fol-4r.txt,analysis_results/full_run_20260613/predictions/bodleianoppenheimad/ashkenazy__Bodleian-Library-MS-Oppenheim-Add-4-128_00013_fol-4r.xml,1002,33
bodleianoppenheimad,Bodleian Oppenheim Add. 4-128,Bodleian-Library-MS-Oppenheim-Add-4-128_00013_fol-4r.jpg,Bodleian-Library-MS-Oppenheim-Add-4-128_00013_fol-4r,biblia9,biblia9,102819.70937776566,0.9466019417475728,0.5169660678642715,521.0,gt,datasets/bodleianoppenheimad/gt/Bodleian-Library-MS-Oppenheim-Add-4-128_00013_fol-4r.txt,analysis_results/full_run_20260613/predictions/bodleianoppenheimad/biblia9__Bodleian-Library-MS-Oppenheim-Add-4-128_00013_fol-4r.xml,1002,866
bodleianoppenheimad,Bodleian Oppenheim Add. 4-128,Bodleian-Library-MS-Oppenheim-Add-4-128_00013_fol-4r.jpg,Bodleian-Library-MS-Oppenheim-Add-4-128_00013_fol-4r,italian_7,italian 7,102627.17724138312,0.7087378640776699,0.3263473053892216,334.0,gt,datasets/bodleianoppenheimad/gt/Bodleian-Library-MS-Oppenheim-Add-4-128_00013_fol-4r.txt,analysis_results/full_run_20260613/predictions/bodleianoppenheimad/italian_7__Bodleian-Library-MS-Oppenheim-Add-4-128_00013_fol-4r.xml,1002,910
bodleianoppenheimad,Bodleian Oppenheim Add. 4-128,Bodleian-Library-MS-Oppenheim-Add-4-128_00013_fol-4r.jpg,Bodleian-Library-MS-Oppenheim-Add-4-128_00013_fol-4r,prenumeranten,prenumeranten,100872.41072559357,0.9854368932038835,0.811377245508982,821.0,gt,datasets/bodleianoppenheimad/gt/Bodleian-Library-MS-Oppenheim-Add-4-128_00013_fol-4r.txt,analysis_results/full_run_20260613/predictions/bodleianoppenheimad/prenumeranten__Bodleian-Library-MS-Oppenheim-Add-4-128_00013_fol-4r.xml,1002,217
bodleianoppenheimad,Bodleian Oppenheim Add. 4-128,Bodleian-Library-MS-Oppenheim-Add-4-128_00013_fol-4r.jpg,Bodleian-Library-MS-Oppenheim-Add-4-128_00013_fol-4r,sephardi,sephardi,102580.47916269302,0.8106796116504854,0.37924151696606784,379.0,gt,datasets/bodleianoppenheimad/gt/Bodleian-Library-MS-Oppenheim-Add-4-128_00013_fol-4r.txt,analysis_results/full_run_20260613/predictions/bodleianoppenheimad/sephardi__Bodleian-Library-MS-Oppenheim-Add-4-128_00013_fol-4r.xml,1002,878
bodleianoppenheimad,Bodleian Oppenheim Add. 4-128,Bodleian-Library-MS-Oppenheim-Add-4-128_00013_fol-4r.jpg,Bodleian-Library-MS-Oppenheim-Add-4-128_00013_fol-4r,sinai_no_voc_61,sinai no voc 61,102274.39174175262,0.9757281553398058,0.5898203592814372,589.0,gt,datasets/bodleianoppenheimad/gt/Bodleian-Library-MS-Oppenheim-Add-4-128_00013_fol-4r.txt,analysis_results/full_run_20260613/predictions/bodleianoppenheimad/sinai_no_voc_61__Bodleian-Library-MS-Oppenheim-Add-4-128_00013_fol-4r.xml,1002,684
bodleianoppenheimad,Bodleian Oppenheim Add. 4-128,Bodleian-Library-MS-Oppenheim-Add-4-128_00013_fol-4r.jpg,Bodleian-Library-MS-Oppenheim-Add-4-128_00013_fol-4r,vat44,vat44,102893.99144756794,0.9466019417475728,0.49500998003992014,495.0,gt,datasets/bodleianoppenheimad/gt/Bodleian-Library-MS-Oppenheim-Add-4-128_00013_fol-4r.txt,analysis_results/full_run_20260613/predictions/bodleianoppenheimad/vat44__Bodleian-Library-MS-Oppenheim-Add-4-128_00013_fol-4r.xml,1002,810
bodleianoppenheimad,Bodleian Oppenheim Add. 4-128,Bodleian-Library-MS-Oppenheim-Add-4-128_00014_fol-4v.jpg,Bodleian-Library-MS-Oppenheim-Add-4-128_00014_fol-4v,ashkenazy,ashkenazy,99999.0,1.0,0.9723451327433629,873.0,gt,datasets/bodleianoppenheimad/gt/Bodleian-Library-MS-Oppenheim-Add-4-128_00014_fol-4v.txt,analysis_results/full_run_20260613/predictions/bodleianoppenheimad/ashkenazy__Bodleian-Library-MS-Oppenheim-Add-4-128_00014_fol-4v.xml,898,25
bodleianoppenheimad,Bodleian Oppenheim Add. 4-128,Bodleian-Library-MS-Oppenheim-Add-4-128_00014_fol-4v.jpg,Bodleian-Library-MS-Oppenheim-Add-4-128_00014_fol-4v,biblia9,biblia9,102465.3365828991,0.9162011173184358,0.543141592920354,487.0,gt,datasets/bodleianoppenheimad/gt/Bodleian-Library-MS-Oppenheim-Add-4-128_00014_fol-4v.txt,analysis_results/full_run_20260613/predictions/bodleianoppenheimad/biblia9__Bodleian-Library-MS-Oppenheim-Add-4-128_00014_fol-4v.xml,898,642
bodleianoppenheimad,Bodleian Oppenheim Add. 4-128,Bodleian-Library-MS-Oppenheim-Add-4-128_00014_fol-4v.jpg,Bodleian-Library-MS-Oppenheim-Add-4-128_00014_fol-4v,italian_7,italian 7,102266.37254697084,0.8156424581005587,0.4059734513274336,363.0,gt,datasets/bodleianoppenheimad/gt/Bodleian-Library-MS-Oppenheim-Add-4-128_00014_fol-4v.txt,analysis_results/full_run_20260613/predictions/bodleianoppenheimad/italian_7__Bodleian-Library-MS-Oppenheim-Add-4-128_00014_fol-4v.xml,898,655
bodleianoppenheimad,Bodleian Oppenheim Add. 4-128,Bodleian-Library-MS-Oppenheim-Add-4-128_00014_fol-4v.jpg,Bodleian-Library-MS-Oppenheim-Add-4-128_00014_fol-4v,prenumeranten,prenumeranten,99999.0,0.994413407821229,0.8174778761061947,738.0,gt,datasets/bodleianoppenheimad/gt/Bodleian-Library-MS-Oppenheim-Add-4-128_00014_fol-4v.txt,analysis_results/full_run_20260613/predictions/bodleianoppenheimad/prenumeranten__Bodleian-Library-MS-Oppenheim-Add-4-128_00014_fol-4v.xml,898,202
bodleianoppenheimad,Bodleian Oppenheim Add. 4-128,Bodleian-Library-MS-Oppenheim-Add-4-128_00014_fol-4v.jpg,Bodleian-Library-MS-Oppenheim-Add-4-128_00014_fol-4v,sephardi,sephardi,102456.31892332435,0.7094972067039106,0.3141592920353982,280.0,gt,datasets/bodleianoppenheimad/gt/Bodleian-Library-MS-Oppenheim-Add-4-128_00014_fol-4v.txt,analysis_results/full_run_20260613/predictions/bodleianoppenheimad/sephardi__Bodleian-Library-MS-Oppenheim-Add-4-128_00014_fol-4v.xml,898,773
bodleianoppenheimad,Bodleian Oppenheim Add. 4-128,Bodleian-Library-MS-Oppenheim-Add-4-128_00014_fol-4v.jpg,Bodleian-Library-MS-Oppenheim-Add-4-128_00014_fol-4v,sinai_no_voc_61,sinai no voc 61,102282.4998242259,0.9553072625698324,0.581858407079646,519.0,gt,datasets/bodleianoppenheimad/gt/Bodleian-Library-MS-Oppenheim-Add-4-128_00014_fol-4v.txt,analysis_results/full_run_20260613/predictions/bodleianoppenheimad/sinai_no_voc_61__Bodleian-Library-MS-Oppenheim-Add-4-128_00014_fol-4v.xml,898,596
bodleianoppenheimad,Bodleian Oppenheim Add. 4-128,Bodleian-Library-MS-Oppenheim-Add-4-128_00014_fol-4v.jpg,Bodleian-Library-MS-Oppenheim-Add-4-128_00014_fol-4v,vat44,vat44,102739.5801281929,0.9441340782122905,0.46349557522123896,415.0,gt,datasets/bodleianoppenheimad/gt/Bodleian-Library-MS-Oppenheim-Add-4-128_00014_fol-4v.txt,analysis_results/full_run_20260613/predictions/bodleianoppenheimad/vat44__Bodleian-Library-MS-Oppenheim-Add-4-128_00014_fol-4v.xml,898,688
bodleianoppenheimad,Bodleian Oppenheim Add. 4-128,Bodleian-Library-MS-Oppenheim-Add-4-128_00015_fol-5r.jpg,Bodleian-Library-MS-Oppenheim-Add-4-128_00015_fol-5r,ashkenazy,ashkenazy,2839.015965938568,0.8542713567839196,0.405811623246493,402.0,gt,datasets/bodleianoppenheimad/gt/Bodleian-Library-MS-Oppenheim-Add-4-128_00015_fol-5r.txt,analysis_results/full_run_20260613/predictions/bodleianoppenheimad/ashkenazy__Bodleian-Library-MS-Oppenheim-Add-4-128_00015_fol-5r.xml,995,775
bodleianoppenheimad,Bodleian Oppenheim Add. 4-128,Bodleian-Library-MS-Oppenheim-Add-4-128_00015_fol-5r.jpg,Bodleian-Library-MS-Oppenheim-Add-4-128_00015_fol-5r,biblia9,biblia9,3517.5222414284945,0.8793969849246231,0.3687374749498998,378.0,gt,datasets/bodleianoppenheimad/gt/Bodleian-Library-MS-Oppenheim-Add-4-128_00015_fol-5r.txt,analysis_results/full_run_20260613/predictions/bodleianoppenheimad/biblia9__Bodleian-Library-MS-Oppenheim-Add-4-128_00015_fol-5r.xml,995,962
bodleianoppenheimad,Bodleian Oppenheim Add. 4-128,Bodleian-Library-MS-Oppenheim-Add-4-128_00015_fol-5r.jpg,Bodleian-Library-MS-Oppenheim-Add-4-128_00015_fol-5r,italian_7,italian 7,3056.1974945403636,0.6381909547738693,0.1813627254509018,190.0,gt,datasets/bodleianoppenheimad/gt/Bodleian-Library-MS-Oppenheim-Add-4-128_00015_fol-5r.txt,analysis_results/full_run_20260613/predictions/bodleianoppenheimad/italian_7__Bodleian-Library-MS-Oppenheim-Add-4-128_00015_fol-5r.xml,995,994
bodleianoppenheimad,Bodleian Oppenheim Add. 4-128,Bodleian-Library-MS-Oppenheim-Add-4-128_00015_fol-5r.jpg,Bodleian-Library-MS-Oppenheim-Add-4-128_00015_fol-5r,prenumeranten,prenumeranten,3720.640439167968,1.0,0.6673346693386774,675.0,gt,datasets/bodleianoppenheimad/gt/Bodleian-Library-MS-Oppenheim-Add-4-128_00015_fol-5r.txt,analysis_results/full_run_20260613/predictions/bodleianoppenheimad/prenumeranten__Bodleian-Library-MS-Oppenheim-Add-4-128_00015_fol-5r.xml,995,916
bodleianoppenheimad,Bodleian Oppenheim Add. 4-128,Bodleian-Library-MS-Oppenheim-Add-4-128_00015_fol-5r.jpg,Bodleian-Library-MS-Oppenheim-Add-4-128_00015_fol-5r,sephardi,sephardi,2968.490408324398,0.6733668341708543,0.2154308617234469,226.0,gt,datasets/bodleianoppenheimad/gt/Bodleian-Library-MS-Oppenheim-Add-4-128_00015_fol-5r.txt,analysis_results/full_run_20260613/predictions/bodleianoppenheimad/sephardi__Bodleian-Library-MS-Oppenheim-Add-4-128_00015_fol-5r.xml,995,964
bodleianoppenheimad,Bodleian Oppenheim Add. 4-128,Bodleian-Library-MS-Oppenheim-Add-4-128_00015_fol-5r.jpg,Bodleian-Library-MS-Oppenheim-Add-4-128_00015_fol-5r,sinai_no_voc_61,sinai no voc 61,2781.120734018943,0.9195979899497487,0.45991983967935873,457.0,gt,datasets/bodleianoppenheimad/gt/Bodleian-Library-MS-Oppenheim-Add-4-128_00015_fol-5r.txt,analysis_results/full_run_20260613/predictions/bodleianoppenheimad/sinai_no_voc_61__Bodleian-Library-MS-Oppenheim-Add-4-128_00015_fol-5r.xml,995,769
bodleianoppenheimad,Bodleian Oppenheim Add. 4-128,Bodleian-Library-MS-Oppenheim-Add-4-128_00015_fol-5r.jpg,Bodleian-Library-MS-Oppenheim-Add-4-128_00015_fol-5r,vat44,vat44,3633.105328440666,0.8241206030150754,0.3246492985971944,326.0,gt,datasets/bodleianoppenheimad/gt/Bodleian-Library-MS-Oppenheim-Add-4-128_00015_fol-5r.txt,analysis_results/full_run_20260613/predictions/bodleianoppenheimad/vat44__Bodleian-Library-MS-Oppenheim-Add-4-128_00015_fol-5r.xml,995,929
bodleianoppenheimad,Bodleian Oppenheim Add. 4-128,Bodleian-Library-MS-Oppenheim-Add-4-128_00016_fol-5v.jpg,Bodleian-Library-MS-Oppenheim-Add-4-128_00016_fol-5v,ashkenazy,ashkenazy,2764.5260062217712,0.9042553191489362,0.3894736842105263,369.0,gt,datasets/bodleianoppenheimad/gt/Bodleian-Library-MS-Oppenheim-Add-4-128_00016_fol-5v.txt,analysis_results/full_run_20260613/predictions/bodleianoppenheimad/ashkenazy__Bodleian-Library-MS-Oppenheim-Add-4-128_00016_fol-5v.xml,948,773
bodleianoppenheimad,Bodleian Oppenheim Add. 4-128,Bodleian-Library-MS-Oppenheim-Add-4-128_00016_fol-5v.jpg,Bodleian-Library-MS-Oppenheim-Add-4-128_00016_fol-5v,biblia9,biblia9,3221.527377009392,0.8617021276595744,0.35789473684210527,347.0,gt,datasets/bodleianoppenheimad/gt/Bodleian-Library-MS-Oppenheim-Add-4-128_00016_fol-5v.txt,analysis_results/full_run_20260613/predictions/bodleianoppenheimad/biblia9__Bodleian-Library-MS-Oppenheim-Add-4-128_00016_fol-5v.xml,948,902
bodleianoppenheimad,Bodleian Oppenheim Add. 4-128,Bodleian-Library-MS-Oppenheim-Add-4-128_00016_fol-5v.jpg,Bodleian-Library-MS-Oppenheim-Add-4-128_00016_fol-5v,italian_7,italian 7,2883.8153100199997,0.6914893617021277,0.24947368421052632,238.0,gt,datasets/bodleianoppenheimad/gt/Bodleian-Library-MS-Oppenheim-Add-4-128_00016_fol-5v.txt,analysis_results/full_run_20260613/predictions/bodleianoppenheimad/italian_7__Bodleian-Library-MS-Oppenheim-Add-4-128_00016_fol-5v.xml,948,911
bodleianoppenheimad,Bodleian Oppenheim Add. 4-128,Bodleian-Library-MS-Oppenheim-Add-4-128_00016_fol-5v.jpg,Bodleian-Library-MS-Oppenheim-Add-4-128_00016_fol-5v,prenumeranten,prenumeranten,3536.0712262378984,0.9946808510638298,0.66,642.0,gt,datasets/bodleianoppenheimad/gt/Bodleian-Library-MS-Oppenheim-Add-4-128_00016_fol-5v.txt,analysis_results/full_run_20260613/predictions/bodleianoppenheimad/prenumeranten__Bodleian-Library-MS-Oppenheim-Add-4-128_00016_fol-5v.xml,948,948
bodleianoppenheimad,Bodleian Oppenheim Add. 4-128,Bodleian-Library-MS-Oppenheim-Add-4-128_00016_fol-5v.jpg,Bodleian-Library-MS-Oppenheim-Add-4-128_00016_fol-5v,sephardi,sephardi,2856.8201783150434,0.7659574468085106,0.2673684210526316,255.0,gt,datasets/bodleianoppenheimad/gt/Bodleian-Library-MS-Oppenheim-Add-4-128_00016_fol-5v.txt,analysis_results/full_run_20260613/predictions/bodleianoppenheimad/sephardi__Bodleian-Library-MS-Oppenheim-Add-4-128_00016_fol-5v.xml,948,903
bodleianoppenheimad,Bodleian Oppenheim Add. 4-128,Bodleian-Library-MS-Oppenheim-Add-4-128_00016_fol-5v.jpg,Bodleian-Library-MS-Oppenheim-Add-4-128_00016_fol-5v,sinai_no_voc_61,sinai no voc 61,2750.2118276953697,0.8670212765957447,0.3736842105263158,352.0,gt,datasets/bodleianoppenheimad/gt/Bodleian-Library-MS-Oppenheim-Add-4-128_00016_fol-5v.txt,analysis_results/full_run_20260613/predictions/bodleianoppenheimad/sinai_no_voc_61__Bodleian-Library-MS-Oppenheim-Add-4-128_00016_fol-5v.xml,948,823
bodleianoppenheimad,Bodleian Oppenheim Add. 4-128,Bodleian-Library-MS-Oppenheim-Add-4-128_00016_fol-5v.jpg,Bodleian-Library-MS-Oppenheim-Add-4-128_00016_fol-5v,vat44,vat44,3220.477992353495,0.7978723404255319,0.33052631578947367,318.0,gt,datasets/bodleianoppenheimad/gt/Bodleian-Library-MS-Oppenheim-Add-4-128_00016_fol-5v.txt,analysis_results/full_run_20260613/predictions/bodleianoppenheimad/vat44__Bodleian-Library-MS-Oppenheim-Add-4-128_00016_fol-5v.xml,948,886
bodleianoppenheimad,Bodleian Oppenheim Add. 4-128,Bodleian-Library-MS-Oppenheim-Add-4-128_00027_fol-11r.jpg,Bodleian-Library-MS-Oppenheim-Add-4-128_00027_fol-11r,ashkenazy,ashkenazy,2519.69252204895,0.875,0.4115606936416185,350.0,gt,datasets/bodleianoppenheimad/gt/Bodleian-Library-MS-Oppenheim-Add-4-128_00027_fol-11r.txt,analysis_results/full_run_20260613/predictions/bodleianoppenheimad/ashkenazy__Bodleian-Library-MS-Oppenheim-Add-4-128_00027_fol-11r.xml,854,669
bodleianoppenheimad,Bodleian Oppenheim Add. 4-128,Bodleian-Library-MS-Oppenheim-Add-4-128_00027_fol-11r.jpg,Bodleian-Library-MS-Oppenheim-Add-4-128_00027_fol-11r,biblia9,biblia9,3035.563968293369,0.8920454545454546,0.3260115606936416,292.0,gt,datasets/bodleianoppenheimad/gt/Bodleian-Library-MS-Oppenheim-Add-4-128_00027_fol-11r.txt,analysis_results/full_run_20260613/predictions/bodleianoppenheimad/biblia9__Bodleian-Library-MS-Oppenheim-Add-4-128_00027_fol-11r.xml,854,862
bodleianoppenheimad,Bodleian Oppenheim Add. 4-128,Bodleian-Library-MS-Oppenheim-Add-4-128_00027_fol-11r.jpg,Bodleian-Library-MS-Oppenheim-Add-4-128_00027_fol-11r,italian_7,italian 7,2766.432501640171,0.6590909090909091,0.20809248554913296,187.0,gt,datasets/bodleianoppenheimad/gt/Bodleian-Library-MS-Oppenheim-Add-4-128_00027_fol-11r.txt,analysis_results/full_run_20260613/predictions/bodleianoppenheimad/italian_7__Bodleian-Library-MS-Oppenheim-Add-4-128_00027_fol-11r.xml,854,860
bodleianoppenheimad,Bodleian Oppenheim Add. 4-128,Bodleian-Library-MS-Oppenheim-Add-4-128_00027_fol-11r.jpg,Bodleian-Library-MS-Oppenheim-Add-4-128_00027_fol-11r,prenumeranten,prenumeranten,3239.168384996592,0.9943181818181818,0.6439306358381502,571.0,gt,datasets/bodleianoppenheimad/gt/Bodleian-Library-MS-Oppenheim-Add-4-128_00027_fol-11r.txt,analysis_results/full_run_20260613/predictions/bodleianoppenheimad/prenumeranten__Bodleian-Library-MS-Oppenheim-Add-4-128_00027_fol-11r.xml,854,792
bodleianoppenheimad,Bodleian Oppenheim Add. 4-128,Bodleian-Library-MS-Oppenheim-Add-4-128_00027_fol-11r.jpg,Bodleian-Library-MS-Oppenheim-Add-4-128_00027_fol-11r,sephardi,sephardi,2688.216283624526,0.7045454545454546,0.22890173410404624,198.0,gt,datasets/bodleianoppenheimad/gt/Bodleian-Library-MS-Oppenheim-Add-4-128_00027_fol-11r.txt,analysis_results/full_run_20260613/predictions/bodleianoppenheimad/sephardi__Bodleian-Library-MS-Oppenheim-Add-4-128_00027_fol-11r.xml,854,835
bodleianoppenheimad,Bodleian Oppenheim Add. 4-128,Bodleian-Library-MS-Oppenheim-Add-4-128_00027_fol-11r.jpg,Bodleian-Library-MS-Oppenheim-Add-4-128_00027_fol-11r,sinai_no_voc_61,sinai no voc 61,2557.4200424121227,0.875,0.3930635838150289,331.0,gt,datasets/bodleianoppenheimad/gt/Bodleian-Library-MS-Oppenheim-Add-4-128_00027_fol-11r.txt,analysis_results/full_run_20260613/predictions/bodleianoppenheimad/sinai_no_voc_61__Bodleian-Library-MS-Oppenheim-Add-4-128_00027_fol-11r.xml,854,724
bodleianoppenheimad,Bodleian Oppenheim Add. 4-128,Bodleian-Library-MS-Oppenheim-Add-4-128_00027_fol-11r.jpg,Bodleian-Library-MS-Oppenheim-Add-4-128_00027_fol-11r,vat44,vat44,2857.116967320442,0.7954545454545454,0.28439306358381505,242.0,gt,datasets/bodleianoppenheimad/gt/Bodleian-Library-MS-Oppenheim-Add-4-128_00027_fol-11r.txt,analysis_results/full_run_20260613/predictions/bodleianoppenheimad/vat44__Bodleian-Library-MS-Oppenheim-Add-4-128_00027_fol-11r.xml,854,812
bodleianoppenheimad,Bodleian Oppenheim Add. 4-128,Bodleian-Library-MS-Oppenheim-Add-4-128_00028_fol-11v.jpg,Bodleian-Library-MS-Oppenheim-Add-4-128_00028_fol-11v,ashkenazy,ashkenazy,99999.0,0.8963730569948186,0.41993637327677624,399.0,gt,datasets/bodleianoppenheimad/gt/Bodleian-Library-MS-Oppenheim-Add-4-128_00028_fol-11v.txt,analysis_results/full_run_20260613/predictions/bodleianoppenheimad/ashkenazy__Bodleian-Library-MS-Oppenheim-Add-4-128_00028_fol-11v.xml,942,678
bodleianoppenheimad,Bodleian Oppenheim Add. 4-128,Bodleian-Library-MS-Oppenheim-Add-4-128_00028_fol-11v.jpg,Bodleian-Library-MS-Oppenheim-Add-4-128_00028_fol-11v,biblia9,biblia9,99999.0,0.9119170984455959,0.37645811240721105,368.0,gt,datasets/bodleianoppenheimad/gt/Bodleian-Library-MS-Oppenheim-Add-4-128_00028_fol-11v.txt,analysis_results/full_run_20260613/predictions/bodleianoppenheimad/biblia9__Bodleian-Library-MS-Oppenheim-Add-4-128_00028_fol-11v.xml,942,940
bodleianoppenheimad,Bodleian Oppenheim Add. 4-128,Bodleian-Library-MS-Oppenheim-Add-4-128_00028_fol-11v.jpg,Bodleian-Library-MS-Oppenheim-Add-4-128_00028_fol-11v,italian_7,italian 7,99999.0,0.6321243523316062,0.18133616118769882,176.0,gt,datasets/bodleianoppenheimad/gt/Bodleian-Library-MS-Oppenheim-Add-4-128_00028_fol-11v.txt,analysis_results/full_run_20260613/predictions/bodleianoppenheimad/italian_7__Bodleian-Library-MS-Oppenheim-Add-4-128_00028_fol-11v.xml,942,941
bodleianoppenheimad,Bodleian Oppenheim Add. 4-128,Bodleian-Library-MS-Oppenheim-Add-4-128_00028_fol-11v.jpg,Bodleian-Library-MS-Oppenheim-Add-4-128_00028_fol-11v,prenumeranten,prenumeranten,99999.0,1.0,0.6755037115588547,647.0,gt,datasets/bodleianoppenheimad/gt/Bodleian-Library-MS-Oppenheim-Add-4-128_00028_fol-11v.txt,analysis_results/full_run_20260613/predictions/bodleianoppenheimad/prenumeranten__Bodleian-Library-MS-Oppenheim-Add-4-128_00028_fol-11v.xml,942,902
bodleianoppenheimad,Bodleian Oppenheim Add. 4-128,Bodleian-Library-MS-Oppenheim-Add-4-128_00028_fol-11v.jpg,Bodleian-Library-MS-Oppenheim-Add-4-128_00028_fol-11v,sephardi,sephardi,99999.0,0.772020725388601,0.2523860021208908,246.0,gt,datasets/bodleianoppenheimad/gt/Bodleian-Library-MS-Oppenheim-Add-4-128_00028_fol-11v.txt,analysis_results/full_run_20260613/predictions/bodleianoppenheimad/sephardi__Bodleian-Library-MS-Oppenheim-Add-4-128_00028_fol-11v.xml,942,916
bodleianoppenheimad,Bodleian Oppenheim Add. 4-128,Bodleian-Library-MS-Oppenheim-Add-4-128_00028_fol-11v.jpg,Bodleian-Library-MS-Oppenheim-Add-4-128_00028_fol-11v,sinai_no_voc_61,sinai no voc 61,99999.0,0.927461139896373,0.44750795334040294,424.0,gt,datasets/bodleianoppenheimad/gt/Bodleian-Library-MS-Oppenheim-Add-4-128_00028_fol-11v.txt,analysis_results/full_run_20260613/predictions/bodleianoppenheimad/sinai_no_voc_61__Bodleian-Library-MS-Oppenheim-Add-4-128_00028_fol-11v.xml,942,761
bodleianoppenheimad,Bodleian Oppenheim Add. 4-128,Bodleian-Library-MS-Oppenheim-Add-4-128_00028_fol-11v.jpg,Bodleian-Library-MS-Oppenheim-Add-4-128_00028_fol-11v,vat44,vat44,99999.0,0.8704663212435233,0.3425238600212089,320.0,gt,datasets/bodleianoppenheimad/gt/Bodleian-Library-MS-Oppenheim-Add-4-128_00028_fol-11v.txt,analysis_results/full_run_20260613/predictions/bodleianoppenheimad/vat44__Bodleian-Library-MS-Oppenheim-Add-4-128_00028_fol-11v.xml,942,892
bodleianoppenheimad,Bodleian Oppenheim Add. 4-128,Bodleian-Library-MS-Oppenheim-Add-4-128_00029_fol-12r.jpg,Bodleian-Library-MS-Oppenheim-Add-4-128_00029_fol-12r,ashkenazy,ashkenazy,102189.59901043028,0.8504672897196262,0.38740458015267176,407.0,gt,datasets/bodleianoppenheimad/gt/Bodleian-Library-MS-Oppenheim-Add-4-128_00029_fol-12r.txt,analysis_results/full_run_20260613/predictions/bodleianoppenheimad/ashkenazy__Bodleian-Library-MS-Oppenheim-Add-4-128_00029_fol-12r.xml,1046,829
bodleianoppenheimad,Bodleian Oppenheim Add. 4-128,Bodleian-Library-MS-Oppenheim-Add-4-128_00029_fol-12r.jpg,Bodleian-Library-MS-Oppenheim-Add-4-128_00029_fol-12r,biblia9,biblia9,102524.23082864285,0.8271028037383178,0.32538167938931295,345.0,gt,datasets/bodleianoppenheimad/gt/Bodleian-Library-MS-Oppenheim-Add-4-128_00029_fol-12r.txt,analysis_results/full_run_20260613/predictions/bodleianoppenheimad/biblia9__Bodleian-Library-MS-Oppenheim-Add-4-128_00029_fol-12r.xml,1046,1026
bodleianoppenheimad,Bodleian Oppenheim Add. 4-128,Bodleian-Library-MS-Oppenheim-Add-4-128_00029_fol-12r.jpg,Bodleian-Library-MS-Oppenheim-Add-4-128_00029_fol-12r,italian_7,italian 7,102205.36686650105,0.5841121495327103,0.16412213740458015,178.0,gt,datasets/bodleianoppenheimad/gt/Bodleian-Library-MS-Oppenheim-Add-4-128_00029_fol-12r.txt,analysis_results/full_run_20260613/predictions/bodleianoppenheimad/italian_7__Bodleian-Library-MS-Oppenheim-Add-4-128_00029_fol-12r.xml,1046,1026
bodleianoppenheimad,Bodleian Oppenheim Add. 4-128,Bodleian-Library-MS-Oppenheim-Add-4-128_00029_fol-12r.jpg,Bodleian-Library-MS-Oppenheim-Add-4-128_00029_fol-12r,prenumeranten,prenumeranten,102831.4705621514,0.9813084112149533,0.6583969465648855,702.0,gt,datasets/bodleianoppenheimad/gt/Bodleian-Library-MS-Oppenheim-Add-4-128_00029_fol-12r.txt,analysis_results/full_run_20260613/predictions/bodleianoppenheimad/prenumeranten__Bodleian-Library-MS-Oppenheim-Add-4-128_00029_fol-12r.xml,1046,1021
bodleianoppenheimad,Bodleian Oppenheim Add. 4-128,Bodleian-Library-MS-Oppenheim-Add-4-128_00029_fol-12r.jpg,Bodleian-Library-MS-Oppenheim-Add-4-128_00029_fol-12r,sephardi,sephardi,102264.95006735157,0.6121495327102804,0.21374045801526717,232.0,gt,datasets/bodleianoppenheimad/gt/Bodleian-Library-MS-Oppenheim-Add-4-128_00029_fol-12r.txt,analysis_results/full_run_20260613/predictions/bodleianoppenheimad/sephardi__Bodleian-Library-MS-Oppenheim-Add-4-128_00029_fol-12r.xml,1046,1014
bodleianoppenheimad,Bodleian Oppenheim Add. 4-128,Bodleian-Library-MS-Oppenheim-Add-4-128_00029_fol-12r.jpg,Bodleian-Library-MS-Oppenheim-Add-4-128_00029_fol-12r,sinai_no_voc_61,sinai no voc 61,102214.23248568666,0.897196261682243,0.3893129770992366,406.0,gt,datasets/bodleianoppenheimad/gt/Bodleian-Library-MS-Oppenheim-Add-4-128_00029_fol-12r.txt,analysis_results/full_run_20260613/predictions/bodleianoppenheimad/sinai_no_voc_61__Bodleian-Library-MS-Oppenheim-Add-4-128_00029_fol-12r.xml,1046,910
bodleianoppenheimad,Bodleian Oppenheim Add. 4-128,Bodleian-Library-MS-Oppenheim-Add-4-128_00029_fol-12r.jpg,Bodleian-Library-MS-Oppenheim-Add-4-128_00029_fol-12r,vat44,vat44,102523.40560024977,0.7710280373831776,0.2776717557251908,290.0,gt,datasets/bodleianoppenheimad/gt/Bodleian-Library-MS-Oppenheim-Add-4-128_00029_fol-12r.txt,analysis_results/full_run_20260613/predictions/bodleianoppenheimad/vat44__Bodleian-Library-MS-Oppenheim-Add-4-128_00029_fol-12r.xml,1046,1000
bodleianoppenheimad,Bodleian Oppenheim Add. 4-128,Bodleian-Library-MS-Oppenheim-Add-4-128_00411_fol-203r.jpg,Bodleian-Library-MS-Oppenheim-Add-4-128_00411_fol-203r,ashkenazy,ashkenazy,103572.67486788332,0.631578947368421,0.19812925170068027,241.0,gt,datasets/bodleianoppenheimad/gt/Bodleian-Library-MS-Oppenheim-Add-4-128_00411_fol-203r.txt,analysis_results/full_run_20260613/predictions/bodleianoppenheimad/ashkenazy__Bodleian-Library-MS-Oppenheim-Add-4-128_00411_fol-203r.xml,1183,1138
bodleianoppenheimad,Bodleian Oppenheim Add. 4-128,Bodleian-Library-MS-Oppenheim-Add-4-128_00411_fol-203r.jpg,Bodleian-Library-MS-Oppenheim-Add-4-128_00411_fol-203r,biblia9,biblia9,103832.66845014691,0.7651821862348178,0.2508503401360544,308.0,gt,datasets/bodleianoppenheimad/gt/Bodleian-Library-MS-Oppenheim-Add-4-128_00411_fol-203r.txt,analysis_results/full_run_20260613/predictions/bodleianoppenheimad/biblia9__Bodleian-Library-MS-Oppenheim-Add-4-128_00411_fol-203r.xml,1183,1130
bodleianoppenheimad,Bodleian Oppenheim Add. 4-128,Bodleian-Library-MS-Oppenheim-Add-4-128_00411_fol-203r.jpg,Bodleian-Library-MS-Oppenheim-Add-4-128_00411_fol-203r,italian_7,italian 7,103261.34445020556,0.46153846153846156,0.12755102040816327,162.0,gt,datasets/bodleianoppenheimad/gt/Bodleian-Library-MS-Oppenheim-Add-4-128_00411_fol-203r.txt,analysis_results/full_run_20260613/predictions/bodleianoppenheimad/italian_7__Bodleian-Library-MS-Oppenheim-Add-4-128_00411_fol-203r.xml,1183,1191
bodleianoppenheimad,Bodleian Oppenheim Add. 4-128,Bodleian-Library-MS-Oppenheim-Add-4-128_00411_fol-203r.jpg,Bodleian-Library-MS-Oppenheim-Add-4-128_00411_fol-203r,prenumeranten,prenumeranten,104227.0138583578,0.9838056680161943,0.6479591836734694,773.0,gt,datasets/bodleianoppenheimad/gt/Bodleian-Library-MS-Oppenheim-Add-4-128_00411_fol-203r.txt,analysis_results/full_run_20260613/predictions/bodleianoppenheimad/prenumeranten__Bodleian-Library-MS-Oppenheim-Add-4-128_00411_fol-203r.xml,1183,1149
bodleianoppenheimad,Bodleian Oppenheim Add. 4-128,Bodleian-Library-MS-Oppenheim-Add-4-128_00411_fol-203r.jpg,Bodleian-Library-MS-Oppenheim-Add-4-128_00411_fol-203r,sephardi,sephardi,103268.28234186023,0.5384615384615384,0.14540816326530612,184.0,gt,datasets/bodleianoppenheimad/gt/Bodleian-Library-MS-Oppenheim-Add-4-128_00411_fol-203r.txt,analysis_results/full_run_20260613/predictions/bodleianoppenheimad/sephardi__Bodleian-Library-MS-Oppenheim-Add-4-128_00411_fol-203r.xml,1183,1164
bodleianoppenheimad,Bodleian Oppenheim Add. 4-128,Bodleian-Library-MS-Oppenheim-Add-4-128_00411_fol-203r.jpg,Bodleian-Library-MS-Oppenheim-Add-4-128_00411_fol-203r,sinai_no_voc_61,sinai no voc 61,103615.96079030744,0.854251012145749,0.35374149659863946,423.0,gt,datasets/bodleianoppenheimad/gt/Bodleian-Library-MS-Oppenheim-Add-4-128_00411_fol-203r.txt,analysis_results/full_run_20260613/predictions/bodleianoppenheimad/sinai_no_voc_61__Bodleian-Library-MS-Oppenheim-Add-4-128_00411_fol-203r.xml,1183,1097
bodleianoppenheimad,Bodleian Oppenheim Add. 4-128,Bodleian-Library-MS-Oppenheim-Add-4-128_00411_fol-203r.jpg,Bodleian-Library-MS-Oppenheim-Add-4-128_00411_fol-203r,vat44,vat44,103812.09105402231,0.7611336032388664,0.24829931972789115,301.0,gt,datasets/bodleianoppenheimad/gt/Bodleian-Library-MS-Oppenheim-Add-4-128_00411_fol-203r.txt,analysis_results/full_run_20260613/predictions/bodleianoppenheimad/vat44__Bodleian-Library-MS-Oppenheim-Add-4-128_00411_fol-203r.xml,1183,1116
bodleianoppenheimad,Bodleian Oppenheim Add. 4-128,Bodleian-Library-MS-Oppenheim-Add-4-128_00412_fol-203v.jpg,Bodleian-Library-MS-Oppenheim-Add-4-128_00412_fol-203v,ashkenazy,ashkenazy,3646.2509863376617,0.6942148760330579,0.21452991452991452,263.0,gt,datasets/bodleianoppenheimad/gt/Bodleian-Library-MS-Oppenheim-Add-4-128_00412_fol-203v.txt,analysis_results/full_run_20260613/predictions/bodleianoppenheimad/ashkenazy__Bodleian-Library-MS-Oppenheim-Add-4-128_00412_fol-203v.xml,1178,1127
bodleianoppenheimad,Bodleian Oppenheim Add. 4-128,Bodleian-Library-MS-Oppenheim-Add-4-128_00412_fol-203v.jpg,Bodleian-Library-MS-Oppenheim-Add-4-128_00412_fol-203v,biblia9,biblia9,3914.90545463562,0.7892561983471075,0.2692307692307692,335.0,gt,datasets/bodleianoppenheimad/gt/Bodleian-Library-MS-Oppenheim-Add-4-128_00412_fol-203v.txt,analysis_results/full_run_20260613/predictions/bodleianoppenheimad/biblia9__Bodleian-Library-MS-Oppenheim-Add-4-128_00412_fol-203v.xml,1178,1122
bodleianoppenheimad,Bodleian Oppenheim Add. 4-128,Bodleian-Library-MS-Oppenheim-Add-4-128_00412_fol-203v.jpg,Bodleian-Library-MS-Oppenheim-Add-4-128_00412_fol-203v,italian_7,italian 7,3345.1550430869684,0.5289256198347108,0.14444444444444443,192.0,gt,datasets/bodleianoppenheimad/gt/Bodleian-Library-MS-Oppenheim-Add-4-128_00412_fol-203v.txt,analysis_results/full_run_20260613/predictions/bodleianoppenheimad/italian_7__Bodleian-Library-MS-Oppenheim-Add-4-128_00412_fol-203v.xml,1178,1194
bodleianoppenheimad,Bodleian Oppenheim Add. 4-128,Bodleian-Library-MS-Oppenheim-Add-4-128_00412_fol-203v.jpg,Bodleian-Library-MS-Oppenheim-Add-4-128_00412_fol-203v,prenumeranten,prenumeranten,4262.1369932695525,0.9752066115702479,0.611965811965812,732.0,gt,datasets/bodleianoppenheimad/gt/Bodleian-Library-MS-Oppenheim-Add-4-128_00412_fol-203v.txt,analysis_results/full_run_20260613/predictions/bodleianoppenheimad/prenumeranten__Bodleian-Library-MS-Oppenheim-Add-4-128_00412_fol-203v.xml,1178,1122
bodleianoppenheimad,Bodleian Oppenheim Add. 4-128,Bodleian-Library-MS-Oppenheim-Add-4-128_00412_fol-203v.jpg,Bodleian-Library-MS-Oppenheim-Add-4-128_00412_fol-203v,sephardi,sephardi,3268.7536672622155,0.5785123966942148,0.1564102564102564,207.0,gt,datasets/bodleianoppenheimad/gt/Bodleian-Library-MS-Oppenheim-Add-4-128_00412_fol-203v.txt,analysis_results/full_run_20260613/predictions/bodleianoppenheimad/sephardi__Bodleian-Library-MS-Oppenheim-Add-4-128_00412_fol-203v.xml,1178,1165
bodleianoppenheimad,Bodleian Oppenheim Add. 4-128,Bodleian-Library-MS-Oppenheim-Add-4-128_00412_fol-203v.jpg,Bodleian-Library-MS-Oppenheim-Add-4-128_00412_fol-203v,sinai_no_voc_61,sinai no voc 61,3521.41441321373,0.8636363636363636,0.3367521367521368,402.0,gt,datasets/bodleianoppenheimad/gt/Bodleian-Library-MS-Oppenheim-Add-4-128_00412_fol-203v.txt,analysis_results/full_run_20260613/predictions/bodleianoppenheimad/sinai_no_voc_61__Bodleian-Library-MS-Oppenheim-Add-4-128_00412_fol-203v.xml,1178,1041
bodleianoppenheimad,Bodleian Oppenheim Add. 4-128,Bodleian-Library-MS-Oppenheim-Add-4-128_00412_fol-203v.jpg,Bodleian-Library-MS-Oppenheim-Add-4-128_00412_fol-203v,vat44,vat44,3874.6169886365533,0.8347107438016529,0.25982905982905985,319.0,gt,datasets/bodleianoppenheimad/gt/Bodleian-Library-MS-Oppenheim-Add-4-128_00412_fol-203v.txt,analysis_results/full_run_20260613/predictions/bodleianoppenheimad/vat44__Bodleian-Library-MS-Oppenheim-Add-4-128_00412_fol-203v.xml,1178,1104
bodleianoppenheimad,Bodleian Oppenheim Add. 4-128,Bodleian-Library-MS-Oppenheim-Add-4-128_00413_fol-204r.jpg,Bodleian-Library-MS-Oppenheim-Add-4-128_00413_fol-204r,ashkenazy,ashkenazy,3461.1936067193747,0.6481481481481481,0.20279720279720279,229.0,gt,datasets/bodleianoppenheimad/gt/Bodleian-Library-MS-Oppenheim-Add-4-128_00413_fol-204r.txt,analysis_results/full_run_20260613/predictions/bodleianoppenheimad/ashkenazy__Bodleian-Library-MS-Oppenheim-Add-4-128_00413_fol-204r.xml,1134,1085
bodleianoppenheimad,Bodleian Oppenheim Add. 4-128,Bodleian-Library-MS-Oppenheim-Add-4-128_00413_fol-204r.jpg,Bodleian-Library-MS-Oppenheim-Add-4-128_00413_fol-204r,biblia9,biblia9,3920.335259886342,0.7916666666666666,0.2666083916083916,324.0,gt,datasets/bodleianoppenheimad/gt/Bodleian-Library-MS-Oppenheim-Add-4-128_00413_fol-204r.txt,analysis_results/full_run_20260613/predictions/bodleianoppenheimad/biblia9__Bodleian-Library-MS-Oppenheim-Add-4-128_00413_fol-204r.xml,1134,1117
bodleianoppenheimad,Bodleian Oppenheim Add. 4-128,Bodleian-Library-MS-Oppenheim-Add-4-128_00413_fol-204r.jpg,Bodleian-Library-MS-Oppenheim-Add-4-128_00413_fol-204r,italian_7,italian 7,3136.1532765439915,0.47685185185185186,0.11975524475524475,152.0,gt,datasets/bodleianoppenheimad/gt/Bodleian-Library-MS-Oppenheim-Add-4-128_00413_fol-204r.txt,analysis_results/full_run_20260613/predictions/bodleianoppenheimad/italian_7__Bodleian-Library-MS-Oppenheim-Add-4-128_00413_fol-204r.xml,1134,1161
bodleianoppenheimad,Bodleian Oppenheim Add. 4-128,Bodleian-Library-MS-Oppenheim-Add-4-128_00413_fol-204r.jpg,Bodleian-Library-MS-Oppenheim-Add-4-128_00413_fol-204r,prenumeranten,prenumeranten,4238.688782216748,0.9907407407407407,0.6354895104895105,738.0,gt,datasets/bodleianoppenheimad/gt/Bodleian-Library-MS-Oppenheim-Add-4-128_00413_fol-204r.txt,analysis_results/full_run_20260613/predictions/bodleianoppenheimad/prenumeranten__Bodleian-Library-MS-Oppenheim-Add-4-128_00413_fol-204r.xml,1134,1111
bodleianoppenheimad,Bodleian Oppenheim Add. 4-128,Bodleian-Library-MS-Oppenheim-Add-4-128_00413_fol-204r.jpg,Bodleian-Library-MS-Oppenheim-Add-4-128_00413_fol-204r,sephardi,sephardi,3325.272877642419,0.5833333333333334,0.16083916083916083,201.0,gt,datasets/bodleianoppenheimad/gt/Bodleian-Library-MS-Oppenheim-Add-4-128_00413_fol-204r.txt,analysis_results/full_run_20260613/predictions/bodleianoppenheimad/sephardi__Bodleian-Library-MS-Oppenheim-Add-4-128_00413_fol-204r.xml,1134,1153
bodleianoppenheimad,Bodleian Oppenheim Add. 4-128,Bodleian-Library-MS-Oppenheim-Add-4-128_00413_fol-204r.jpg,Bodleian-Library-MS-Oppenheim-Add-4-128_00413_fol-204r,sinai_no_voc_61,sinai no voc 61,3485.5328933022683,0.8333333333333334,0.34353146853146854,386.0,gt,datasets/bodleianoppenheimad/gt/Bodleian-Library-MS-Oppenheim-Add-4-128_00413_fol-204r.txt,analysis_results/full_run_20260613/predictions/bodleianoppenheimad/sinai_no_voc_61__Bodleian-Library-MS-Oppenheim-Add-4-128_00413_fol-204r.xml,1134,1039
bodleianoppenheimad,Bodleian Oppenheim Add. 4-128,Bodleian-Library-MS-Oppenheim-Add-4-128_00413_fol-204r.jpg,Bodleian-Library-MS-Oppenheim-Add-4-128_00413_fol-204r,vat44,vat44,3740.145287791267,0.75,0.2395104895104895,272.0,gt,datasets/bodleianoppenheimad/gt/Bodleian-Library-MS-Oppenheim-Add-4-128_00413_fol-204r.txt,analysis_results/full_run_20260613/predictions/bodleianoppenheimad/vat44__Bodleian-Library-MS-Oppenheim-Add-4-128_00413_fol-204r.xml,1134,1091
bodleianoppenheimad,Bodleian Oppenheim Add. 4-128,Bodleian-Library-MS-Oppenheim-Add-4-128_00414_fol-204v.jpg,Bodleian-Library-MS-Oppenheim-Add-4-128_00414_fol-204v,ashkenazy,ashkenazy,3177.2100943922997,0.8312236286919831,0.3923404255319149,453.0,gt,datasets/bodleianoppenheimad/gt/Bodleian-Library-MS-Oppenheim-Add-4-128_00414_fol-204v.txt,analysis_results/full_run_20260613/predictions/bodleianoppenheimad/ashkenazy__Bodleian-Library-MS-Oppenheim-Add-4-128_00414_fol-204v.xml,1166,925
bodleianoppenheimad,Bodleian Oppenheim Add. 4-128,Bodleian-Library-MS-Oppenheim-Add-4-128_00414_fol-204v.jpg,Bodleian-Library-MS-Oppenheim-Add-4-128_00414_fol-204v,biblia9,biblia9,3980.819914497435,0.8776371308016878,0.3506382978723404,424.0,gt,datasets/bodleianoppenheimad/gt/Bodleian-Library-MS-Oppenheim-Add-4-128_00414_fol-204v.txt,analysis_results/full_run_20260613/predictions/bodleianoppenheimad/biblia9__Bodleian-Library-MS-Oppenheim-Add-4-128_00414_fol-204v.xml,1166,1124
bodleianoppenheimad,Bodleian Oppenheim Add. 4-128,Bodleian-Library-MS-Oppenheim-Add-4-128_00414_fol-204v.jpg,Bodleian-Library-MS-Oppenheim-Add-4-128_00414_fol-204v,italian_7,italian 7,3592.433175522834,0.6751054852320675,0.18638297872340426,230.0,gt,datasets/bodleianoppenheimad/gt/Bodleian-Library-MS-Oppenheim-Add-4-128_00414_fol-204v.txt,analysis_results/full_run_20260613/predictions/bodleianoppenheimad/italian_7__Bodleian-Library-MS-Oppenheim-Add-4-128_00414_fol-204v.xml,1166,1173
bodleianoppenheimad,Bodleian Oppenheim Add. 4-128,Bodleian-Library-MS-Oppenheim-Add-4-128_00414_fol-204v.jpg,Bodleian-Library-MS-Oppenheim-Add-4-128_00414_fol-204v,prenumeranten,prenumeranten,4044.634503821144,0.9789029535864979,0.6417021276595745,764.0,gt,datasets/bodleianoppenheimad/gt/Bodleian-Library-MS-Oppenheim-Add-4-128_00414_fol-204v.txt,analysis_results/full_run_20260613/predictions/bodleianoppenheimad/prenumeranten__Bodleian-Library-MS-Oppenheim-Add-4-128_00414_fol-204v.xml,1166,1067
bodleianoppenheimad,Bodleian Oppenheim Add. 4-128,Bodleian-Library-MS-Oppenheim-Add-4-128_00414_fol-204v.jpg,Bodleian-Library-MS-Oppenheim-Add-4-128_00414_fol-204v,sephardi,sephardi,3370.149695894681,0.6540084388185654,0.225531914893617,263.0,gt,datasets/bodleianoppenheimad/gt/Bodleian-Library-MS-Oppenheim-Add-4-128_00414_fol-204v.txt,analysis_results/full_run_20260613/predictions/bodleianoppenheimad/sephardi__Bodleian-Library-MS-Oppenheim-Add-4-128_00414_fol-204v.xml,1166,1123
bodleianoppenheimad,Bodleian Oppenheim Add. 4-128,Bodleian-Library-MS-Oppenheim-Add-4-128_00414_fol-204v.jpg,Bodleian-Library-MS-Oppenheim-Add-4-128_00414_fol-204v,sinai_no_voc_61,sinai no voc 61,3419.868948243966,0.890295358649789,0.38382978723404254,442.0,gt,datasets/bodleianoppenheimad/gt/Bodleian-Library-MS-Oppenheim-Add-4-128_00414_fol-204v.txt,analysis_results/full_run_20260613/predictions/bodleianoppenheimad/sinai_no_voc_61__Bodleian-Library-MS-Oppenheim-Add-4-128_00414_fol-204v.xml,1166,1023
bodleianoppenheimad,Bodleian Oppenheim Add. 4-128,Bodleian-Library-MS-Oppenheim-Add-4-128_00414_fol-204v.jpg,Bodleian-Library-MS-Oppenheim-Add-4-128_00414_fol-204v,vat44,vat44,3804.7032740414143,0.8523206751054853,0.3191489361702128,376.0,gt,datasets/bodleianoppenheimad/gt/Bodleian-Library-MS-Oppenheim-Add-4-128_00414_fol-204v.txt,analysis_results/full_run_20260613/predictions/bodleianoppenheimad/vat44__Bodleian-Library-MS-Oppenheim-Add-4-128_00414_fol-204v.xml,1166,1070
bodleianoppenheimad,Bodleian Oppenheim Add. 4-128,Bodleian-Library-MS-Oppenheim-Add-4-128_00415_fol-205r.jpg,Bodleian-Library-MS-Oppenheim-Add-4-128_00415_fol-205r,ashkenazy,ashkenazy,2919.026431452483,0.8798283261802575,0.44112478031634444,499.0,gt,datasets/bodleianoppenheimad/gt/Bodleian-Library-MS-Oppenheim-Add-4-128_00415_fol-205r.txt,analysis_results/full_run_20260613/predictions/bodleianoppenheimad/ashkenazy__Bodleian-Library-MS-Oppenheim-Add-4-128_00415_fol-205r.xml,1135,806
bodleianoppenheimad,Bodleian Oppenheim Add. 4-128,Bodleian-Library-MS-Oppenheim-Add-4-128_00415_fol-205r.jpg,Bodleian-Library-MS-Oppenheim-Add-4-128_00415_fol-205r,biblia9,biblia9,3815.9756066799164,0.8583690987124464,0.3400702987697715,390.0,gt,datasets/bodleianoppenheimad/gt/Bodleian-Library-MS-Oppenheim-Add-4-128_00415_fol-205r.txt,analysis_results/full_run_20260613/predictions/bodleianoppenheimad/biblia9__Bodleian-Library-MS-Oppenheim-Add-4-128_00415_fol-205r.xml,1135,1062
bodleianoppenheimad,Bodleian Oppenheim Add. 4-128,Bodleian-Library-MS-Oppenheim-Add-4-128_00415_fol-205r.jpg,Bodleian-Library-MS-Oppenheim-Add-4-128_00415_fol-205r,italian_7,italian 7,3058.9117794930935,0.5965665236051502,0.1766256590509666,202.0,gt,datasets/bodleianoppenheimad/gt/Bodleian-Library-MS-Oppenheim-Add-4-128_00415_fol-205r.txt,analysis_results/full_run_20260613/predictions/bodleianoppenheimad/italian_7__Bodleian-Library-MS-Oppenheim-Add-4-128_00415_fol-205r.xml,1135,1116
bodleianoppenheimad,Bodleian Oppenheim Add. 4-128,Bodleian-Library-MS-Oppenheim-Add-4-128_00415_fol-205r.jpg,Bodleian-Library-MS-Oppenheim-Add-4-128_00415_fol-205r,prenumeranten,prenumeranten,2847.441669959575,0.9871244635193133,0.695079086115993,784.0,gt,datasets/bodleianoppenheimad/gt/Bodleian-Library-MS-Oppenheim-Add-4-128_00415_fol-205r.txt,analysis_results/full_run_20260613/predictions/bodleianoppenheimad/prenumeranten__Bodleian-Library-MS-Oppenheim-Add-4-128_00415_fol-205r.xml,1135,709
bodleianoppenheimad,Bodleian Oppenheim Add. 4-128,Bodleian-Library-MS-Oppenheim-Add-4-128_00415_fol-205r.jpg,Bodleian-Library-MS-Oppenheim-Add-4-128_00415_fol-205r,sephardi,sephardi,3140.460479208734,0.6137339055793991,0.20650263620386644,238.0,gt,datasets/bodleianoppenheimad/gt/Bodleian-Library-MS-Oppenheim-Add-4-128_00415_fol-205r.txt,analysis_results/full_run_20260613/predictions/bodleianoppenheimad/sephardi__Bodleian-Library-MS-Oppenheim-Add-4-128_00415_fol-205r.xml,1135,1082
bodleianoppenheimad,Bodleian Oppenheim Add. 4-128,Bodleian-Library-MS-Oppenheim-Add-4-128_00415_fol-205r.jpg,Bodleian-Library-MS-Oppenheim-Add-4-128_00415_fol-205r,sinai_no_voc_61,sinai no voc 61,3547.02408997342,0.8669527896995708,0.4007029876977153,453.0,gt,datasets/bodleianoppenheimad/gt/Bodleian-Library-MS-Oppenheim-Add-4-128_00415_fol-205r.txt,analysis_results/full_run_20260613/predictions/bodleianoppenheimad/sinai_no_voc_61__Bodleian-Library-MS-Oppenheim-Add-4-128_00415_fol-205r.xml,1135,1054
bodleianoppenheimad,Bodleian Oppenheim Add. 4-128,Bodleian-Library-MS-Oppenheim-Add-4-128_00415_fol-205r.jpg,Bodleian-Library-MS-Oppenheim-Add-4-128_00415_fol-205r,vat44,vat44,3696.8199258446693,0.8412017167381974,0.3031634446397188,342.0,gt,datasets/bodleianoppenheimad/gt/Bodleian-Library-MS-Oppenheim-Add-4-128_00415_fol-205r.txt,analysis_results/full_run_20260613/predictions/bodleianoppenheimad/vat44__Bodleian-Library-MS-Oppenheim-Add-4-128_00415_fol-205r.xml,1135,997
bodleianoppenheimad,Bodleian Oppenheim Add. 4-128,Bodleian-Library-MS-Oppenheim-Add-4-128_00416_fol-205v.jpg,Bodleian-Library-MS-Oppenheim-Add-4-128_00416_fol-205v,ashkenazy,ashkenazy,99999.0,0.967741935483871,0.8137369033760187,703.0,gt,datasets/bodleianoppenheimad/gt/Bodleian-Library-MS-Oppenheim-Add-4-128_00416_fol-205v.txt,analysis_results/full_run_20260613/predictions/bodleianoppenheimad/ashkenazy__Bodleian-Library-MS-Oppenheim-Add-4-128_00416_fol-205v.xml,863,208
bodleianoppenheimad,Bodleian Oppenheim Add. 4-128,Bodleian-Library-MS-Oppenheim-Add-4-128_00416_fol-205v.jpg,Bodleian-Library-MS-Oppenheim-Add-4-128_00416_fol-205v,biblia9,biblia9,102490.77470302582,0.9946236559139785,0.7764842840512224,668.0,gt,datasets/bodleianoppenheimad/gt/Bodleian-Library-MS-Oppenheim-Add-4-128_00416_fol-205v.txt,analysis_results/full_run_20260613/predictions/bodleianoppenheimad/biblia9__Bodleian-Library-MS-Oppenheim-Add-4-128_00416_fol-205v.xml,863,860
bodleianoppenheimad,Bodleian Oppenheim Add. 4-128,Bodleian-Library-MS-Oppenheim-Add-4-128_00416_fol-205v.jpg,Bodleian-Library-MS-Oppenheim-Add-4-128_00416_fol-205v,italian_7,italian 7,102475.4881632328,1.0591397849462365,0.7427240977881258,639.0,gt,datasets/bodleianoppenheimad/gt/Bodleian-Library-MS-Oppenheim-Add-4-128_00416_fol-205v.txt,analysis_results/full_run_20260613/predictions/bodleianoppenheimad/italian_7__Bodleian-Library-MS-Oppenheim-Add-4-128_00416_fol-205v.xml,863,965
bodleianoppenheimad,Bodleian Oppenheim Add. 4-128,Bodleian-Library-MS-Oppenheim-Add-4-128_00416_fol-205v.jpg,Bodleian-Library-MS-Oppenheim-Add-4-128_00416_fol-205v,prenumeranten,prenumeranten,100810.79329244327,0.9731182795698925,0.7031431897555297,603.0,gt,datasets/bodleianoppenheimad/gt/Bodleian-Library-MS-Oppenheim-Add-4-128_00416_fol-205v.txt,analysis_results/full_run_20260613/predictions/bodleianoppenheimad/prenumeranten__Bodleian-Library-MS-Oppenheim-Add-4-128_00416_fol-205v.xml,863,519
bodleianoppenheimad,Bodleian Oppenheim Add. 4-128,Bodleian-Library-MS-Oppenheim-Add-4-128_00416_fol-205v.jpg,Bodleian-Library-MS-Oppenheim-Add-4-128_00416_fol-205v,sephardi,sephardi,102251.62917149067,1.0,0.710128055878929,611.0,gt,datasets/bodleianoppenheimad/gt/Bodleian-Library-MS-Oppenheim-Add-4-128_00416_fol-205v.txt,analysis_results/full_run_20260613/predictions/bodleianoppenheimad/sephardi__Bodleian-Library-MS-Oppenheim-Add-4-128_00416_fol-205v.xml,863,839
bodleianoppenheimad,Bodleian Oppenheim Add. 4-128,Bodleian-Library-MS-Oppenheim-Add-4-128_00416_fol-205v.jpg,Bodleian-Library-MS-Oppenheim-Add-4-128_00416_fol-205v,sinai_no_voc_61,sinai no voc 61,101732.90184831619,0.9731182795698925,0.6949941792782305,600.0,gt,datasets/bodleianoppenheimad/gt/Bodleian-Library-MS-Oppenheim-Add-4-128_00416_fol-205v.txt,analysis_results/full_run_20260613/predictions/bodleianoppenheimad/sinai_no_voc_61__Bodleian-Library-MS-Oppenheim-Add-4-128_00416_fol-205v.xml,863,555
bodleianoppenheimad,Bodleian Oppenheim Add. 4-128,Bodleian-Library-MS-Oppenheim-Add-4-128_00416_fol-205v.jpg,Bodleian-Library-MS-Oppenheim-Add-4-128_00416_fol-205v,vat44,vat44,102401.16230559349,0.9731182795698925,0.7532013969732246,647.0,gt,datasets/bodleianoppenheimad/gt/Bodleian-Library-MS-Oppenheim-Add-4-128_00416_fol-205v.txt,analysis_results/full_run_20260613/predictions/bodleianoppenheimad/vat44__Bodleian-Library-MS-Oppenheim-Add-4-128_00416_fol-205v.xml,863,806
constantinople1520,Constantinople 1520,0007_FL19224773.jpg,0007_FL19224773,ashkenazy,ashkenazy,14973.531998639926,1.0258899676375404,0.751131221719457,3311.0,gt,datasets/constantinople1520/gt/0007_FL19224773.txt,analysis_results/full_run_20260613/predictions/constantinople1520/ashkenazy__0007_FL19224773.xml,4406,4542
constantinople1520,Constantinople 1520,0007_FL19224773.jpg,0007_FL19224773,biblia9,biblia9,14358.967503109947,0.9902912621359223,0.7599547511312217,3356.0,gt,datasets/constantinople1520/gt/0007_FL19224773.txt,analysis_results/full_run_20260613/predictions/constantinople1520/biblia9__0007_FL19224773.xml,4406,4471
constantinople1520,Constantinople 1520,0007_FL19224773.jpg,0007_FL19224773,italian_7,italian 7,14495.859760592226,1.034519956850054,0.7549773755656108,3332.0,gt,datasets/constantinople1520/gt/0007_FL19224773.txt,analysis_results/full_run_20260613/predictions/constantinople1520/italian_7__0007_FL19224773.xml,4406,4580
constantinople1520,Constantinople 1520,0007_FL19224773.jpg,0007_FL19224773,prenumeranten,prenumeranten,14969.28383555956,0.9913700107874865,0.7701357466063349,3409.0,gt,datasets/constantinople1520/gt/0007_FL19224773.txt,analysis_results/full_run_20260613/predictions/constantinople1520/prenumeranten__0007_FL19224773.xml,4406,4351
constantinople1520,Constantinople 1520,0007_FL19224773.jpg,0007_FL19224773,sephardi,sephardi,14441.744107096805,1.0442286947141317,0.7536199095022624,3323.0,gt,datasets/constantinople1520/gt/0007_FL19224773.txt,analysis_results/full_run_20260613/predictions/constantinople1520/sephardi__0007_FL19224773.xml,4406,4575
constantinople1520,Constantinople 1520,0007_FL19224773.jpg,0007_FL19224773,sinai_no_voc_61,sinai no voc 61,11690.890539991728,0.9892125134843581,0.766289592760181,3383.0,gt,datasets/constantinople1520/gt/0007_FL19224773.txt,analysis_results/full_run_20260613/predictions/constantinople1520/sinai_no_voc_61__0007_FL19224773.xml,4406,4501
constantinople1520,Constantinople 1520,0007_FL19224773.jpg,0007_FL19224773,vat44,vat44,15232.490640059114,0.982740021574973,0.7509049773755656,3318.0,gt,datasets/constantinople1520/gt/0007_FL19224773.txt,analysis_results/full_run_20260613/predictions/constantinople1520/vat44__0007_FL19224773.xml,4406,4402
huntingtonamitaitanchuma2,Huntington Amitai Tanchuma 2,125_83eef_default.jpg,125_83eef_default,ashkenazy,ashkenazy,,,,,gt,datasets/huntingtonamitaitanchuma2/gt/125_83eef_default.txt,,0,0
huntingtonamitaitanchuma2,Huntington Amitai Tanchuma 2,125_83eef_default.jpg,125_83eef_default,biblia9,biblia9,,,,,gt,datasets/huntingtonamitaitanchuma2/gt/125_83eef_default.txt,,0,0
huntingtonamitaitanchuma2,Huntington Amitai Tanchuma 2,125_83eef_default.jpg,125_83eef_default,italian_7,italian 7,,,,,gt,datasets/huntingtonamitaitanchuma2/gt/125_83eef_default.txt,,0,0
huntingtonamitaitanchuma2,Huntington Amitai Tanchuma 2,125_83eef_default.jpg,125_83eef_default,prenumeranten,prenumeranten,,,,,gt,datasets/huntingtonamitaitanchuma2/gt/125_83eef_default.txt,,0,0
huntingtonamitaitanchuma2,Huntington Amitai Tanchuma 2,125_83eef_default.jpg,125_83eef_default,sephardi,sephardi,,,,,gt,datasets/huntingtonamitaitanchuma2/gt/125_83eef_default.txt,,0,0
huntingtonamitaitanchuma2,Huntington Amitai Tanchuma 2,125_83eef_default.jpg,125_83eef_default,sinai_no_voc_61,sinai no voc 61,,,,,gt,datasets/huntingtonamitaitanchuma2/gt/125_83eef_default.txt,,0,0
huntingtonamitaitanchuma2,Huntington Amitai Tanchuma 2,125_83eef_default.jpg,125_83eef_default,vat44,vat44,,,,,gt,datasets/huntingtonamitaitanchuma2/gt/125_83eef_default.txt,,0,0
huntingtonamitaitanchuma2,Huntington Amitai Tanchuma 2,140_6438b_default.jpg,140_6438b_default,ashkenazy,ashkenazy,,,,,gt,datasets/huntingtonamitaitanchuma2/gt/140_6438b_default.txt,,0,0
huntingtonamitaitanchuma2,Huntington Amitai Tanchuma 2,140_6438b_default.jpg,140_6438b_default,biblia9,biblia9,,,,,gt,datasets/huntingtonamitaitanchuma2/gt/140_6438b_default.txt,,0,0
huntingtonamitaitanchuma2,Huntington Amitai Tanchuma 2,140_6438b_default.jpg,140_6438b_default,italian_7,italian 7,,,,,gt,datasets/huntingtonamitaitanchuma2/gt/140_6438b_default.txt,,0,0
huntingtonamitaitanchuma2,Huntington Amitai Tanchuma 2,140_6438b_default.jpg,140_6438b_default,prenumeranten,prenumeranten,,,,,gt,datasets/huntingtonamitaitanchuma2/gt/140_6438b_default.txt,,0,0
huntingtonamitaitanchuma2,Huntington Amitai Tanchuma 2,140_6438b_default.jpg,140_6438b_default,sephardi,sephardi,,,,,gt,datasets/huntingtonamitaitanchuma2/gt/140_6438b_default.txt,,0,0
huntingtonamitaitanchuma2,Huntington Amitai Tanchuma 2,140_6438b_default.jpg,140_6438b_default,sinai_no_voc_61,sinai no voc 61,,,,,gt,datasets/huntingtonamitaitanchuma2/gt/140_6438b_default.txt,,0,0
huntingtonamitaitanchuma2,Huntington Amitai Tanchuma 2,140_6438b_default.jpg,140_6438b_default,vat44,vat44,,,,,gt,datasets/huntingtonamitaitanchuma2/gt/140_6438b_default.txt,,0,0
huntingtonamitaitanchuma2,Huntington Amitai Tanchuma 2,16_4b2fa_default.jpg,16_4b2fa_default,ashkenazy,ashkenazy,7906.744902141974,0.5996784565916399,0.16355140186915887,505.0,gt,datasets/huntingtonamitaitanchuma2/gt/16_4b2fa_default.txt,analysis_results/full_run_20260613/predictions/huntingtonamitaitanchuma2/ashkenazy__16_4b2fa_default.xml,3010,2862
huntingtonamitaitanchuma2,Huntington Amitai Tanchuma 2,16_4b2fa_default.jpg,16_4b2fa_default,biblia9,biblia9,8599.132828121772,0.9469453376205788,0.42757009345794394,1296.0,gt,datasets/huntingtonamitaitanchuma2/gt/16_4b2fa_default.txt,analysis_results/full_run_20260613/predictions/huntingtonamitaitanchuma2/biblia9__16_4b2fa_default.xml,3010,2438
huntingtonamitaitanchuma2,Huntington Amitai Tanchuma 2,16_4b2fa_default.jpg,16_4b2fa_default,italian_7,italian 7,7652.533667121512,0.5530546623794212,0.14085447263017356,434.0,gt,datasets/huntingtonamitaitanchuma2/gt/16_4b2fa_default.txt,analysis_results/full_run_20260613/predictions/huntingtonamitaitanchuma2/italian_7__16_4b2fa_default.xml,3010,2904
huntingtonamitaitanchuma2,Huntington Amitai Tanchuma 2,16_4b2fa_default.jpg,16_4b2fa_default,prenumeranten,prenumeranten,8108.941365282517,0.9887459807073955,0.6191588785046729,1864.0,gt,datasets/huntingtonamitaitanchuma2/gt/16_4b2fa_default.txt,analysis_results/full_run_20260613/predictions/huntingtonamitaitanchuma2/prenumeranten__16_4b2fa_default.xml,3010,2360
huntingtonamitaitanchuma2,Huntington Amitai Tanchuma 2,16_4b2fa_default.jpg,16_4b2fa_default,sephardi,sephardi,7352.03210526472,0.5128617363344051,0.13718291054739654,430.0,gt,datasets/huntingtonamitaitanchuma2/gt/16_4b2fa_default.txt,analysis_results/full_run_20260613/predictions/huntingtonamitaitanchuma2/sephardi__16_4b2fa_default.xml,3010,2908
huntingtonamitaitanchuma2,Huntington Amitai Tanchuma 2,16_4b2fa_default.jpg,16_4b2fa_default,sinai_no_voc_61,sinai no voc 61,8365.985000726767,0.8762057877813505,0.31241655540720964,951.0,gt,datasets/huntingtonamitaitanchuma2/gt/16_4b2fa_default.txt,analysis_results/full_run_20260613/predictions/huntingtonamitaitanchuma2/sinai_no_voc_61__16_4b2fa_default.xml,3010,2554
huntingtonamitaitanchuma2,Huntington Amitai Tanchuma 2,16_4b2fa_default.jpg,16_4b2fa_default,vat44,vat44,8955.22314939159,0.8987138263665595,0.30874499332443256,935.0,gt,datasets/huntingtonamitaitanchuma2/gt/16_4b2fa_default.txt,analysis_results/full_run_20260613/predictions/huntingtonamitaitanchuma2/vat44__16_4b2fa_default.xml,3010,2562
huntingtonamitaitanchuma2,Huntington Amitai Tanchuma 2,183_0f70d_default.jpg,183_0f70d_default,ashkenazy,ashkenazy,,,,,gt,datasets/huntingtonamitaitanchuma2/gt/183_0f70d_default.txt,,0,0
huntingtonamitaitanchuma2,Huntington Amitai Tanchuma 2,183_0f70d_default.jpg,183_0f70d_default,biblia9,biblia9,,,,,gt,datasets/huntingtonamitaitanchuma2/gt/183_0f70d_default.txt,,0,0
huntingtonamitaitanchuma2,Huntington Amitai Tanchuma 2,183_0f70d_default.jpg,183_0f70d_default,italian_7,italian 7,,,,,gt,datasets/huntingtonamitaitanchuma2/gt/183_0f70d_default.txt,,0,0
huntingtonamitaitanchuma2,Huntington Amitai Tanchuma 2,183_0f70d_default.jpg,183_0f70d_default,prenumeranten,prenumeranten,,,,,gt,datasets/huntingtonamitaitanchuma2/gt/183_0f70d_default.txt,,0,0
huntingtonamitaitanchuma2,Huntington Amitai Tanchuma 2,183_0f70d_default.jpg,183_0f70d_default,sephardi,sephardi,,,,,gt,datasets/huntingtonamitaitanchuma2/gt/183_0f70d_default.txt,,0,0
huntingtonamitaitanchuma2,Huntington Amitai Tanchuma 2,183_0f70d_default.jpg,183_0f70d_default,sinai_no_voc_61,sinai no voc 61,,,,,gt,datasets/huntingtonamitaitanchuma2/gt/183_0f70d_default.txt,,0,0
huntingtonamitaitanchuma2,Huntington Amitai Tanchuma 2,183_0f70d_default.jpg,183_0f70d_default,vat44,vat44,,,,,gt,datasets/huntingtonamitaitanchuma2/gt/183_0f70d_default.txt,,0,0
huntingtonamitaitanchuma2,Huntington Amitai Tanchuma 2,198_859b9_default.jpg,198_859b9_default,ashkenazy,ashkenazy,,,,,gt,datasets/huntingtonamitaitanchuma2/gt/198_859b9_default.txt,,0,0
huntingtonamitaitanchuma2,Huntington Amitai Tanchuma 2,198_859b9_default.jpg,198_859b9_default,biblia9,biblia9,,,,,gt,datasets/huntingtonamitaitanchuma2/gt/198_859b9_default.txt,,0,0
huntingtonamitaitanchuma2,Huntington Amitai Tanchuma 2,198_859b9_default.jpg,198_859b9_default,italian_7,italian 7,,,,,gt,datasets/huntingtonamitaitanchuma2/gt/198_859b9_default.txt,,0,0
huntingtonamitaitanchuma2,Huntington Amitai Tanchuma 2,198_859b9_default.jpg,198_859b9_default,prenumeranten,prenumeranten,,,,,gt,datasets/huntingtonamitaitanchuma2/gt/198_859b9_default.txt,,0,0
huntingtonamitaitanchuma2,Huntington Amitai Tanchuma 2,198_859b9_default.jpg,198_859b9_default,sephardi,sephardi,,,,,gt,datasets/huntingtonamitaitanchuma2/gt/198_859b9_default.txt,,0,0
huntingtonamitaitanchuma2,Huntington Amitai Tanchuma 2,198_859b9_default.jpg,198_859b9_default,sinai_no_voc_61,sinai no voc 61,,,,,gt,datasets/huntingtonamitaitanchuma2/gt/198_859b9_default.txt,,0,0
huntingtonamitaitanchuma2,Huntington Amitai Tanchuma 2,198_859b9_default.jpg,198_859b9_default,vat44,vat44,,,,,gt,datasets/huntingtonamitaitanchuma2/gt/198_859b9_default.txt,,0,0
huntingtonamitaitanchuma2,Huntington Amitai Tanchuma 2,207_414bf_default.jpg,207_414bf_default,ashkenazy,ashkenazy,,,,,gt,datasets/huntingtonamitaitanchuma2/gt/207_414bf_default.txt,,0,0
huntingtonamitaitanchuma2,Huntington Amitai Tanchuma 2,207_414bf_default.jpg,207_414bf_default,biblia9,biblia9,,,,,gt,datasets/huntingtonamitaitanchuma2/gt/207_414bf_default.txt,,0,0
huntingtonamitaitanchuma2,Huntington Amitai Tanchuma 2,207_414bf_default.jpg,207_414bf_default,italian_7,italian 7,,,,,gt,datasets/huntingtonamitaitanchuma2/gt/207_414bf_default.txt,,0,0
huntingtonamitaitanchuma2,Huntington Amitai Tanchuma 2,207_414bf_default.jpg,207_414bf_default,prenumeranten,prenumeranten,,,,,gt,datasets/huntingtonamitaitanchuma2/gt/207_414bf_default.txt,,0,0
huntingtonamitaitanchuma2,Huntington Amitai Tanchuma 2,207_414bf_default.jpg,207_414bf_default,sephardi,sephardi,,,,,gt,datasets/huntingtonamitaitanchuma2/gt/207_414bf_default.txt,,0,0
huntingtonamitaitanchuma2,Huntington Amitai Tanchuma 2,207_414bf_default.jpg,207_414bf_default,sinai_no_voc_61,sinai no voc 61,,,,,gt,datasets/huntingtonamitaitanchuma2/gt/207_414bf_default.txt,,0,0
huntingtonamitaitanchuma2,Huntington Amitai Tanchuma 2,207_414bf_default.jpg,207_414bf_default,vat44,vat44,,,,,gt,datasets/huntingtonamitaitanchuma2/gt/207_414bf_default.txt,,0,0
huntingtonamitaitanchuma2,Huntington Amitai Tanchuma 2,216_b2421_default.jpg,216_b2421_default,ashkenazy,ashkenazy,,,,,gt,datasets/huntingtonamitaitanchuma2/gt/216_b2421_default.txt,,0,0
huntingtonamitaitanchuma2,Huntington Amitai Tanchuma 2,216_b2421_default.jpg,216_b2421_default,biblia9,biblia9,,,,,gt,datasets/huntingtonamitaitanchuma2/gt/216_b2421_default.txt,,0,0
huntingtonamitaitanchuma2,Huntington Amitai Tanchuma 2,216_b2421_default.jpg,216_b2421_default,italian_7,italian 7,,,,,gt,datasets/huntingtonamitaitanchuma2/gt/216_b2421_default.txt,,0,0
huntingtonamitaitanchuma2,Huntington Amitai Tanchuma 2,216_b2421_default.jpg,216_b2421_default,prenumeranten,prenumeranten,,,,,gt,datasets/huntingtonamitaitanchuma2/gt/216_b2421_default.txt,,0,0
huntingtonamitaitanchuma2,Huntington Amitai Tanchuma 2,216_b2421_default.jpg,216_b2421_default,sephardi,sephardi,,,,,gt,datasets/huntingtonamitaitanchuma2/gt/216_b2421_default.txt,,0,0
huntingtonamitaitanchuma2,Huntington Amitai Tanchuma 2,216_b2421_default.jpg,216_b2421_default,sinai_no_voc_61,sinai no voc 61,,,,,gt,datasets/huntingtonamitaitanchuma2/gt/216_b2421_default.txt,,0,0
huntingtonamitaitanchuma2,Huntington Amitai Tanchuma 2,216_b2421_default.jpg,216_b2421_default,vat44,vat44,,,,,gt,datasets/huntingtonamitaitanchuma2/gt/216_b2421_default.txt,,0,0
huntingtonamitaitanchuma2,Huntington Amitai Tanchuma 2,318_48b41_default.jpg,318_48b41_default,ashkenazy,ashkenazy,,,,,gt,datasets/huntingtonamitaitanchuma2/gt/318_48b41_default.txt,,0,0
huntingtonamitaitanchuma2,Huntington Amitai Tanchuma 2,318_48b41_default.jpg,318_48b41_default,biblia9,biblia9,,,,,gt,datasets/huntingtonamitaitanchuma2/gt/318_48b41_default.txt,,0,0
huntingtonamitaitanchuma2,Huntington Amitai Tanchuma 2,318_48b41_default.jpg,318_48b41_default,italian_7,italian 7,,,,,gt,datasets/huntingtonamitaitanchuma2/gt/318_48b41_default.txt,,0,0
huntingtonamitaitanchuma2,Huntington Amitai Tanchuma 2,318_48b41_default.jpg,318_48b41_default,prenumeranten,prenumeranten,,,,,gt,datasets/huntingtonamitaitanchuma2/gt/318_48b41_default.txt,,0,0
huntingtonamitaitanchuma2,Huntington Amitai Tanchuma 2,318_48b41_default.jpg,318_48b41_default,sephardi,sephardi,,,,,gt,datasets/huntingtonamitaitanchuma2/gt/318_48b41_default.txt,,0,0
huntingtonamitaitanchuma2,Huntington Amitai Tanchuma 2,318_48b41_default.jpg,318_48b41_default,sinai_no_voc_61,sinai no voc 61,,,,,gt,datasets/huntingtonamitaitanchuma2/gt/318_48b41_default.txt,,0,0
huntingtonamitaitanchuma2,Huntington Amitai Tanchuma 2,318_48b41_default.jpg,318_48b41_default,vat44,vat44,,,,,gt,datasets/huntingtonamitaitanchuma2/gt/318_48b41_default.txt,,0,0
huntingtonamitaitanchuma2,Huntington Amitai Tanchuma 2,345_cf387_default.jpg,345_cf387_default,ashkenazy,ashkenazy,8214.339398304466,0.6722972972972973,0.22155898876404495,648.0,gt,datasets/huntingtonamitaitanchuma2/gt/345_cf387_default.txt,analysis_results/full_run_20260613/predictions/huntingtonamitaitanchuma2/ashkenazy__345_cf387_default.xml,2865,2642
huntingtonamitaitanchuma2,Huntington Amitai Tanchuma 2,345_cf387_default.jpg,345_cf387_default,biblia9,biblia9,8657.059285845608,0.9273648648648649,0.4708567415730337,1360.0,gt,datasets/huntingtonamitaitanchuma2/gt/345_cf387_default.txt,analysis_results/full_run_20260613/predictions/huntingtonamitaitanchuma2/biblia9__345_cf387_default.xml,2865,2333
huntingtonamitaitanchuma2,Huntington Amitai Tanchuma 2,345_cf387_default.jpg,345_cf387_default,italian_7,italian 7,8175.008046858944,0.606418918918919,0.1836376404494382,540.0,gt,datasets/huntingtonamitaitanchuma2/gt/345_cf387_default.txt,analysis_results/full_run_20260613/predictions/huntingtonamitaitanchuma2/italian_7__345_cf387_default.xml,2865,2740
huntingtonamitaitanchuma2,Huntington Amitai Tanchuma 2,345_cf387_default.jpg,345_cf387_default,prenumeranten,prenumeranten,8391.60734995734,0.9898648648648649,0.6671348314606742,1912.0,gt,datasets/huntingtonamitaitanchuma2/gt/345_cf387_default.txt,analysis_results/full_run_20260613/predictions/huntingtonamitaitanchuma2/prenumeranten__345_cf387_default.xml,2865,2325
huntingtonamitaitanchuma2,Huntington Amitai Tanchuma 2,345_cf387_default.jpg,345_cf387_default,sephardi,sephardi,8032.250771864667,0.6317567567567568,0.20470505617977527,600.0,gt,datasets/huntingtonamitaitanchuma2/gt/345_cf387_default.txt,analysis_results/full_run_20260613/predictions/huntingtonamitaitanchuma2/sephardi__345_cf387_default.xml,2865,2695
huntingtonamitaitanchuma2,Huntington Amitai Tanchuma 2,345_cf387_default.jpg,345_cf387_default,sinai_no_voc_61,sinai no voc 61,8125.272711120546,0.9307432432432432,0.4006320224719101,1164.0,gt,datasets/huntingtonamitaitanchuma2/gt/345_cf387_default.txt,analysis_results/full_run_20260613/predictions/huntingtonamitaitanchuma2/sinai_no_voc_61__345_cf387_default.xml,2865,2339
huntingtonamitaitanchuma2,Huntington Amitai Tanchuma 2,345_cf387_default.jpg,345_cf387_default,vat44,vat44,9022.746613025665,0.8969594594594594,0.3419943820224719,990.0,gt,datasets/huntingtonamitaitanchuma2/gt/345_cf387_default.txt,analysis_results/full_run_20260613/predictions/huntingtonamitaitanchuma2/vat44__345_cf387_default.xml,2865,2415
huntingtonamitaitanchuma2,Huntington Amitai Tanchuma 2,380_52bbf_default.jpg,380_52bbf_default,ashkenazy,ashkenazy,,,,,gt,datasets/huntingtonamitaitanchuma2/gt/380_52bbf_default.txt,,0,0
huntingtonamitaitanchuma2,Huntington Amitai Tanchuma 2,380_52bbf_default.jpg,380_52bbf_default,biblia9,biblia9,,,,,gt,datasets/huntingtonamitaitanchuma2/gt/380_52bbf_default.txt,,0,0
huntingtonamitaitanchuma2,Huntington Amitai Tanchuma 2,380_52bbf_default.jpg,380_52bbf_default,italian_7,italian 7,,,,,gt,datasets/huntingtonamitaitanchuma2/gt/380_52bbf_default.txt,,0,0
huntingtonamitaitanchuma2,Huntington Amitai Tanchuma 2,380_52bbf_default.jpg,380_52bbf_default,prenumeranten,prenumeranten,,,,,gt,datasets/huntingtonamitaitanchuma2/gt/380_52bbf_default.txt,,0,0
huntingtonamitaitanchuma2,Huntington Amitai Tanchuma 2,380_52bbf_default.jpg,380_52bbf_default,sephardi,sephardi,,,,,gt,datasets/huntingtonamitaitanchuma2/gt/380_52bbf_default.txt,,0,0
huntingtonamitaitanchuma2,Huntington Amitai Tanchuma 2,380_52bbf_default.jpg,380_52bbf_default,sinai_no_voc_61,sinai no voc 61,,,,,gt,datasets/huntingtonamitaitanchuma2/gt/380_52bbf_default.txt,,0,0
huntingtonamitaitanchuma2,Huntington Amitai Tanchuma 2,380_52bbf_default.jpg,380_52bbf_default,vat44,vat44,,,,,gt,datasets/huntingtonamitaitanchuma2/gt/380_52bbf_default.txt,,0,0
matteozzmsoxfordhuntington2,Matteo Zz MS Oxford Huntington 2,33_0f89b_default.jpg,33_0f89b_default,ashkenazy,ashkenazy,99999.0,0.6172106824925816,0.22570332480818414,367.0,gt,datasets/matteozzmsoxfordhuntington2/gt/33_0f89b_default.txt,analysis_results/full_run_20260613/predictions/matteozzmsoxfordhuntington2/ashkenazy__33_0f89b_default.xml,1581,1391
matteozzmsoxfordhuntington2,Matteo Zz MS Oxford Huntington 2,33_0f89b_default.jpg,33_0f89b_default,biblia9,biblia9,99999.0,0.7655786350148368,0.3280051150895141,527.0,gt,datasets/matteozzmsoxfordhuntington2/gt/33_0f89b_default.txt,analysis_results/full_run_20260613/predictions/matteozzmsoxfordhuntington2/biblia9__33_0f89b_default.xml,1581,1392
matteozzmsoxfordhuntington2,Matteo Zz MS Oxford Huntington 2,33_0f89b_default.jpg,33_0f89b_default,italian_7,italian 7,99999.0,0.5192878338278932,0.16751918158567775,278.0,gt,datasets/matteozzmsoxfordhuntington2/gt/33_0f89b_default.txt,analysis_results/full_run_20260613/predictions/matteozzmsoxfordhuntington2/italian_7__33_0f89b_default.xml,1581,1471
matteozzmsoxfordhuntington2,Matteo Zz MS Oxford Huntington 2,33_0f89b_default.jpg,33_0f89b_default,prenumeranten,prenumeranten,99999.0,0.9940652818991098,0.6547314578005116,1029.0,gt,datasets/matteozzmsoxfordhuntington2/gt/33_0f89b_default.txt,analysis_results/full_run_20260613/predictions/matteozzmsoxfordhuntington2/prenumeranten__33_0f89b_default.xml,1581,1160
matteozzmsoxfordhuntington2,Matteo Zz MS Oxford Huntington 2,33_0f89b_default.jpg,33_0f89b_default,sephardi,sephardi,99999.0,0.5548961424332344,0.19245524296675193,318.0,gt,datasets/matteozzmsoxfordhuntington2/gt/33_0f89b_default.txt,analysis_results/full_run_20260613/predictions/matteozzmsoxfordhuntington2/sephardi__33_0f89b_default.xml,1581,1431
matteozzmsoxfordhuntington2,Matteo Zz MS Oxford Huntington 2,33_0f89b_default.jpg,33_0f89b_default,sinai_no_voc_61,sinai no voc 61,99999.0,0.8130563798219584,0.37148337595907927,594.0,gt,datasets/matteozzmsoxfordhuntington2/gt/33_0f89b_default.txt,analysis_results/full_run_20260613/predictions/matteozzmsoxfordhuntington2/sinai_no_voc_61__33_0f89b_default.xml,1581,1296
matteozzmsoxfordhuntington2,Matteo Zz MS Oxford Huntington 2,33_0f89b_default.jpg,33_0f89b_default,vat44,vat44,99999.0,0.7240356083086054,0.28452685421994883,462.0,gt,datasets/matteozzmsoxfordhuntington2/gt/33_0f89b_default.txt,analysis_results/full_run_20260613/predictions/matteozzmsoxfordhuntington2/vat44__33_0f89b_default.xml,1581,1341
matteozzmsoxfordhuntington2,Matteo Zz MS Oxford Huntington 2,34_730bf_default.jpg,34_730bf_default,ashkenazy,ashkenazy,102390.5534722805,0.7476340694006309,0.2926670992861778,471.0,gt,datasets/matteozzmsoxfordhuntington2/gt/34_730bf_default.txt,analysis_results/full_run_20260613/predictions/matteozzmsoxfordhuntington2/ashkenazy__34_730bf_default.xml,1563,1360
matteozzmsoxfordhuntington2,Matteo Zz MS Oxford Huntington 2,34_730bf_default.jpg,34_730bf_default,biblia9,biblia9,102508.31537365913,0.8706624605678234,0.3835171966255678,611.0,gt,datasets/matteozzmsoxfordhuntington2/gt/34_730bf_default.txt,analysis_results/full_run_20260613/predictions/matteozzmsoxfordhuntington2/biblia9__34_730bf_default.xml,1563,1399
matteozzmsoxfordhuntington2,Matteo Zz MS Oxford Huntington 2,34_730bf_default.jpg,34_730bf_default,italian_7,italian 7,102313.48242919147,0.5741324921135647,0.1752109020116807,285.0,gt,datasets/matteozzmsoxfordhuntington2/gt/34_730bf_default.txt,analysis_results/full_run_20260613/predictions/matteozzmsoxfordhuntington2/italian_7__34_730bf_default.xml,1563,1488
matteozzmsoxfordhuntington2,Matteo Zz MS Oxford Huntington 2,34_730bf_default.jpg,34_730bf_default,prenumeranten,prenumeranten,102304.43074537441,0.9936908517350158,0.6761842959117457,1041.0,gt,datasets/matteozzmsoxfordhuntington2/gt/34_730bf_default.txt,analysis_results/full_run_20260613/predictions/matteozzmsoxfordhuntington2/prenumeranten__34_730bf_default.xml,1563,1138
matteozzmsoxfordhuntington2,Matteo Zz MS Oxford Huntington 2,34_730bf_default.jpg,34_730bf_default,sephardi,sephardi,102315.62662617816,0.6529968454258676,0.21674237508111616,355.0,gt,datasets/matteozzmsoxfordhuntington2/gt/34_730bf_default.txt,analysis_results/full_run_20260613/predictions/matteozzmsoxfordhuntington2/sephardi__34_730bf_default.xml,1563,1445
matteozzmsoxfordhuntington2,Matteo Zz MS Oxford Huntington 2,34_730bf_default.jpg,34_730bf_default,sinai_no_voc_61,sinai no voc 61,102170.87843062507,0.8769716088328076,0.40103828682673587,635.0,gt,datasets/matteozzmsoxfordhuntington2/gt/34_730bf_default.txt,analysis_results/full_run_20260613/predictions/matteozzmsoxfordhuntington2/sinai_no_voc_61__34_730bf_default.xml,1563,1249
matteozzmsoxfordhuntington2,Matteo Zz MS Oxford Huntington 2,34_730bf_default.jpg,34_730bf_default,vat44,vat44,102471.95959475543,0.804416403785489,0.3264114211550941,522.0,gt,datasets/matteozzmsoxfordhuntington2/gt/34_730bf_default.txt,analysis_results/full_run_20260613/predictions/matteozzmsoxfordhuntington2/vat44__34_730bf_default.xml,1563,1385
matteozzmsoxfordhuntington2,Matteo Zz MS Oxford Huntington 2,35_38155_default.jpg,35_38155_default,ashkenazy,ashkenazy,4242.7318352579605,0.7419354838709677,0.29403508771929826,440.0,gt,datasets/matteozzmsoxfordhuntington2/gt/35_38155_default.txt,analysis_results/full_run_20260613/predictions/matteozzmsoxfordhuntington2/ashkenazy__35_38155_default.xml,1450,1267
matteozzmsoxfordhuntington2,Matteo Zz MS Oxford Huntington 2,35_38155_default.jpg,35_38155_default,biblia9,biblia9,4428.301898360252,0.8602150537634409,0.36140350877192984,538.0,gt,datasets/matteozzmsoxfordhuntington2/gt/35_38155_default.txt,analysis_results/full_run_20260613/predictions/matteozzmsoxfordhuntington2/biblia9__35_38155_default.xml,1450,1315
matteozzmsoxfordhuntington2,Matteo Zz MS Oxford Huntington 2,35_38155_default.jpg,35_38155_default,italian_7,italian 7,4215.841035622405,0.6164874551971327,0.19508771929824562,299.0,gt,datasets/matteozzmsoxfordhuntington2/gt/35_38155_default.txt,analysis_results/full_run_20260613/predictions/matteozzmsoxfordhuntington2/italian_7__35_38155_default.xml,1450,1389
matteozzmsoxfordhuntington2,Matteo Zz MS Oxford Huntington 2,35_38155_default.jpg,35_38155_default,prenumeranten,prenumeranten,4190.6118804216385,1.0,0.671578947368421,977.0,gt,datasets/matteozzmsoxfordhuntington2/gt/35_38155_default.txt,analysis_results/full_run_20260613/predictions/matteozzmsoxfordhuntington2/prenumeranten__35_38155_default.xml,1450,1104
matteozzmsoxfordhuntington2,Matteo Zz MS Oxford Huntington 2,35_38155_default.jpg,35_38155_default,sephardi,sephardi,4306.0519463941455,0.6451612903225806,0.23017543859649123,345.0,gt,datasets/matteozzmsoxfordhuntington2/gt/35_38155_default.txt,analysis_results/full_run_20260613/predictions/matteozzmsoxfordhuntington2/sephardi__35_38155_default.xml,1450,1360
matteozzmsoxfordhuntington2,Matteo Zz MS Oxford Huntington 2,35_38155_default.jpg,35_38155_default,sinai_no_voc_61,sinai no voc 61,4194.439139738184,0.8602150537634409,0.3887719298245614,576.0,gt,datasets/matteozzmsoxfordhuntington2/gt/35_38155_default.txt,analysis_results/full_run_20260613/predictions/matteozzmsoxfordhuntington2/sinai_no_voc_61__35_38155_default.xml,1450,1208
matteozzmsoxfordhuntington2,Matteo Zz MS Oxford Huntington 2,35_38155_default.jpg,35_38155_default,vat44,vat44,4372.3239116072655,0.7885304659498208,0.31298245614035086,468.0,gt,datasets/matteozzmsoxfordhuntington2/gt/35_38155_default.txt,analysis_results/full_run_20260613/predictions/matteozzmsoxfordhuntington2/vat44__35_38155_default.xml,1450,1289
midrashhagadoldvarim,Midrash Hagadol Dvarim,0005_FL73982299.jpg,0005_FL73982299,ashkenazy,ashkenazy,6942.24047495336,0.99,0.7361486486486486,2162.0,gt,datasets/midrashhagadoldvarim/gt/0005_FL73982299.txt,analysis_results/full_run_20260613/predictions/midrashhagadoldvarim/ashkenazy__0005_FL73982299.xml,2936,2906
midrashhagadoldvarim,Midrash Hagadol Dvarim,0005_FL73982299.jpg,0005_FL73982299,biblia9,biblia9,7827.557750201435,0.9866666666666667,0.7391891891891892,2176.0,gt,datasets/midrashhagadoldvarim/gt/0005_FL73982299.txt,analysis_results/full_run_20260613/predictions/midrashhagadoldvarim/biblia9__0005_FL73982299.xml,2936,2924
midrashhagadoldvarim,Midrash Hagadol Dvarim,0005_FL73982299.jpg,0005_FL73982299,italian_7,italian 7,5155.998052716102,0.9966666666666667,0.7391891891891892,2171.0,gt,datasets/midrashhagadoldvarim/gt/0005_FL73982299.txt,analysis_results/full_run_20260613/predictions/midrashhagadoldvarim/italian_7__0005_FL73982299.xml,2936,2951
midrashhagadoldvarim,Midrash Hagadol Dvarim,0005_FL73982299.jpg,0005_FL73982299,prenumeranten,prenumeranten,9946.44578896463,1.0,0.7432432432432432,2199.0,gt,datasets/midrashhagadoldvarim/gt/0005_FL73982299.txt,analysis_results/full_run_20260613/predictions/midrashhagadoldvarim/prenumeranten__0005_FL73982299.xml,2936,2903
midrashhagadoldvarim,Midrash Hagadol Dvarim,0005_FL73982299.jpg,0005_FL73982299,sephardi,sephardi,5966.919917988161,1.0033333333333334,0.739527027027027,2167.0,gt,datasets/midrashhagadoldvarim/gt/0005_FL73982299.txt,analysis_results/full_run_20260613/predictions/midrashhagadoldvarim/sephardi__0005_FL73982299.xml,2936,2938
midrashhagadoldvarim,Midrash Hagadol Dvarim,0005_FL73982299.jpg,0005_FL73982299,sinai_no_voc_61,sinai no voc 61,7152.843477729228,0.9883333333333333,0.7344594594594595,2161.0,gt,datasets/midrashhagadoldvarim/gt/0005_FL73982299.txt,analysis_results/full_run_20260613/predictions/midrashhagadoldvarim/sinai_no_voc_61__0005_FL73982299.xml,2936,2893
midrashhagadoldvarim,Midrash Hagadol Dvarim,0005_FL73982299.jpg,0005_FL73982299,vat44,vat44,8035.559888584015,0.98,0.7388513513513514,2178.0,gt,datasets/midrashhagadoldvarim/gt/0005_FL73982299.txt,analysis_results/full_run_20260613/predictions/midrashhagadoldvarim/vat44__0005_FL73982299.xml,2936,2855
mshuntington115,Bodleian MS Huntington 115,Bodleian-Library-MS-Huntington-115_00010_1-v.jpg,Bodleian-Library-MS-Huntington-115_00010_1-v,ashkenazy,ashkenazy,4037.1618142977823,0.9104477611940298,0.4090566037735849,542.0,gt,datasets/mshuntington115/gt/Bodleian-Library-MS-Huntington-115_00010_1-v.txt,analysis_results/full_run_20260613/predictions/mshuntington115/ashkenazy__Bodleian-Library-MS-Huntington-115_00010_1-v.xml,1325,1289
mshuntington115,Bodleian MS Huntington 115,Bodleian-Library-MS-Huntington-115_00010_1-v.jpg,Bodleian-Library-MS-Huntington-115_00010_1-v,biblia9,biblia9,4199.799567366019,0.9626865671641791,0.4249056603773585,565.0,gt,datasets/mshuntington115/gt/Bodleian-Library-MS-Huntington-115_00010_1-v.txt,analysis_results/full_run_20260613/predictions/mshuntington115/biblia9__Bodleian-Library-MS-Huntington-115_00010_1-v.xml,1325,1317
mshuntington115,Bodleian MS Huntington 115,Bodleian-Library-MS-Huntington-115_00010_1-v.jpg,Bodleian-Library-MS-Huntington-115_00010_1-v,italian_7,italian 7,101247.89299584669,0.9328358208955224,0.38566037735849057,511.0,gt,datasets/mshuntington115/gt/Bodleian-Library-MS-Huntington-115_00010_1-v.txt,analysis_results/full_run_20260613/predictions/mshuntington115/italian_7__Bodleian-Library-MS-Huntington-115_00010_1-v.xml,1325,1341
mshuntington115,Bodleian MS Huntington 115,Bodleian-Library-MS-Huntington-115_00010_1-v.jpg,Bodleian-Library-MS-Huntington-115_00010_1-v,prenumeranten,prenumeranten,4336.5642469757,0.996268656716418,0.6784905660377358,903.0,gt,datasets/mshuntington115/gt/Bodleian-Library-MS-Huntington-115_00010_1-v.txt,analysis_results/full_run_20260613/predictions/mshuntington115/prenumeranten__Bodleian-Library-MS-Huntington-115_00010_1-v.xml,1325,1163
mshuntington115,Bodleian MS Huntington 115,Bodleian-Library-MS-Huntington-115_00010_1-v.jpg,Bodleian-Library-MS-Huntington-115_00010_1-v,sephardi,sephardi,101325.07820814126,0.9626865671641791,0.4030188679245283,531.0,gt,datasets/mshuntington115/gt/Bodleian-Library-MS-Huntington-115_00010_1-v.txt,analysis_results/full_run_20260613/predictions/mshuntington115/sephardi__Bodleian-Library-MS-Huntington-115_00010_1-v.xml,1325,1349
mshuntington115,Bodleian MS Huntington 115,Bodleian-Library-MS-Huntington-115_00010_1-v.jpg,Bodleian-Library-MS-Huntington-115_00010_1-v,sinai_no_voc_61,sinai no voc 61,101438.57638838253,0.8917910447761194,0.4437735849056604,587.0,gt,datasets/mshuntington115/gt/Bodleian-Library-MS-Huntington-115_00010_1-v.txt,analysis_results/full_run_20260613/predictions/mshuntington115/sinai_no_voc_61__Bodleian-Library-MS-Huntington-115_00010_1-v.xml,1325,1246
mshuntington115,Bodleian MS Huntington 115,Bodleian-Library-MS-Huntington-115_00010_1-v.jpg,Bodleian-Library-MS-Huntington-115_00010_1-v,vat44,vat44,4064.209007989615,0.8507462686567164,0.3909433962264151,517.0,gt,datasets/mshuntington115/gt/Bodleian-Library-MS-Huntington-115_00010_1-v.txt,analysis_results/full_run_20260613/predictions/mshuntington115/vat44__Bodleian-Library-MS-Huntington-115_00010_1-v.xml,1325,1283
mshuntington115,Bodleian MS Huntington 115,Bodleian-Library-MS-Huntington-115_00011_2r.jpg,Bodleian-Library-MS-Huntington-115_00011_2r,ashkenazy,ashkenazy,5066.448021650314,0.8360128617363344,0.27490542244640603,442.0,gt,datasets/mshuntington115/gt/Bodleian-Library-MS-Huntington-115_00011_2r.txt,analysis_results/full_run_20260613/predictions/mshuntington115/ashkenazy__Bodleian-Library-MS-Huntington-115_00011_2r.xml,1586,1566
mshuntington115,Bodleian MS Huntington 115,Bodleian-Library-MS-Huntington-115_00011_2r.jpg,Bodleian-Library-MS-Huntington-115_00011_2r,biblia9,biblia9,5485.728639813664,0.9421221864951769,0.2988650693568726,474.0,gt,datasets/mshuntington115/gt/Bodleian-Library-MS-Huntington-115_00011_2r.txt,analysis_results/full_run_20260613/predictions/mshuntington115/biblia9__Bodleian-Library-MS-Huntington-115_00011_2r.xml,1586,1643
mshuntington115,Bodleian MS Huntington 115,Bodleian-Library-MS-Huntington-115_00011_2r.jpg,Bodleian-Library-MS-Huntington-115_00011_2r,italian_7,italian 7,4884.458329325542,0.7684887459807074,0.22131147540983606,353.0,gt,datasets/mshuntington115/gt/Bodleian-Library-MS-Huntington-115_00011_2r.txt,analysis_results/full_run_20260613/predictions/mshuntington115/italian_7__Bodleian-Library-MS-Huntington-115_00011_2r.xml,1586,1629
mshuntington115,Bodleian MS Huntington 115,Bodleian-Library-MS-Huntington-115_00011_2r.jpg,Bodleian-Library-MS-Huntington-115_00011_2r,prenumeranten,prenumeranten,5737.4455606000265,1.0192926045016077,0.639344262295082,1036.0,gt,datasets/mshuntington115/gt/Bodleian-Library-MS-Huntington-115_00011_2r.txt,analysis_results/full_run_20260613/predictions/mshuntington115/prenumeranten__Bodleian-Library-MS-Huntington-115_00011_2r.xml,1586,1506
mshuntington115,Bodleian MS Huntington 115,Bodleian-Library-MS-Huntington-115_00011_2r.jpg,Bodleian-Library-MS-Huntington-115_00011_2r,sephardi,sephardi,4818.1755813276395,0.8585209003215434,0.24337957124842372,392.0,gt,datasets/mshuntington115/gt/Bodleian-Library-MS-Huntington-115_00011_2r.txt,analysis_results/full_run_20260613/predictions/mshuntington115/sephardi__Bodleian-Library-MS-Huntington-115_00011_2r.xml,1586,1627
mshuntington115,Bodleian MS Huntington 115,Bodleian-Library-MS-Huntington-115_00011_2r.jpg,Bodleian-Library-MS-Huntington-115_00011_2r,sinai_no_voc_61,sinai no voc 61,4754.504121642996,0.8681672025723473,0.30453972257250944,486.0,gt,datasets/mshuntington115/gt/Bodleian-Library-MS-Huntington-115_00011_2r.txt,analysis_results/full_run_20260613/predictions/mshuntington115/sinai_no_voc_61__Bodleian-Library-MS-Huntington-115_00011_2r.xml,1586,1524
mshuntington115,Bodleian MS Huntington 115,Bodleian-Library-MS-Huntington-115_00011_2r.jpg,Bodleian-Library-MS-Huntington-115_00011_2r,vat44,vat44,5311.335363574326,0.7717041800643086,0.2597730138713745,412.0,gt,datasets/mshuntington115/gt/Bodleian-Library-MS-Huntington-115_00011_2r.txt,analysis_results/full_run_20260613/predictions/mshuntington115/vat44__Bodleian-Library-MS-Huntington-115_00011_2r.xml,1586,1584
mshuntington115,Bodleian MS Huntington 115,Bodleian-Library-MS-Huntington-115_00012_2v.jpg,Bodleian-Library-MS-Huntington-115_00012_2v,ashkenazy,ashkenazy,5188.677917927504,0.7923976608187134,0.25691937424789413,427.0,gt,datasets/mshuntington115/gt/Bodleian-Library-MS-Huntington-115_00012_2v.txt,analysis_results/full_run_20260613/predictions/mshuntington115/ashkenazy__Bodleian-Library-MS-Huntington-115_00012_2v.xml,1663,1627
mshuntington115,Bodleian MS Huntington 115,Bodleian-Library-MS-Huntington-115_00012_2v.jpg,Bodleian-Library-MS-Huntington-115_00012_2v,biblia9,biblia9,5304.515925149131,0.8771929824561403,0.27737665463297234,460.0,gt,datasets/mshuntington115/gt/Bodleian-Library-MS-Huntington-115_00012_2v.txt,analysis_results/full_run_20260613/predictions/mshuntington115/biblia9__Bodleian-Library-MS-Huntington-115_00012_2v.xml,1663,1679
mshuntington115,Bodleian MS Huntington 115,Bodleian-Library-MS-Huntington-115_00012_2v.jpg,Bodleian-Library-MS-Huntington-115_00012_2v,italian_7,italian 7,4948.376152701676,0.7456140350877193,0.22081829121540314,372.0,gt,datasets/mshuntington115/gt/Bodleian-Library-MS-Huntington-115_00012_2v.txt,analysis_results/full_run_20260613/predictions/mshuntington115/italian_7__Bodleian-Library-MS-Huntington-115_00012_2v.xml,1663,1719
mshuntington115,Bodleian MS Huntington 115,Bodleian-Library-MS-Huntington-115_00012_2v.jpg,Bodleian-Library-MS-Huntington-115_00012_2v,prenumeranten,prenumeranten,5906.262604944408,1.0058479532163742,0.6113116726835138,1022.0,gt,datasets/mshuntington115/gt/Bodleian-Library-MS-Huntington-115_00012_2v.txt,analysis_results/full_run_20260613/predictions/mshuntington115/prenumeranten__Bodleian-Library-MS-Huntington-115_00012_2v.xml,1663,1578
mshuntington115,Bodleian MS Huntington 115,Bodleian-Library-MS-Huntington-115_00012_2v.jpg,Bodleian-Library-MS-Huntington-115_00012_2v,sephardi,sephardi,4946.952598661184,0.7368421052631579,0.20998796630565583,350.0,gt,datasets/mshuntington115/gt/Bodleian-Library-MS-Huntington-115_00012_2v.txt,analysis_results/full_run_20260613/predictions/mshuntington115/sephardi__Bodleian-Library-MS-Huntington-115_00012_2v.xml,1663,1697
mshuntington115,Bodleian MS Huntington 115,Bodleian-Library-MS-Huntington-115_00012_2v.jpg,Bodleian-Library-MS-Huntington-115_00012_2v,sinai_no_voc_61,sinai no voc 61,4992.105967159732,0.7982456140350878,0.2815884476534296,468.0,gt,datasets/mshuntington115/gt/Bodleian-Library-MS-Huntington-115_00012_2v.txt,analysis_results/full_run_20260613/predictions/mshuntington115/sinai_no_voc_61__Bodleian-Library-MS-Huntington-115_00012_2v.xml,1663,1628
mshuntington115,Bodleian MS Huntington 115,Bodleian-Library-MS-Huntington-115_00012_2v.jpg,Bodleian-Library-MS-Huntington-115_00012_2v,vat44,vat44,5157.717168515548,0.7719298245614035,0.24127557160048135,399.0,gt,datasets/mshuntington115/gt/Bodleian-Library-MS-Huntington-115_00012_2v.txt,analysis_results/full_run_20260613/predictions/mshuntington115/vat44__Bodleian-Library-MS-Huntington-115_00012_2v.xml,1663,1635
mshuntington115,Bodleian MS Huntington 115,Bodleian-Library-MS-Huntington-115_00013_3r.jpg,Bodleian-Library-MS-Huntington-115_00013_3r,ashkenazy,ashkenazy,4921.993105663918,0.817629179331307,0.2595923261390887,436.0,gt,datasets/mshuntington115/gt/Bodleian-Library-MS-Huntington-115_00013_3r.txt,analysis_results/full_run_20260613/predictions/mshuntington115/ashkenazy__Bodleian-Library-MS-Huntington-115_00013_3r.xml,1668,1633
mshuntington115,Bodleian MS Huntington 115,Bodleian-Library-MS-Huntington-115_00013_3r.jpg,Bodleian-Library-MS-Huntington-115_00013_3r,biblia9,biblia9,5469.464709959924,0.9422492401215805,0.2883693045563549,484.0,gt,datasets/mshuntington115/gt/Bodleian-Library-MS-Huntington-115_00013_3r.txt,analysis_results/full_run_20260613/predictions/mshuntington115/biblia9__Bodleian-Library-MS-Huntington-115_00013_3r.xml,1668,1709
mshuntington115,Bodleian MS Huntington 115,Bodleian-Library-MS-Huntington-115_00013_3r.jpg,Bodleian-Library-MS-Huntington-115_00013_3r,italian_7,italian 7,4759.615199732361,0.8206686930091185,0.22841726618705036,385.0,gt,datasets/mshuntington115/gt/Bodleian-Library-MS-Huntington-115_00013_3r.txt,analysis_results/full_run_20260613/predictions/mshuntington115/italian_7__Bodleian-Library-MS-Huntington-115_00013_3r.xml,1668,1723
mshuntington115,Bodleian MS Huntington 115,Bodleian-Library-MS-Huntington-115_00013_3r.jpg,Bodleian-Library-MS-Huntington-115_00013_3r,prenumeranten,prenumeranten,6057.891475519631,1.0,0.6151079136690647,1047.0,gt,datasets/mshuntington115/gt/Bodleian-Library-MS-Huntington-115_00013_3r.txt,analysis_results/full_run_20260613/predictions/mshuntington115/prenumeranten__Bodleian-Library-MS-Huntington-115_00013_3r.xml,1668,1640
mshuntington115,Bodleian MS Huntington 115,Bodleian-Library-MS-Huntington-115_00013_3r.jpg,Bodleian-Library-MS-Huntington-115_00013_3r,sephardi,sephardi,4810.247229006141,0.8632218844984803,0.23321342925659472,393.0,gt,datasets/mshuntington115/gt/Bodleian-Library-MS-Huntington-115_00013_3r.txt,analysis_results/full_run_20260613/predictions/mshuntington115/sephardi__Bodleian-Library-MS-Huntington-115_00013_3r.xml,1668,1720
mshuntington115,Bodleian MS Huntington 115,Bodleian-Library-MS-Huntington-115_00013_3r.jpg,Bodleian-Library-MS-Huntington-115_00013_3r,sinai_no_voc_61,sinai no voc 61,4859.243998028338,0.8601823708206687,0.30035971223021585,502.0,gt,datasets/mshuntington115/gt/Bodleian-Library-MS-Huntington-115_00013_3r.txt,analysis_results/full_run_20260613/predictions/mshuntington115/sinai_no_voc_61__Bodleian-Library-MS-Huntington-115_00013_3r.xml,1668,1620
mshuntington115,Bodleian MS Huntington 115,Bodleian-Library-MS-Huntington-115_00013_3r.jpg,Bodleian-Library-MS-Huntington-115_00013_3r,vat44,vat44,5197.659305855632,0.7598784194528876,0.23381294964028776,390.0,gt,datasets/mshuntington115/gt/Bodleian-Library-MS-Huntington-115_00013_3r.txt,analysis_results/full_run_20260613/predictions/mshuntington115/vat44__Bodleian-Library-MS-Huntington-115_00013_3r.xml,1668,1674
mshuntington115,Bodleian MS Huntington 115,Bodleian-Library-MS-Huntington-115_00014_3v.jpg,Bodleian-Library-MS-Huntington-115_00014_3v,ashkenazy,ashkenazy,4808.288346379995,0.707395498392283,0.20621827411167512,323.0,gt,datasets/mshuntington115/gt/Bodleian-Library-MS-Huntington-115_00014_3v.txt,analysis_results/full_run_20260613/predictions/mshuntington115/ashkenazy__Bodleian-Library-MS-Huntington-115_00014_3v.xml,1575,1548
mshuntington115,Bodleian MS Huntington 115,Bodleian-Library-MS-Huntington-115_00014_3v.jpg,Bodleian-Library-MS-Huntington-115_00014_3v,biblia9,biblia9,4973.7427866641665,0.8135048231511254,0.24111675126903553,380.0,gt,datasets/mshuntington115/gt/Bodleian-Library-MS-Huntington-115_00014_3v.txt,analysis_results/full_run_20260613/predictions/mshuntington115/biblia9__Bodleian-Library-MS-Huntington-115_00014_3v.xml,1575,1569
mshuntington115,Bodleian MS Huntington 115,Bodleian-Library-MS-Huntington-115_00014_3v.jpg,Bodleian-Library-MS-Huntington-115_00014_3v,italian_7,italian 7,4460.11660522819,0.684887459807074,0.18210659898477158,286.0,gt,datasets/mshuntington115/gt/Bodleian-Library-MS-Huntington-115_00014_3v.txt,analysis_results/full_run_20260613/predictions/mshuntington115/italian_7__Bodleian-Library-MS-Huntington-115_00014_3v.xml,1575,1598
mshuntington115,Bodleian MS Huntington 115,Bodleian-Library-MS-Huntington-115_00014_3v.jpg,Bodleian-Library-MS-Huntington-115_00014_3v,prenumeranten,prenumeranten,5706.745373922866,1.0257234726688103,0.6173857868020305,1004.0,gt,datasets/mshuntington115/gt/Bodleian-Library-MS-Huntington-115_00014_3v.txt,analysis_results/full_run_20260613/predictions/mshuntington115/prenumeranten__Bodleian-Library-MS-Huntington-115_00014_3v.xml,1575,1568
mshuntington115,Bodleian MS Huntington 115,Bodleian-Library-MS-Huntington-115_00014_3v.jpg,Bodleian-Library-MS-Huntington-115_00014_3v,sephardi,sephardi,4492.453552459832,0.7234726688102894,0.19035532994923857,303.0,gt,datasets/mshuntington115/gt/Bodleian-Library-MS-Huntington-115_00014_3v.txt,analysis_results/full_run_20260613/predictions/mshuntington115/sephardi__Bodleian-Library-MS-Huntington-115_00014_3v.xml,1575,1580
mshuntington115,Bodleian MS Huntington 115,Bodleian-Library-MS-Huntington-115_00014_3v.jpg,Bodleian-Library-MS-Huntington-115_00014_3v,sinai_no_voc_61,sinai no voc 61,4639.568551510572,0.8070739549839229,0.2785532994923858,438.0,gt,datasets/mshuntington115/gt/Bodleian-Library-MS-Huntington-115_00014_3v.txt,analysis_results/full_run_20260613/predictions/mshuntington115/sinai_no_voc_61__Bodleian-Library-MS-Huntington-115_00014_3v.xml,1575,1505
mshuntington115,Bodleian MS Huntington 115,Bodleian-Library-MS-Huntington-115_00014_3v.jpg,Bodleian-Library-MS-Huntington-115_00014_3v,vat44,vat44,4923.152693659067,0.797427652733119,0.23286802030456852,367.0,gt,datasets/mshuntington115/gt/Bodleian-Library-MS-Huntington-115_00014_3v.txt,analysis_results/full_run_20260613/predictions/mshuntington115/vat44__Bodleian-Library-MS-Huntington-115_00014_3v.xml,1575,1560
mshuntington115,Bodleian MS Huntington 115,Bodleian-Library-MS-Huntington-115_00015_4r.jpg,Bodleian-Library-MS-Huntington-115_00015_4r,ashkenazy,ashkenazy,5107.350040912628,0.7738095238095238,0.2515151515151515,420.0,gt,datasets/mshuntington115/gt/Bodleian-Library-MS-Huntington-115_00015_4r.txt,analysis_results/full_run_20260613/predictions/mshuntington115/ashkenazy__Bodleian-Library-MS-Huntington-115_00015_4r.xml,1651,1589
mshuntington115,Bodleian MS Huntington 115,Bodleian-Library-MS-Huntington-115_00015_4r.jpg,Bodleian-Library-MS-Huntington-115_00015_4r,biblia9,biblia9,5399.436975128949,0.8273809523809523,0.2515151515151515,415.0,gt,datasets/mshuntington115/gt/Bodleian-Library-MS-Huntington-115_00015_4r.txt,analysis_results/full_run_20260613/predictions/mshuntington115/biblia9__Bodleian-Library-MS-Huntington-115_00015_4r.xml,1651,1671
mshuntington115,Bodleian MS Huntington 115,Bodleian-Library-MS-Huntington-115_00015_4r.jpg,Bodleian-Library-MS-Huntington-115_00015_4r,italian_7,italian 7,4891.631418554112,0.7321428571428571,0.2109090909090909,345.0,gt,datasets/mshuntington115/gt/Bodleian-Library-MS-Huntington-115_00015_4r.txt,analysis_results/full_run_20260613/predictions/mshuntington115/italian_7__Bodleian-Library-MS-Huntington-115_00015_4r.xml,1651,1683
mshuntington115,Bodleian MS Huntington 115,Bodleian-Library-MS-Huntington-115_00015_4r.jpg,Bodleian-Library-MS-Huntington-115_00015_4r,prenumeranten,prenumeranten,5945.047875204007,0.9821428571428571,0.5872727272727273,1016.0,gt,datasets/mshuntington115/gt/Bodleian-Library-MS-Huntington-115_00015_4r.txt,analysis_results/full_run_20260613/predictions/mshuntington115/prenumeranten__Bodleian-Library-MS-Huntington-115_00015_4r.xml,1651,1614
mshuntington115,Bodleian MS Huntington 115,Bodleian-Library-MS-Huntington-115_00015_4r.jpg,Bodleian-Library-MS-Huntington-115_00015_4r,sephardi,sephardi,4797.761965855956,0.7738095238095238,0.23696969696969697,395.0,gt,datasets/mshuntington115/gt/Bodleian-Library-MS-Huntington-115_00015_4r.txt,analysis_results/full_run_20260613/predictions/mshuntington115/sephardi__Bodleian-Library-MS-Huntington-115_00015_4r.xml,1651,1663
mshuntington115,Bodleian MS Huntington 115,Bodleian-Library-MS-Huntington-115_00015_4r.jpg,Bodleian-Library-MS-Huntington-115_00015_4r,sinai_no_voc_61,sinai no voc 61,4681.296206228435,0.8452380952380952,0.29515151515151516,485.0,gt,datasets/mshuntington115/gt/Bodleian-Library-MS-Huntington-115_00015_4r.txt,analysis_results/full_run_20260613/predictions/mshuntington115/sinai_no_voc_61__Bodleian-Library-MS-Huntington-115_00015_4r.xml,1651,1550
mshuntington115,Bodleian MS Huntington 115,Bodleian-Library-MS-Huntington-115_00015_4r.jpg,Bodleian-Library-MS-Huntington-115_00015_4r,vat44,vat44,5400.599690631032,0.7708333333333334,0.24787878787878787,406.0,gt,datasets/mshuntington115/gt/Bodleian-Library-MS-Huntington-115_00015_4r.txt,analysis_results/full_run_20260613/predictions/mshuntington115/vat44__Bodleian-Library-MS-Huntington-115_00015_4r.xml,1651,1629
mshuntington115,Bodleian MS Huntington 115,Bodleian-Library-MS-Huntington-115_00016_4v.jpg,Bodleian-Library-MS-Huntington-115_00016_4v,ashkenazy,ashkenazy,4957.637857846916,0.9118541033434651,0.5006242197253433,807.0,gt,datasets/mshuntington115/gt/Bodleian-Library-MS-Huntington-115_00016_4v.txt,analysis_results/full_run_20260613/predictions/mshuntington115/ashkenazy__Bodleian-Library-MS-Huntington-115_00016_4v.xml,1605,1589
mshuntington115,Bodleian MS Huntington 115,Bodleian-Library-MS-Huntington-115_00016_4v.jpg,Bodleian-Library-MS-Huntington-115_00016_4v,biblia9,biblia9,5340.251413702965,0.9696048632218845,0.5255930087390761,843.0,gt,datasets/mshuntington115/gt/Bodleian-Library-MS-Huntington-115_00016_4v.txt,analysis_results/full_run_20260613/predictions/mshuntington115/biblia9__Bodleian-Library-MS-Huntington-115_00016_4v.xml,1605,1620
mshuntington115,Bodleian MS Huntington 115,Bodleian-Library-MS-Huntington-115_00016_4v.jpg,Bodleian-Library-MS-Huntington-115_00016_4v,italian_7,italian 7,4731.558504179295,0.9270516717325228,0.4968789013732834,799.0,gt,datasets/mshuntington115/gt/Bodleian-Library-MS-Huntington-115_00016_4v.txt,analysis_results/full_run_20260613/predictions/mshuntington115/italian_7__Bodleian-Library-MS-Huntington-115_00016_4v.xml,1605,1675
mshuntington115,Bodleian MS Huntington 115,Bodleian-Library-MS-Huntington-115_00016_4v.jpg,Bodleian-Library-MS-Huntington-115_00016_4v,prenumeranten,prenumeranten,5613.567058959976,0.9908814589665653,0.700374531835206,1139.0,gt,datasets/mshuntington115/gt/Bodleian-Library-MS-Huntington-115_00016_4v.txt,analysis_results/full_run_20260613/predictions/mshuntington115/prenumeranten__Bodleian-Library-MS-Huntington-115_00016_4v.xml,1605,1472
mshuntington115,Bodleian MS Huntington 115,Bodleian-Library-MS-Huntington-115_00016_4v.jpg,Bodleian-Library-MS-Huntington-115_00016_4v,sephardi,sephardi,4733.439657267183,0.9696048632218845,0.5149812734082397,825.0,gt,datasets/mshuntington115/gt/Bodleian-Library-MS-Huntington-115_00016_4v.txt,analysis_results/full_run_20260613/predictions/mshuntington115/sephardi__Bodleian-Library-MS-Huntington-115_00016_4v.xml,1605,1664
mshuntington115,Bodleian MS Huntington 115,Bodleian-Library-MS-Huntington-115_00016_4v.jpg,Bodleian-Library-MS-Huntington-115_00016_4v,sinai_no_voc_61,sinai no voc 61,4735.195485030534,0.9148936170212766,0.5355805243445693,861.0,gt,datasets/mshuntington115/gt/Bodleian-Library-MS-Huntington-115_00016_4v.txt,analysis_results/full_run_20260613/predictions/mshuntington115/sinai_no_voc_61__Bodleian-Library-MS-Huntington-115_00016_4v.xml,1605,1547
mshuntington115,Bodleian MS Huntington 115,Bodleian-Library-MS-Huntington-115_00016_4v.jpg,Bodleian-Library-MS-Huntington-115_00016_4v,vat44,vat44,5285.0111548569985,0.9118541033434651,0.5181023720349563,831.0,gt,datasets/mshuntington115/gt/Bodleian-Library-MS-Huntington-115_00016_4v.txt,analysis_results/full_run_20260613/predictions/mshuntington115/vat44__Bodleian-Library-MS-Huntington-115_00016_4v.xml,1605,1626
mshuntington115,Bodleian MS Huntington 115,Bodleian-Library-MS-Huntington-115_00017_5r.jpg,Bodleian-Library-MS-Huntington-115_00017_5r,ashkenazy,ashkenazy,104592.58716197312,0.7994011976047904,0.3101503759398496,502.0,gt,datasets/mshuntington115/gt/Bodleian-Library-MS-Huntington-115_00017_5r.txt,analysis_results/full_run_20260613/predictions/mshuntington115/ashkenazy__Bodleian-Library-MS-Huntington-115_00017_5r.xml,1599,1567
mshuntington115,Bodleian MS Huntington 115,Bodleian-Library-MS-Huntington-115_00017_5r.jpg,Bodleian-Library-MS-Huntington-115_00017_5r,biblia9,biblia9,5245.713644206524,0.8922155688622755,0.3483709273182957,561.0,gt,datasets/mshuntington115/gt/Bodleian-Library-MS-Huntington-115_00017_5r.txt,analysis_results/full_run_20260613/predictions/mshuntington115/biblia9__Bodleian-Library-MS-Huntington-115_00017_5r.xml,1599,1615
mshuntington115,Bodleian MS Huntington 115,Bodleian-Library-MS-Huntington-115_00017_5r.jpg,Bodleian-Library-MS-Huntington-115_00017_5r,italian_7,italian 7,4808.557040565647,0.8203592814371258,0.3082706766917293,497.0,gt,datasets/mshuntington115/gt/Bodleian-Library-MS-Huntington-115_00017_5r.txt,analysis_results/full_run_20260613/predictions/mshuntington115/italian_7__Bodleian-Library-MS-Huntington-115_00017_5r.xml,1599,1641
mshuntington115,Bodleian MS Huntington 115,Bodleian-Library-MS-Huntington-115_00017_5r.jpg,Bodleian-Library-MS-Huntington-115_00017_5r,prenumeranten,prenumeranten,5671.642334878445,0.9940119760479041,0.6453634085213033,1062.0,gt,datasets/mshuntington115/gt/Bodleian-Library-MS-Huntington-115_00017_5r.txt,analysis_results/full_run_20260613/predictions/mshuntington115/prenumeranten__Bodleian-Library-MS-Huntington-115_00017_5r.xml,1599,1506
mshuntington115,Bodleian MS Huntington 115,Bodleian-Library-MS-Huntington-115_00017_5r.jpg,Bodleian-Library-MS-Huntington-115_00017_5r,sephardi,sephardi,4858.641372546554,0.8323353293413174,0.30451127819548873,495.0,gt,datasets/mshuntington115/gt/Bodleian-Library-MS-Huntington-115_00017_5r.txt,analysis_results/full_run_20260613/predictions/mshuntington115/sephardi__Bodleian-Library-MS-Huntington-115_00017_5r.xml,1599,1634
mshuntington115,Bodleian MS Huntington 115,Bodleian-Library-MS-Huntington-115_00017_5r.jpg,Bodleian-Library-MS-Huntington-115_00017_5r,sinai_no_voc_61,sinai no voc 61,4576.731001853943,0.8652694610778443,0.39536340852130325,633.0,gt,datasets/mshuntington115/gt/Bodleian-Library-MS-Huntington-115_00017_5r.txt,analysis_results/full_run_20260613/predictions/mshuntington115/sinai_no_voc_61__Bodleian-Library-MS-Huntington-115_00017_5r.xml,1599,1480
mshuntington115,Bodleian MS Huntington 115,Bodleian-Library-MS-Huntington-115_00017_5r.jpg,Bodleian-Library-MS-Huntington-115_00017_5r,vat44,vat44,5376.1201529370155,0.8083832335329342,0.31140350877192985,501.0,gt,datasets/mshuntington115/gt/Bodleian-Library-MS-Huntington-115_00017_5r.txt,analysis_results/full_run_20260613/predictions/mshuntington115/vat44__Bodleian-Library-MS-Huntington-115_00017_5r.xml,1599,1614
mshuntington115,Bodleian MS Huntington 115,Bodleian-Library-MS-Huntington-115_00018_5v.jpg,Bodleian-Library-MS-Huntington-115_00018_5v,ashkenazy,ashkenazy,4470.1486515030265,0.7345679012345679,0.20395550061804696,327.0,gt,datasets/mshuntington115/gt/Bodleian-Library-MS-Huntington-115_00018_5v.txt,analysis_results/full_run_20260613/predictions/mshuntington115/ashkenazy__Bodleian-Library-MS-Huntington-115_00018_5v.xml,1619,1614
mshuntington115,Bodleian MS Huntington 115,Bodleian-Library-MS-Huntington-115_00018_5v.jpg,Bodleian-Library-MS-Huntington-115_00018_5v,biblia9,biblia9,4997.94322322309,0.7901234567901234,0.23794808405438814,386.0,gt,datasets/mshuntington115/gt/Bodleian-Library-MS-Huntington-115_00018_5v.txt,analysis_results/full_run_20260613/predictions/mshuntington115/biblia9__Bodleian-Library-MS-Huntington-115_00018_5v.xml,1619,1629
mshuntington115,Bodleian MS Huntington 115,Bodleian-Library-MS-Huntington-115_00018_5v.jpg,Bodleian-Library-MS-Huntington-115_00018_5v,italian_7,italian 7,4204.5459723046515,0.7253086419753086,0.18294190358467244,294.0,gt,datasets/mshuntington115/gt/Bodleian-Library-MS-Huntington-115_00018_5v.txt,analysis_results/full_run_20260613/predictions/mshuntington115/italian_7__Bodleian-Library-MS-Huntington-115_00018_5v.xml,1619,1665
mshuntington115,Bodleian MS Huntington 115,Bodleian-Library-MS-Huntington-115_00018_5v.jpg,Bodleian-Library-MS-Huntington-115_00018_5v,prenumeranten,prenumeranten,5877.678556218627,1.0308641975308641,0.5710754017305315,951.0,gt,datasets/mshuntington115/gt/Bodleian-Library-MS-Huntington-115_00018_5v.txt,analysis_results/full_run_20260613/predictions/mshuntington115/prenumeranten__Bodleian-Library-MS-Huntington-115_00018_5v.xml,1619,1660
mshuntington115,Bodleian MS Huntington 115,Bodleian-Library-MS-Huntington-115_00018_5v.jpg,Bodleian-Library-MS-Huntington-115_00018_5v,sephardi,sephardi,4236.806945127435,0.7314814814814815,0.19097651421508036,310.0,gt,datasets/mshuntington115/gt/Bodleian-Library-MS-Huntington-115_00018_5v.txt,analysis_results/full_run_20260613/predictions/mshuntington115/sephardi__Bodleian-Library-MS-Huntington-115_00018_5v.xml,1619,1667
mshuntington115,Bodleian MS Huntington 115,Bodleian-Library-MS-Huntington-115_00018_5v.jpg,Bodleian-Library-MS-Huntington-115_00018_5v,sinai_no_voc_61,sinai no voc 61,4744.810397088528,0.7654320987654321,0.24907292954264523,404.0,gt,datasets/mshuntington115/gt/Bodleian-Library-MS-Huntington-115_00018_5v.txt,analysis_results/full_run_20260613/predictions/mshuntington115/sinai_no_voc_61__Bodleian-Library-MS-Huntington-115_00018_5v.xml,1619,1570
mshuntington115,Bodleian MS Huntington 115,Bodleian-Library-MS-Huntington-115_00018_5v.jpg,Bodleian-Library-MS-Huntington-115_00018_5v,vat44,vat44,5068.587115752744,0.7623456790123457,0.21940667490729296,354.0,gt,datasets/mshuntington115/gt/Bodleian-Library-MS-Huntington-115_00018_5v.txt,analysis_results/full_run_20260613/predictions/mshuntington115/vat44__Bodleian-Library-MS-Huntington-115_00018_5v.xml,1619,1627
munich229amitaitanchuma2,Munich 229 Amitai Tanchuma 2,315_a9af0_default.jpg,315_a9af0_default,ashkenazy,ashkenazy,2364.1900355815887,0.2900763358778626,0.13805309734513274,76.0,gt,datasets/munich229amitaitanchuma2/gt/315_a9af0_default.txt,analysis_results/full_run_20260613/predictions/munich229amitaitanchuma2/ashkenazy__315_a9af0_default.xml,565,605
munich229amitaitanchuma2,Munich 229 Amitai Tanchuma 2,315_a9af0_default.jpg,315_a9af0_default,biblia9,biblia9,2957.138594031334,1.1145038167938932,0.7292035398230089,415.0,gt,datasets/munich229amitaitanchuma2/gt/315_a9af0_default.txt,analysis_results/full_run_20260613/predictions/munich229amitaitanchuma2/biblia9__315_a9af0_default.xml,565,815
munich229amitaitanchuma2,Munich 229 Amitai Tanchuma 2,315_a9af0_default.jpg,315_a9af0_default,italian_7,italian 7,2703.3005445599556,1.1526717557251909,0.6619469026548672,376.0,gt,datasets/munich229amitaitanchuma2/gt/315_a9af0_default.txt,analysis_results/full_run_20260613/predictions/munich229amitaitanchuma2/italian_7__315_a9af0_default.xml,565,837
munich229amitaitanchuma2,Munich 229 Amitai Tanchuma 2,315_a9af0_default.jpg,315_a9af0_default,prenumeranten,prenumeranten,2531.947072080802,1.3435114503816794,0.8707964601769912,495.0,gt,datasets/munich229amitaitanchuma2/gt/315_a9af0_default.txt,analysis_results/full_run_20260613/predictions/munich229amitaitanchuma2/prenumeranten__315_a9af0_default.xml,565,681
munich229amitaitanchuma2,Munich 229 Amitai Tanchuma 2,315_a9af0_default.jpg,315_a9af0_default,sephardi,sephardi,2573.931220829487,1.0305343511450382,0.6230088495575221,351.0,gt,datasets/munich229amitaitanchuma2/gt/315_a9af0_default.txt,analysis_results/full_run_20260613/predictions/munich229amitaitanchuma2/sephardi__315_a9af0_default.xml,565,812
munich229amitaitanchuma2,Munich 229 Amitai Tanchuma 2,315_a9af0_default.jpg,315_a9af0_default,sinai_no_voc_61,sinai no voc 61,2352.2683862287086,1.0229007633587786,0.6637168141592921,374.0,gt,datasets/munich229amitaitanchuma2/gt/315_a9af0_default.txt,analysis_results/full_run_20260613/predictions/munich229amitaitanchuma2/sinai_no_voc_61__315_a9af0_default.xml,565,675
munich229amitaitanchuma2,Munich 229 Amitai Tanchuma 2,315_a9af0_default.jpg,315_a9af0_default,vat44,vat44,2864.846803173423,0.9694656488549618,0.6584070796460177,381.0,gt,datasets/munich229amitaitanchuma2/gt/315_a9af0_default.txt,analysis_results/full_run_20260613/predictions/munich229amitaitanchuma2/vat44__315_a9af0_default.xml,565,804
munich229amitaitanchuma2,Munich 229 Amitai Tanchuma 2,60_ad91e_default.jpg,60_ad91e_default,ashkenazy,ashkenazy,2565.296499878168,0.4695121951219512,0.14759725400457666,128.0,gt,datasets/munich229amitaitanchuma2/gt/60_ad91e_default.txt,analysis_results/full_run_20260613/predictions/munich229amitaitanchuma2/ashkenazy__60_ad91e_default.xml,874,894
munich229amitaitanchuma2,Munich 229 Amitai Tanchuma 2,60_ad91e_default.jpg,60_ad91e_default,biblia9,biblia9,3282.755153596401,0.9390243902439024,0.3501144164759725,305.0,gt,datasets/munich229amitaitanchuma2/gt/60_ad91e_default.txt,analysis_results/full_run_20260613/predictions/munich229amitaitanchuma2/biblia9__60_ad91e_default.xml,874,912
munich229amitaitanchuma2,Munich 229 Amitai Tanchuma 2,60_ad91e_default.jpg,60_ad91e_default,italian_7,italian 7,2276.847924388945,0.5914634146341463,0.20251716247139587,177.0,gt,datasets/munich229amitaitanchuma2/gt/60_ad91e_default.txt,analysis_results/full_run_20260613/predictions/munich229amitaitanchuma2/italian_7__60_ad91e_default.xml,874,955
munich229amitaitanchuma2,Munich 229 Amitai Tanchuma 2,60_ad91e_default.jpg,60_ad91e_default,prenumeranten,prenumeranten,3419.358763217926,1.1097560975609757,0.6990846681922197,626.0,gt,datasets/munich229amitaitanchuma2/gt/60_ad91e_default.txt,analysis_results/full_run_20260613/predictions/munich229amitaitanchuma2/prenumeranten__60_ad91e_default.xml,874,910
munich229amitaitanchuma2,Munich 229 Amitai Tanchuma 2,60_ad91e_default.jpg,60_ad91e_default,sephardi,sephardi,2441.6180031765252,0.5792682926829268,0.20137299771167047,175.0,gt,datasets/munich229amitaitanchuma2/gt/60_ad91e_default.txt,analysis_results/full_run_20260613/predictions/munich229amitaitanchuma2/sephardi__60_ad91e_default.xml,874,943
munich229amitaitanchuma2,Munich 229 Amitai Tanchuma 2,60_ad91e_default.jpg,60_ad91e_default,sinai_no_voc_61,sinai no voc 61,2822.6942288279533,0.8719512195121951,0.36270022883295194,317.0,gt,datasets/munich229amitaitanchuma2/gt/60_ad91e_default.txt,analysis_results/full_run_20260613/predictions/munich229amitaitanchuma2/sinai_no_voc_61__60_ad91e_default.xml,874,864
munich229amitaitanchuma2,Munich 229 Amitai Tanchuma 2,60_ad91e_default.jpg,60_ad91e_default,vat44,vat44,2978.8796076774597,0.7439024390243902,0.2654462242562929,232.0,gt,datasets/munich229amitaitanchuma2/gt/60_ad91e_default.txt,analysis_results/full_run_20260613/predictions/munich229amitaitanchuma2/vat44__60_ad91e_default.xml,874,901
munichstaatsbibliothektest2,Munich Staatsbibliothek test 2,145_cbccf_default.jpg,145_cbccf_default,ashkenazy,ashkenazy,2202.805610142648,0.8787878787878788,0.423728813559322,250.0,gt,datasets/munichstaatsbibliothektest2/gt/145_cbccf_default.txt,analysis_results/full_run_20260613/predictions/munichstaatsbibliothektest2/ashkenazy__145_cbccf_default.xml,590,634
munichstaatsbibliothektest2,Munich Staatsbibliothek test 2,145_cbccf_default.jpg,145_cbccf_default,biblia9,biblia9,3084.5557896494865,1.0606060606060606,0.6966101694915254,423.0,gt,datasets/munichstaatsbibliothektest2/gt/145_cbccf_default.txt,analysis_results/full_run_20260613/predictions/munichstaatsbibliothektest2/biblia9__145_cbccf_default.xml,590,776
munichstaatsbibliothektest2,Munich Staatsbibliothek test 2,145_cbccf_default.jpg,145_cbccf_default,italian_7,italian 7,2928.506695959717,1.2348484848484849,0.7966101694915254,469.0,gt,datasets/munichstaatsbibliothektest2/gt/145_cbccf_default.txt,analysis_results/full_run_20260613/predictions/munichstaatsbibliothektest2/italian_7__145_cbccf_default.xml,590,952
munichstaatsbibliothektest2,Munich Staatsbibliothek test 2,145_cbccf_default.jpg,145_cbccf_default,prenumeranten,prenumeranten,2479.5034162700176,1.0,0.7457627118644068,452.0,gt,datasets/munichstaatsbibliothektest2/gt/145_cbccf_default.txt,analysis_results/full_run_20260613/predictions/munichstaatsbibliothektest2/prenumeranten__145_cbccf_default.xml,590,606
munichstaatsbibliothektest2,Munich Staatsbibliothek test 2,145_cbccf_default.jpg,145_cbccf_default,sephardi,sephardi,2691.6261440385133,1.1363636363636365,0.7237288135593221,425.0,gt,datasets/munichstaatsbibliothektest2/gt/145_cbccf_default.txt,analysis_results/full_run_20260613/predictions/munichstaatsbibliothektest2/sephardi__145_cbccf_default.xml,590,907
munichstaatsbibliothektest2,Munich Staatsbibliothek test 2,145_cbccf_default.jpg,145_cbccf_default,sinai_no_voc_61,sinai no voc 61,100718.73521244526,0.9848484848484849,0.6,355.0,gt,datasets/munichstaatsbibliothektest2/gt/145_cbccf_default.txt,analysis_results/full_run_20260613/predictions/munichstaatsbibliothektest2/sinai_no_voc_61__145_cbccf_default.xml,590,456
munichstaatsbibliothektest2,Munich Staatsbibliothek test 2,145_cbccf_default.jpg,145_cbccf_default,vat44,vat44,3028.17467713356,0.946969696969697,0.6745762711864407,411.0,gt,datasets/munichstaatsbibliothektest2/gt/145_cbccf_default.txt,analysis_results/full_run_20260613/predictions/munichstaatsbibliothektest2/vat44__145_cbccf_default.xml,590,729
munichstaatsbibliothektest2,Munich Staatsbibliothek test 2,146_899d5_default.jpg,146_899d5_default,ashkenazy,ashkenazy,2133.8395534455776,0.9568965517241379,0.4383838383838384,217.0,gt,datasets/munichstaatsbibliothektest2/gt/146_899d5_default.txt,analysis_results/full_run_20260613/predictions/munichstaatsbibliothektest2/ashkenazy__146_899d5_default.xml,492,581
munichstaatsbibliothektest2,Munich Staatsbibliothek test 2,146_899d5_default.jpg,146_899d5_default,biblia9,biblia9,3083.0817334651947,1.2413793103448276,0.896969696969697,454.0,gt,datasets/munichstaatsbibliothektest2/gt/146_899d5_default.txt,analysis_results/full_run_20260613/predictions/munichstaatsbibliothektest2/biblia9__146_899d5_default.xml,492,751
munichstaatsbibliothektest2,Munich Staatsbibliothek test 2,146_899d5_default.jpg,146_899d5_default,italian_7,italian 7,2886.7601320296526,1.4224137931034482,0.9676767676767677,481.0,gt,datasets/munichstaatsbibliothektest2/gt/146_899d5_default.txt,analysis_results/full_run_20260613/predictions/munichstaatsbibliothektest2/italian_7__146_899d5_default.xml,492,917
munichstaatsbibliothektest2,Munich Staatsbibliothek test 2,146_899d5_default.jpg,146_899d5_default,prenumeranten,prenumeranten,2346.396169871092,1.0172413793103448,0.7878787878787878,400.0,gt,datasets/munichstaatsbibliothektest2/gt/146_899d5_default.txt,analysis_results/full_run_20260613/predictions/munichstaatsbibliothektest2/prenumeranten__146_899d5_default.xml,492,547
munichstaatsbibliothektest2,Munich Staatsbibliothek test 2,146_899d5_default.jpg,146_899d5_default,sephardi,sephardi,2769.804094865918,1.3017241379310345,0.8949494949494949,445.0,gt,datasets/munichstaatsbibliothektest2/gt/146_899d5_default.txt,analysis_results/full_run_20260613/predictions/munichstaatsbibliothektest2/sephardi__146_899d5_default.xml,492,872
munichstaatsbibliothektest2,Munich Staatsbibliothek test 2,146_899d5_default.jpg,146_899d5_default,sinai_no_voc_61,sinai no voc 61,100041.62174415588,0.9568965517241379,0.6141414141414141,301.0,gt,datasets/munichstaatsbibliothektest2/gt/146_899d5_default.txt,analysis_results/full_run_20260613/predictions/munichstaatsbibliothektest2/sinai_no_voc_61__146_899d5_default.xml,492,313
munichstaatsbibliothektest2,Munich Staatsbibliothek test 2,146_899d5_default.jpg,146_899d5_default,vat44,vat44,2877.4964541196823,0.8706896551724138,0.7636363636363637,387.0,gt,datasets/munichstaatsbibliothektest2/gt/146_899d5_default.txt,analysis_results/full_run_20260613/predictions/munichstaatsbibliothektest2/vat44__146_899d5_default.xml,492,705
neubauer147amitaitanchuma2,Neubauer 147 Amitai Tanchuma 2,362_6a32d_default.jpg,362_6a32d_default,ashkenazy,ashkenazy,8185.8906258791685,0.7462932454695222,0.2620117525060491,786.0,gt,datasets/neubauer147amitaitanchuma2/gt/362_6a32d_default.txt,analysis_results/full_run_20260613/predictions/neubauer147amitaitanchuma2/ashkenazy__362_6a32d_default.xml,2924,2669
neubauer147amitaitanchuma2,Neubauer 147 Amitai Tanchuma 2,362_6a32d_default.jpg,362_6a32d_default,biblia9,biblia9,8550.860132873058,0.943986820428336,0.4866920152091255,1433.0,gt,datasets/neubauer147amitaitanchuma2/gt/362_6a32d_default.txt,analysis_results/full_run_20260613/predictions/neubauer147amitaitanchuma2/biblia9__362_6a32d_default.xml,2924,2266
neubauer147amitaitanchuma2,Neubauer 147 Amitai Tanchuma 2,362_6a32d_default.jpg,362_6a32d_default,italian_7,italian 7,7994.370852235705,0.7232289950576606,0.22537158658831663,684.0,gt,datasets/neubauer147amitaitanchuma2/gt/362_6a32d_default.txt,analysis_results/full_run_20260613/predictions/neubauer147amitaitanchuma2/italian_7__362_6a32d_default.xml,2924,2703
neubauer147amitaitanchuma2,Neubauer 147 Amitai Tanchuma 2,362_6a32d_default.jpg,362_6a32d_default,prenumeranten,prenumeranten,8032.960811809637,0.9950576606260296,0.6453508468717594,1894.0,gt,datasets/neubauer147amitaitanchuma2/gt/362_6a32d_default.txt,analysis_results/full_run_20260613/predictions/neubauer147amitaitanchuma2/prenumeranten__362_6a32d_default.xml,2924,2114
neubauer147amitaitanchuma2,Neubauer 147 Amitai Tanchuma 2,362_6a32d_default.jpg,362_6a32d_default,sephardi,sephardi,8086.164154320955,0.7413509060955519,0.24611130314552368,751.0,gt,datasets/neubauer147amitaitanchuma2/gt/362_6a32d_default.txt,analysis_results/full_run_20260613/predictions/neubauer147amitaitanchuma2/sephardi__362_6a32d_default.xml,2924,2691
neubauer147amitaitanchuma2,Neubauer 147 Amitai Tanchuma 2,362_6a32d_default.jpg,362_6a32d_default,sinai_no_voc_61,sinai no voc 61,7693.043323348276,0.9621087314662273,0.4244728655375043,1256.0,gt,datasets/neubauer147amitaitanchuma2/gt/362_6a32d_default.txt,analysis_results/full_run_20260613/predictions/neubauer147amitaitanchuma2/sinai_no_voc_61__362_6a32d_default.xml,2924,2223
neubauer147amitaitanchuma2,Neubauer 147 Amitai Tanchuma 2,362_6a32d_default.jpg,362_6a32d_default,vat44,vat44,8668.043511152267,0.9703459637561779,0.3937089526443139,1166.0,gt,datasets/neubauer147amitaitanchuma2/gt/362_6a32d_default.txt,analysis_results/full_run_20260613/predictions/neubauer147amitaitanchuma2/vat44__362_6a32d_default.xml,2924,2316
neubauer147amitaitanchuma2,Neubauer 147 Amitai Tanchuma 2,791_bedca_default.jpg,791_bedca_default,ashkenazy,ashkenazy,9295.889892876148,0.7876506024096386,0.2911802853437095,918.0,gt,datasets/neubauer147amitaitanchuma2/gt/791_bedca_default.txt,analysis_results/full_run_20260613/predictions/neubauer147amitaitanchuma2/ashkenazy__791_bedca_default.xml,3107,2887
neubauer147amitaitanchuma2,Neubauer 147 Amitai Tanchuma 2,791_bedca_default.jpg,791_bedca_default,biblia9,biblia9,8975.739226579666,0.9503012048192772,0.4675745784695201,1466.0,gt,datasets/neubauer147amitaitanchuma2/gt/791_bedca_default.txt,analysis_results/full_run_20260613/predictions/neubauer147amitaitanchuma2/biblia9__791_bedca_default.xml,3107,2472
neubauer147amitaitanchuma2,Neubauer 147 Amitai Tanchuma 2,791_bedca_default.jpg,791_bedca_default,italian_7,italian 7,8907.264254442416,0.7650602409638554,0.26394293125810636,836.0,gt,datasets/neubauer147amitaitanchuma2/gt/791_bedca_default.txt,analysis_results/full_run_20260613/predictions/neubauer147amitaitanchuma2/italian_7__791_bedca_default.xml,3107,2897
neubauer147amitaitanchuma2,Neubauer 147 Amitai Tanchuma 2,791_bedca_default.jpg,791_bedca_default,prenumeranten,prenumeranten,8861.903039216995,0.9879518072289156,0.561284046692607,1745.0,gt,datasets/neubauer147amitaitanchuma2/gt/791_bedca_default.txt,analysis_results/full_run_20260613/predictions/neubauer147amitaitanchuma2/prenumeranten__791_bedca_default.xml,3107,2398
neubauer147amitaitanchuma2,Neubauer 147 Amitai Tanchuma 2,791_bedca_default.jpg,791_bedca_default,sephardi,sephardi,8877.73078095913,0.7530120481927711,0.2691309987029831,866.0,gt,datasets/neubauer147amitaitanchuma2/gt/791_bedca_default.txt,analysis_results/full_run_20260613/predictions/neubauer147amitaitanchuma2/sephardi__791_bedca_default.xml,3107,2945
neubauer147amitaitanchuma2,Neubauer 147 Amitai Tanchuma 2,791_bedca_default.jpg,791_bedca_default,sinai_no_voc_61,sinai no voc 61,8480.017271470279,0.8975903614457831,0.3553826199740597,1113.0,gt,datasets/neubauer147amitaitanchuma2/gt/791_bedca_default.txt,analysis_results/full_run_20260613/predictions/neubauer147amitaitanchuma2/sinai_no_voc_61__791_bedca_default.xml,3107,2489
neubauer147amitaitanchuma2,Neubauer 147 Amitai Tanchuma 2,791_bedca_default.jpg,791_bedca_default,vat44,vat44,9246.137481294572,0.9578313253012049,0.4088845654993515,1283.0,gt,datasets/neubauer147amitaitanchuma2/gt/791_bedca_default.txt,analysis_results/full_run_20260613/predictions/neubauer147amitaitanchuma2/vat44__791_bedca_default.xml,3107,2457
oppaddfol3test2,Oppenheim Add. Fol. 3 test 2,435_a56d4_default.jpg,435_a56d4_default,ashkenazy,ashkenazy,7897.305419976357,0.7448630136986302,0.25821943110454376,746.0,gt,datasets/oppaddfol3test2/gt/435_a56d4_default.txt,analysis_results/full_run_20260613/predictions/oppaddfol3test2/ashkenazy__435_a56d4_default.xml,2759,2496
oppaddfol3test2,Oppenheim Add. Fol. 3 test 2,435_a56d4_default.jpg,435_a56d4_default,biblia9,biblia9,8126.507364884019,0.9503424657534246,0.49464351680827484,1384.0,gt,datasets/oppaddfol3test2/gt/435_a56d4_default.txt,analysis_results/full_run_20260613/predictions/oppaddfol3test2/biblia9__435_a56d4_default.xml,2759,2170
oppaddfol3test2,Oppenheim Add. Fol. 3 test 2,435_a56d4_default.jpg,435_a56d4_default,italian_7,italian 7,7461.865093255416,0.6472602739726028,0.2116734392316217,622.0,gt,datasets/oppaddfol3test2/gt/435_a56d4_default.txt,analysis_results/full_run_20260613/predictions/oppaddfol3test2/italian_7__435_a56d4_default.xml,2759,2554
oppaddfol3test2,Oppenheim Add. Fol. 3 test 2,435_a56d4_default.jpg,435_a56d4_default,prenumeranten,prenumeranten,7569.428811350372,0.9811643835616438,0.5973402290358331,1660.0,gt,datasets/oppaddfol3test2/gt/435_a56d4_default.txt,analysis_results/full_run_20260613/predictions/oppaddfol3test2/prenumeranten__435_a56d4_default.xml,2759,2057
oppaddfol3test2,Oppenheim Add. Fol. 3 test 2,435_a56d4_default.jpg,435_a56d4_default,sephardi,sephardi,7368.745882997289,0.678082191780822,0.20945696342814923,623.0,gt,datasets/oppaddfol3test2/gt/435_a56d4_default.txt,analysis_results/full_run_20260613/predictions/oppaddfol3test2/sephardi__435_a56d4_default.xml,2759,2574
oppaddfol3test2,Oppenheim Add. Fol. 3 test 2,435_a56d4_default.jpg,435_a56d4_default,sinai_no_voc_61,sinai no voc 61,7452.284225821495,0.928082191780822,0.38825267824159587,1098.0,gt,datasets/oppaddfol3test2/gt/435_a56d4_default.txt,analysis_results/full_run_20260613/predictions/oppaddfol3test2/sinai_no_voc_61__435_a56d4_default.xml,2759,2156
oppaddfol3test2,Oppenheim Add. Fol. 3 test 2,435_a56d4_default.jpg,435_a56d4_default,vat44,vat44,8039.5875313431025,0.9246575342465754,0.3697820465459919,1047.0,gt,datasets/oppaddfol3test2/gt/435_a56d4_default.txt,analysis_results/full_run_20260613/predictions/oppaddfol3test2/vat44__435_a56d4_default.xml,2759,2193
oppaddfol3test2,Oppenheim Add. Fol. 3 test 2,436_324b3_default.jpg,436_324b3_default,ashkenazy,ashkenazy,99999.0,0.647239263803681,0.20345423143350605,645.0,gt,datasets/oppaddfol3test2/gt/436_324b3_default.txt,analysis_results/full_run_20260613/predictions/oppaddfol3test2/ashkenazy__436_324b3_default.xml,2956,2699
oppaddfol3test2,Oppenheim Add. Fol. 3 test 2,436_324b3_default.jpg,436_324b3_default,biblia9,biblia9,99999.0,0.9401840490797546,0.4514680483592401,1357.0,gt,datasets/oppaddfol3test2/gt/436_324b3_default.txt,analysis_results/full_run_20260613/predictions/oppaddfol3test2/biblia9__436_324b3_default.xml,2956,2349
oppaddfol3test2,Oppenheim Add. Fol. 3 test 2,436_324b3_default.jpg,436_324b3_default,italian_7,italian 7,99999.0,0.5659509202453987,0.16234887737478412,525.0,gt,datasets/oppaddfol3test2/gt/436_324b3_default.txt,analysis_results/full_run_20260613/predictions/oppaddfol3test2/italian_7__436_324b3_default.xml,2956,2736
oppaddfol3test2,Oppenheim Add. Fol. 3 test 2,436_324b3_default.jpg,436_324b3_default,prenumeranten,prenumeranten,99999.0,0.9815950920245399,0.6027633851468048,1797.0,gt,datasets/oppaddfol3test2/gt/436_324b3_default.txt,analysis_results/full_run_20260613/predictions/oppaddfol3test2/prenumeranten__436_324b3_default.xml,2956,2207
oppaddfol3test2,Oppenheim Add. Fol. 3 test 2,436_324b3_default.jpg,436_324b3_default,sephardi,sephardi,99999.0,0.5552147239263804,0.1692573402417962,562.0,gt,datasets/oppaddfol3test2/gt/436_324b3_default.txt,analysis_results/full_run_20260613/predictions/oppaddfol3test2/sephardi__436_324b3_default.xml,2956,2719
oppaddfol3test2,Oppenheim Add. Fol. 3 test 2,436_324b3_default.jpg,436_324b3_default,sinai_no_voc_61,sinai no voc 61,99999.0,0.8895705521472392,0.35129533678756475,1074.0,gt,datasets/oppaddfol3test2/gt/436_324b3_default.txt,analysis_results/full_run_20260613/predictions/oppaddfol3test2/sinai_no_voc_61__436_324b3_default.xml,2956,2343
oppaddfol3test2,Oppenheim Add. Fol. 3 test 2,436_324b3_default.jpg,436_324b3_default,vat44,vat44,99999.0,0.941717791411043,0.3464594127806563,1061.0,gt,datasets/oppaddfol3test2/gt/436_324b3_default.txt,analysis_results/full_run_20260613/predictions/oppaddfol3test2/vat44__436_324b3_default.xml,2956,2343
parma3122test2,Parma 3122 test 2,MsParm3122_F12284_0139.tif.jpg,MsParm3122_F12284_0139.tif,ashkenazy,ashkenazy,15335.95074628247,0.9913867355727821,0.7555674327454124,4251.0,gt,datasets/parma3122test2/gt/MsParm3122_F12284_0139.tif.txt,analysis_results/full_run_20260613/predictions/parma3122test2/ashkenazy__MsParm3122_F12284_0139.tif.xml,5641,5666
parma3122test2,Parma 3122 test 2,MsParm3122_F12284_0139.tif.jpg,MsParm3122_F12284_0139.tif,biblia9,biblia9,16049.497288280632,0.9913867355727821,0.7616247995724211,4282.0,gt,datasets/parma3122test2/gt/MsParm3122_F12284_0139.tif.txt,analysis_results/full_run_20260613/predictions/parma3122test2/biblia9__MsParm3122_F12284_0139.tif.xml,5641,5736
parma3122test2,Parma 3122 test 2,MsParm3122_F12284_0139.tif.jpg,MsParm3122_F12284_0139.tif,italian_7,italian 7,15803.295029538218,0.9991386735572783,0.7728487439871726,4344.0,gt,datasets/parma3122test2/gt/MsParm3122_F12284_0139.tif.txt,analysis_results/full_run_20260613/predictions/parma3122test2/italian_7__MsParm3122_F12284_0139.tif.xml,5641,5886
parma3122test2,Parma 3122 test 2,MsParm3122_F12284_0139.tif.jpg,MsParm3122_F12284_0139.tif,prenumeranten,prenumeranten,18804.865097687813,0.9948320413436692,0.75877427400677,4294.0,gt,datasets/parma3122test2/gt/MsParm3122_F12284_0139.tif.txt,analysis_results/full_run_20260613/predictions/parma3122test2/prenumeranten__MsParm3122_F12284_0139.tif.xml,5641,5704
parma3122test2,Parma 3122 test 2,MsParm3122_F12284_0139.tif.jpg,MsParm3122_F12284_0139.tif,sephardi,sephardi,14740.562777555268,0.9974160206718347,0.7646534829859255,4293.0,gt,datasets/parma3122test2/gt/MsParm3122_F12284_0139.tif.txt,analysis_results/full_run_20260613/predictions/parma3122test2/sephardi__MsParm3122_F12284_0139.tif.xml,5641,5778
parma3122test2,Parma 3122 test 2,MsParm3122_F12284_0139.tif.jpg,MsParm3122_F12284_0139.tif,sinai_no_voc_61,sinai no voc 61,16552.988991546445,0.9939707149009475,0.7744521646178514,4356.0,gt,datasets/parma3122test2/gt/MsParm3122_F12284_0139.tif.txt,analysis_results/full_run_20260613/predictions/parma3122test2/sinai_no_voc_61__MsParm3122_F12284_0139.tif.xml,5641,5916
parma3122test2,Parma 3122 test 2,MsParm3122_F12284_0139.tif.jpg,MsParm3122_F12284_0139.tif,vat44,vat44,15809.790672330186,0.983634797588286,0.7514698022447889,4232.0,gt,datasets/parma3122test2/gt/MsParm3122_F12284_0139.tif.txt,analysis_results/full_run_20260613/predictions/parma3122test2/vat44__MsParm3122_F12284_0139.tif.xml,5641,5494
parma3122test2,Parma 3122 test 2,MsParm3122_F12284_0140.tif.jpg,MsParm3122_F12284_0140.tif,ashkenazy,ashkenazy,16345.74266960207,0.9910496338486574,0.7631624978135386,4373.0,gt,datasets/parma3122test2/gt/MsParm3122_F12284_0140.tif.txt,analysis_results/full_run_20260613/predictions/parma3122test2/ashkenazy__MsParm3122_F12284_0140.tif.xml,5743,5960
parma3122test2,Parma 3122 test 2,MsParm3122_F12284_0140.tif.jpg,MsParm3122_F12284_0140.tif,biblia9,biblia9,17001.409173411783,0.9861676159479251,0.770509008221095,4410.0,gt,datasets/parma3122test2/gt/MsParm3122_F12284_0140.tif.txt,analysis_results/full_run_20260613/predictions/parma3122test2/biblia9__MsParm3122_F12284_0140.tif.xml,5743,5927
parma3122test2,Parma 3122 test 2,MsParm3122_F12284_0140.tif.jpg,MsParm3122_F12284_0140.tif,italian_7,italian 7,16488.561083454755,0.9959316517493898,0.7790799370299107,4449.0,gt,datasets/parma3122test2/gt/MsParm3122_F12284_0140.tif.txt,analysis_results/full_run_20260613/predictions/parma3122test2/italian_7__MsParm3122_F12284_0140.tif.xml,5743,6111
parma3122test2,Parma 3122 test 2,MsParm3122_F12284_0140.tif.jpg,MsParm3122_F12284_0140.tif,prenumeranten,prenumeranten,19401.27265113918,0.9943043124491456,0.7775056847997202,4461.0,gt,datasets/parma3122test2/gt/MsParm3122_F12284_0140.tif.txt,analysis_results/full_run_20260613/predictions/parma3122test2/prenumeranten__MsParm3122_F12284_0140.tif.xml,5743,5941
parma3122test2,Parma 3122 test 2,MsParm3122_F12284_0140.tif.jpg,MsParm3122_F12284_0140.tif,sephardi,sephardi,15520.092728426185,0.9975589910496339,0.7715585097078888,4412.0,gt,datasets/parma3122test2/gt/MsParm3122_F12284_0140.tif.txt,analysis_results/full_run_20260613/predictions/parma3122test2/sephardi__MsParm3122_F12284_0140.tif.xml,5743,6030
parma3122test2,Parma 3122 test 2,MsParm3122_F12284_0140.tif.jpg,MsParm3122_F12284_0140.tif,sinai_no_voc_61,sinai no voc 61,17333.23973691382,0.9934906427990235,0.7850271121217421,4494.0,gt,datasets/parma3122test2/gt/MsParm3122_F12284_0140.tif.txt,analysis_results/full_run_20260613/predictions/parma3122test2/sinai_no_voc_61__MsParm3122_F12284_0140.tif.xml,5743,6157
parma3122test2,Parma 3122 test 2,MsParm3122_F12284_0140.tif.jpg,MsParm3122_F12284_0140.tif,vat44,vat44,16290.070785704069,0.9788445890968267,0.7453209725380444,4273.0,gt,datasets/parma3122test2/gt/MsParm3122_F12284_0140.tif.txt,analysis_results/full_run_20260613/predictions/parma3122test2/vat44__MsParm3122_F12284_0140.tif.xml,5743,5599
printeditionmantoue1544,Print edition Mantoue 1544,Mantoue1544_-006.png,Mantoue1544_-006,ashkenazy,ashkenazy,99999.0,0.9778142974527527,0.7379950928846828,4217.0,gt,datasets/printeditionmantoue1544/gt/Mantoue1544_-006.txt,analysis_results/full_run_20260613/predictions/printeditionmantoue1544/ashkenazy__Mantoue1544_-006.xml,5721,5610
printeditionmantoue1544,Print edition Mantoue 1544,Mantoue1544_-006.png,Mantoue1544_-006,biblia9,biblia9,99999.0,0.9737058340180772,0.7500876270592359,4289.0,gt,datasets/printeditionmantoue1544/gt/Mantoue1544_-006.txt,analysis_results/full_run_20260613/predictions/printeditionmantoue1544/biblia9__Mantoue1544_-006.xml,5721,5600
printeditionmantoue1544,Print edition Mantoue 1544,Mantoue1544_-006.png,Mantoue1544_-006,italian_7,italian 7,99999.0,0.9720624486442071,0.7406239046617595,4234.0,gt,datasets/printeditionmantoue1544/gt/Mantoue1544_-006.txt,analysis_results/full_run_20260613/predictions/printeditionmantoue1544/italian_7__Mantoue1544_-006.xml,5721,5678
printeditionmantoue1544,Print edition Mantoue 1544,Mantoue1544_-006.png,Mantoue1544_-006,prenumeranten,prenumeranten,99999.0,0.9794576828266228,0.736242551699965,4213.0,gt,datasets/printeditionmantoue1544/gt/Mantoue1544_-006.txt,analysis_results/full_run_20260613/predictions/printeditionmantoue1544/prenumeranten__Mantoue1544_-006.xml,5721,5277
printeditionmantoue1544,Print edition Mantoue 1544,Mantoue1544_-006.png,Mantoue1544_-006,sephardi,sephardi,99999.0,0.9556285949055053,0.7381703470031545,4218.0,gt,datasets/printeditionmantoue1544/gt/Mantoue1544_-006.txt,analysis_results/full_run_20260613/predictions/printeditionmantoue1544/sephardi__Mantoue1544_-006.xml,5721,5679
printeditionmantoue1544,Print edition Mantoue 1544,Mantoue1544_-006.png,Mantoue1544_-006,sinai_no_voc_61,sinai no voc 61,99999.0,0.9687756778964667,0.7336137399228881,4201.0,gt,datasets/printeditionmantoue1544/gt/Mantoue1544_-006.txt,analysis_results/full_run_20260613/predictions/printeditionmantoue1544/sinai_no_voc_61__Mantoue1544_-006.xml,5721,5526
printeditionmantoue1544,Print edition Mantoue 1544,Mantoue1544_-006.png,Mantoue1544_-006,vat44,vat44,105014.51928437594,0.9778142974527527,0.7485103399929899,4278.0,gt,datasets/printeditionmantoue1544/gt/Mantoue1544_-006.txt,analysis_results/full_run_20260613/predictions/printeditionmantoue1544/vat44__Mantoue1544_-006.xml,5721,5451
seferhaikarimbnf740experimen,Sefer Haikarim BNF 740 experiment,PNX_MANUSCRIPTS990001118700205171-1_IE51029089_FL51030812.jpg,PNX_MANUSCRIPTS990001118700205171-1_IE51029089_FL51030812,ashkenazy,ashkenazy,4735.030038945377,0.4257142857142857,0.12013165112452003,223.0,gt,datasets/seferhaikarimbnf740experimen/gt/PNX_MANUSCRIPTS990001118700205171-1_IE51029089_FL51030812.txt,analysis_results/full_run_20260613/predictions/seferhaikarimbnf740experimen/ashkenazy__PNX_MANUSCRIPTS990001118700205171-1_IE51029089_FL51030812.xml,1822,1771
seferhaikarimbnf740experimen,Sefer Haikarim BNF 740 experiment,PNX_MANUSCRIPTS990001118700205171-1_IE51029089_FL51030812.jpg,PNX_MANUSCRIPTS990001118700205171-1_IE51029089_FL51030812,biblia9,biblia9,5451.222968712449,0.6857142857142857,0.21119034558420186,391.0,gt,datasets/seferhaikarimbnf740experimen/gt/PNX_MANUSCRIPTS990001118700205171-1_IE51029089_FL51030812.txt,analysis_results/full_run_20260613/predictions/seferhaikarimbnf740experimen/biblia9__PNX_MANUSCRIPTS990001118700205171-1_IE51029089_FL51030812.xml,1822,1745
seferhaikarimbnf740experimen,Sefer Haikarim BNF 740 experiment,PNX_MANUSCRIPTS990001118700205171-1_IE51029089_FL51030812.jpg,PNX_MANUSCRIPTS990001118700205171-1_IE51029089_FL51030812,italian_7,italian 7,4650.959902421106,0.24,0.06582556226001098,120.0,gt,datasets/seferhaikarimbnf740experimen/gt/PNX_MANUSCRIPTS990001118700205171-1_IE51029089_FL51030812.txt,analysis_results/full_run_20260613/predictions/seferhaikarimbnf740experimen/italian_7__PNX_MANUSCRIPTS990001118700205171-1_IE51029089_FL51030812.xml,1822,1798
seferhaikarimbnf740experimen,Sefer Haikarim BNF 740 experiment,PNX_MANUSCRIPTS990001118700205171-1_IE51029089_FL51030812.jpg,PNX_MANUSCRIPTS990001118700205171-1_IE51029089_FL51030812,prenumeranten,prenumeranten,6052.412311967928,0.9828571428571429,0.6215030170049369,1151.0,gt,datasets/seferhaikarimbnf740experimen/gt/PNX_MANUSCRIPTS990001118700205171-1_IE51029089_FL51030812.txt,analysis_results/full_run_20260613/predictions/seferhaikarimbnf740experimen/prenumeranten__PNX_MANUSCRIPTS990001118700205171-1_IE51029089_FL51030812.xml,1822,1652
seferhaikarimbnf740experimen,Sefer Haikarim BNF 740 experiment,PNX_MANUSCRIPTS990001118700205171-1_IE51029089_FL51030812.jpg,PNX_MANUSCRIPTS990001118700205171-1_IE51029089_FL51030812,sephardi,sephardi,4576.786027546041,0.48,0.13000548546352167,241.0,gt,datasets/seferhaikarimbnf740experimen/gt/PNX_MANUSCRIPTS990001118700205171-1_IE51029089_FL51030812.txt,analysis_results/full_run_20260613/predictions/seferhaikarimbnf740experimen/sephardi__PNX_MANUSCRIPTS990001118700205171-1_IE51029089_FL51030812.xml,1822,1764
seferhaikarimbnf740experimen,Sefer Haikarim BNF 740 experiment,PNX_MANUSCRIPTS990001118700205171-1_IE51029089_FL51030812.jpg,PNX_MANUSCRIPTS990001118700205171-1_IE51029089_FL51030812,sinai_no_voc_61,sinai no voc 61,5443.496830940247,0.8285714285714286,0.31705979155238617,577.0,gt,datasets/seferhaikarimbnf740experimen/gt/PNX_MANUSCRIPTS990001118700205171-1_IE51029089_FL51030812.txt,analysis_results/full_run_20260613/predictions/seferhaikarimbnf740experimen/sinai_no_voc_61__PNX_MANUSCRIPTS990001118700205171-1_IE51029089_FL51030812.xml,1822,1637
seferhaikarimbnf740experimen,Sefer Haikarim BNF 740 experiment,PNX_MANUSCRIPTS990001118700205171-1_IE51029089_FL51030812.jpg,PNX_MANUSCRIPTS990001118700205171-1_IE51029089_FL51030812,vat44,vat44,5344.658327683806,0.6514285714285715,0.18650575973669775,343.0,gt,datasets/seferhaikarimbnf740experimen/gt/PNX_MANUSCRIPTS990001118700205171-1_IE51029089_FL51030812.txt,analysis_results/full_run_20260613/predictions/seferhaikarimbnf740experimen/vat44__PNX_MANUSCRIPTS990001118700205171-1_IE51029089_FL51030812.xml,1822,1711
seferhaikarimbnf740experimen,Sefer Haikarim BNF 740 experiment,PNX_MANUSCRIPTS990001118700205171-1_IE51029089_FL51030815.jpg,PNX_MANUSCRIPTS990001118700205171-1_IE51029089_FL51030815,ashkenazy,ashkenazy,4980.00567972241,0.5396341463414634,0.147953216374269,255.0,gt,datasets/seferhaikarimbnf740experimen/gt/PNX_MANUSCRIPTS990001118700205171-1_IE51029089_FL51030815.txt,analysis_results/full_run_20260613/predictions/seferhaikarimbnf740experimen/ashkenazy__PNX_MANUSCRIPTS990001118700205171-1_IE51029089_FL51030815.xml,1711,1695
seferhaikarimbnf740experimen,Sefer Haikarim BNF 740 experiment,PNX_MANUSCRIPTS990001118700205171-1_IE51029089_FL51030815.jpg,PNX_MANUSCRIPTS990001118700205171-1_IE51029089_FL51030815,biblia9,biblia9,5189.594018861651,0.6920731707317073,0.21637426900584794,370.0,gt,datasets/seferhaikarimbnf740experimen/gt/PNX_MANUSCRIPTS990001118700205171-1_IE51029089_FL51030815.txt,analysis_results/full_run_20260613/predictions/seferhaikarimbnf740experimen/biblia9__PNX_MANUSCRIPTS990001118700205171-1_IE51029089_FL51030815.xml,1711,1663
seferhaikarimbnf740experimen,Sefer Haikarim BNF 740 experiment,PNX_MANUSCRIPTS990001118700205171-1_IE51029089_FL51030815.jpg,PNX_MANUSCRIPTS990001118700205171-1_IE51029089_FL51030815,italian_7,italian 7,4874.082509083906,0.25609756097560976,0.07426900584795322,127.0,gt,datasets/seferhaikarimbnf740experimen/gt/PNX_MANUSCRIPTS990001118700205171-1_IE51029089_FL51030815.txt,analysis_results/full_run_20260613/predictions/seferhaikarimbnf740experimen/italian_7__PNX_MANUSCRIPTS990001118700205171-1_IE51029089_FL51030815.xml,1711,1714
seferhaikarimbnf740experimen,Sefer Haikarim BNF 740 experiment,PNX_MANUSCRIPTS990001118700205171-1_IE51029089_FL51030815.jpg,PNX_MANUSCRIPTS990001118700205171-1_IE51029089_FL51030815,prenumeranten,prenumeranten,6235.725956559181,0.9969512195121951,0.6497076023391812,1129.0,gt,datasets/seferhaikarimbnf740experimen/gt/PNX_MANUSCRIPTS990001118700205171-1_IE51029089_FL51030815.txt,analysis_results/full_run_20260613/predictions/seferhaikarimbnf740experimen/prenumeranten__PNX_MANUSCRIPTS990001118700205171-1_IE51029089_FL51030815.xml,1711,1680
seferhaikarimbnf740experimen,Sefer Haikarim BNF 740 experiment,PNX_MANUSCRIPTS990001118700205171-1_IE51029089_FL51030815.jpg,PNX_MANUSCRIPTS990001118700205171-1_IE51029089_FL51030815,sephardi,sephardi,4769.203353084391,0.5701219512195121,0.16257309941520467,283.0,gt,datasets/seferhaikarimbnf740experimen/gt/PNX_MANUSCRIPTS990001118700205171-1_IE51029089_FL51030815.txt,analysis_results/full_run_20260613/predictions/seferhaikarimbnf740experimen/sephardi__PNX_MANUSCRIPTS990001118700205171-1_IE51029089_FL51030815.xml,1711,1665
seferhaikarimbnf740experimen,Sefer Haikarim BNF 740 experiment,PNX_MANUSCRIPTS990001118700205171-1_IE51029089_FL51030815.jpg,PNX_MANUSCRIPTS990001118700205171-1_IE51029089_FL51030815,sinai_no_voc_61,sinai no voc 61,5244.130397379398,0.8414634146341463,0.3391812865497076,582.0,gt,datasets/seferhaikarimbnf740experimen/gt/PNX_MANUSCRIPTS990001118700205171-1_IE51029089_FL51030815.txt,analysis_results/full_run_20260613/predictions/seferhaikarimbnf740experimen/sinai_no_voc_61__PNX_MANUSCRIPTS990001118700205171-1_IE51029089_FL51030815.xml,1711,1545
seferhaikarimbnf740experimen,Sefer Haikarim BNF 740 experiment,PNX_MANUSCRIPTS990001118700205171-1_IE51029089_FL51030815.jpg,PNX_MANUSCRIPTS990001118700205171-1_IE51029089_FL51030815,vat44,vat44,5378.573357935529,0.7439024390243902,0.21169590643274855,362.0,gt,datasets/seferhaikarimbnf740experimen/gt/PNX_MANUSCRIPTS990001118700205171-1_IE51029089_FL51030815.txt,analysis_results/full_run_20260613/predictions/seferhaikarimbnf740experimen/vat44__PNX_MANUSCRIPTS990001118700205171-1_IE51029089_FL51030815.xml,1711,1626
vat44,Vat 44,114_53763_default.jpg,114_53763_default,ashkenazy,ashkenazy,,,,,gt,datasets/vat44/gt/114_53763_default.txt,,0,0
vat44,Vat 44,114_53763_default.jpg,114_53763_default,biblia9,biblia9,,,,,gt,datasets/vat44/gt/114_53763_default.txt,,0,0
vat44,Vat 44,114_53763_default.jpg,114_53763_default,italian_7,italian 7,,,,,gt,datasets/vat44/gt/114_53763_default.txt,,0,0
vat44,Vat 44,114_53763_default.jpg,114_53763_default,prenumeranten,prenumeranten,,,,,gt,datasets/vat44/gt/114_53763_default.txt,,0,0
vat44,Vat 44,114_53763_default.jpg,114_53763_default,sephardi,sephardi,,,,,gt,datasets/vat44/gt/114_53763_default.txt,,0,0
vat44,Vat 44,114_53763_default.jpg,114_53763_default,sinai_no_voc_61,sinai no voc 61,,,,,gt,datasets/vat44/gt/114_53763_default.txt,,0,0
vat44,Vat 44,114_53763_default.jpg,114_53763_default,vat44,vat44,,,,,gt,datasets/vat44/gt/114_53763_default.txt,,0,0
vat44,Vat 44,115_65184_default.jpg,115_65184_default,ashkenazy,ashkenazy,,,,,gt,datasets/vat44/gt/115_65184_default.txt,,0,0
vat44,Vat 44,115_65184_default.jpg,115_65184_default,biblia9,biblia9,,,,,gt,datasets/vat44/gt/115_65184_default.txt,,0,0
vat44,Vat 44,115_65184_default.jpg,115_65184_default,italian_7,italian 7,,,,,gt,datasets/vat44/gt/115_65184_default.txt,,0,0
vat44,Vat 44,115_65184_default.jpg,115_65184_default,prenumeranten,prenumeranten,,,,,gt,datasets/vat44/gt/115_65184_default.txt,,0,0
vat44,Vat 44,115_65184_default.jpg,115_65184_default,sephardi,sephardi,,,,,gt,datasets/vat44/gt/115_65184_default.txt,,0,0
vat44,Vat 44,115_65184_default.jpg,115_65184_default,sinai_no_voc_61,sinai no voc 61,,,,,gt,datasets/vat44/gt/115_65184_default.txt,,0,0
vat44,Vat 44,115_65184_default.jpg,115_65184_default,vat44,vat44,,,,,gt,datasets/vat44/gt/115_65184_default.txt,,0,0
vat44,Vat 44,116_9e7c3_default.jpg,116_9e7c3_default,ashkenazy,ashkenazy,,,,,gt,datasets/vat44/gt/116_9e7c3_default.txt,,0,0
vat44,Vat 44,116_9e7c3_default.jpg,116_9e7c3_default,biblia9,biblia9,,,,,gt,datasets/vat44/gt/116_9e7c3_default.txt,,0,0
vat44,Vat 44,116_9e7c3_default.jpg,116_9e7c3_default,italian_7,italian 7,,,,,gt,datasets/vat44/gt/116_9e7c3_default.txt,,0,0
vat44,Vat 44,116_9e7c3_default.jpg,116_9e7c3_default,prenumeranten,prenumeranten,,,,,gt,datasets/vat44/gt/116_9e7c3_default.txt,,0,0
vat44,Vat 44,116_9e7c3_default.jpg,116_9e7c3_default,sephardi,sephardi,,,,,gt,datasets/vat44/gt/116_9e7c3_default.txt,,0,0
vat44,Vat 44,116_9e7c3_default.jpg,116_9e7c3_default,sinai_no_voc_61,sinai no voc 61,,,,,gt,datasets/vat44/gt/116_9e7c3_default.txt,,0,0
vat44,Vat 44,116_9e7c3_default.jpg,116_9e7c3_default,vat44,vat44,,,,,gt,datasets/vat44/gt/116_9e7c3_default.txt,,0,0
vat44,Vat 44,117_78067_default.jpg,117_78067_default,ashkenazy,ashkenazy,,,,,gt,datasets/vat44/gt/117_78067_default.txt,,0,0
vat44,Vat 44,117_78067_default.jpg,117_78067_default,biblia9,biblia9,,,,,gt,datasets/vat44/gt/117_78067_default.txt,,0,0
vat44,Vat 44,117_78067_default.jpg,117_78067_default,italian_7,italian 7,,,,,gt,datasets/vat44/gt/117_78067_default.txt,,0,0
vat44,Vat 44,117_78067_default.jpg,117_78067_default,prenumeranten,prenumeranten,,,,,gt,datasets/vat44/gt/117_78067_default.txt,,0,0
vat44,Vat 44,117_78067_default.jpg,117_78067_default,sephardi,sephardi,,,,,gt,datasets/vat44/gt/117_78067_default.txt,,0,0
vat44,Vat 44,117_78067_default.jpg,117_78067_default,sinai_no_voc_61,sinai no voc 61,,,,,gt,datasets/vat44/gt/117_78067_default.txt,,0,0
vat44,Vat 44,117_78067_default.jpg,117_78067_default,vat44,vat44,,,,,gt,datasets/vat44/gt/117_78067_default.txt,,0,0
vat44,Vat 44,118_c3980_default.jpg,118_c3980_default,ashkenazy,ashkenazy,,,,,gt,datasets/vat44/gt/118_c3980_default.txt,,0,0
vat44,Vat 44,118_c3980_default.jpg,118_c3980_default,biblia9,biblia9,,,,,gt,datasets/vat44/gt/118_c3980_default.txt,,0,0
vat44,Vat 44,118_c3980_default.jpg,118_c3980_default,italian_7,italian 7,,,,,gt,datasets/vat44/gt/118_c3980_default.txt,,0,0
vat44,Vat 44,118_c3980_default.jpg,118_c3980_default,prenumeranten,prenumeranten,,,,,gt,datasets/vat44/gt/118_c3980_default.txt,,0,0
vat44,Vat 44,118_c3980_default.jpg,118_c3980_default,sephardi,sephardi,,,,,gt,datasets/vat44/gt/118_c3980_default.txt,,0,0
vat44,Vat 44,118_c3980_default.jpg,118_c3980_default,sinai_no_voc_61,sinai no voc 61,,,,,gt,datasets/vat44/gt/118_c3980_default.txt,,0,0
vat44,Vat 44,118_c3980_default.jpg,118_c3980_default,vat44,vat44,,,,,gt,datasets/vat44/gt/118_c3980_default.txt,,0,0
vat44,Vat 44,119_e539f_default.jpg,119_e539f_default,ashkenazy,ashkenazy,,,,,gt,datasets/vat44/gt/119_e539f_default.txt,,0,0
vat44,Vat 44,119_e539f_default.jpg,119_e539f_default,biblia9,biblia9,,,,,gt,datasets/vat44/gt/119_e539f_default.txt,,0,0
vat44,Vat 44,119_e539f_default.jpg,119_e539f_default,italian_7,italian 7,,,,,gt,datasets/vat44/gt/119_e539f_default.txt,,0,0
vat44,Vat 44,119_e539f_default.jpg,119_e539f_default,prenumeranten,prenumeranten,,,,,gt,datasets/vat44/gt/119_e539f_default.txt,,0,0
vat44,Vat 44,119_e539f_default.jpg,119_e539f_default,sephardi,sephardi,,,,,gt,datasets/vat44/gt/119_e539f_default.txt,,0,0
vat44,Vat 44,119_e539f_default.jpg,119_e539f_default,sinai_no_voc_61,sinai no voc 61,,,,,gt,datasets/vat44/gt/119_e539f_default.txt,,0,0
vat44,Vat 44,119_e539f_default.jpg,119_e539f_default,vat44,vat44,,,,,gt,datasets/vat44/gt/119_e539f_default.txt,,0,0
vat44,Vat 44,11_1074c_default.jpg,11_1074c_default,ashkenazy,ashkenazy,,,,,gt,datasets/vat44/gt/11_1074c_default.txt,,0,0
vat44,Vat 44,11_1074c_default.jpg,11_1074c_default,biblia9,biblia9,,,,,gt,datasets/vat44/gt/11_1074c_default.txt,,0,0
vat44,Vat 44,11_1074c_default.jpg,11_1074c_default,italian_7,italian 7,,,,,gt,datasets/vat44/gt/11_1074c_default.txt,,0,0
vat44,Vat 44,11_1074c_default.jpg,11_1074c_default,prenumeranten,prenumeranten,,,,,gt,datasets/vat44/gt/11_1074c_default.txt,,0,0
vat44,Vat 44,11_1074c_default.jpg,11_1074c_default,sephardi,sephardi,,,,,gt,datasets/vat44/gt/11_1074c_default.txt,,0,0
vat44,Vat 44,11_1074c_default.jpg,11_1074c_default,sinai_no_voc_61,sinai no voc 61,,,,,gt,datasets/vat44/gt/11_1074c_default.txt,,0,0
vat44,Vat 44,11_1074c_default.jpg,11_1074c_default,vat44,vat44,,,,,gt,datasets/vat44/gt/11_1074c_default.txt,,0,0
vat44,Vat 44,120_c9c80_default.jpg,120_c9c80_default,ashkenazy,ashkenazy,,,,,gt,datasets/vat44/gt/120_c9c80_default.txt,,0,0
vat44,Vat 44,120_c9c80_default.jpg,120_c9c80_default,biblia9,biblia9,,,,,gt,datasets/vat44/gt/120_c9c80_default.txt,,0,0
vat44,Vat 44,120_c9c80_default.jpg,120_c9c80_default,italian_7,italian 7,,,,,gt,datasets/vat44/gt/120_c9c80_default.txt,,0,0
vat44,Vat 44,120_c9c80_default.jpg,120_c9c80_default,prenumeranten,prenumeranten,,,,,gt,datasets/vat44/gt/120_c9c80_default.txt,,0,0
vat44,Vat 44,120_c9c80_default.jpg,120_c9c80_default,sephardi,sephardi,,,,,gt,datasets/vat44/gt/120_c9c80_default.txt,,0,0
vat44,Vat 44,120_c9c80_default.jpg,120_c9c80_default,sinai_no_voc_61,sinai no voc 61,,,,,gt,datasets/vat44/gt/120_c9c80_default.txt,,0,0
vat44,Vat 44,120_c9c80_default.jpg,120_c9c80_default,vat44,vat44,,,,,gt,datasets/vat44/gt/120_c9c80_default.txt,,0,0
vat44,Vat 44,121_fc4b5_default.jpg,121_fc4b5_default,ashkenazy,ashkenazy,,,,,gt,datasets/vat44/gt/121_fc4b5_default.txt,,0,0
vat44,Vat 44,121_fc4b5_default.jpg,121_fc4b5_default,biblia9,biblia9,,,,,gt,datasets/vat44/gt/121_fc4b5_default.txt,,0,0
vat44,Vat 44,121_fc4b5_default.jpg,121_fc4b5_default,italian_7,italian 7,,,,,gt,datasets/vat44/gt/121_fc4b5_default.txt,,0,0
vat44,Vat 44,121_fc4b5_default.jpg,121_fc4b5_default,prenumeranten,prenumeranten,,,,,gt,datasets/vat44/gt/121_fc4b5_default.txt,,0,0
vat44,Vat 44,121_fc4b5_default.jpg,121_fc4b5_default,sephardi,sephardi,,,,,gt,datasets/vat44/gt/121_fc4b5_default.txt,,0,0
vat44,Vat 44,121_fc4b5_default.jpg,121_fc4b5_default,sinai_no_voc_61,sinai no voc 61,,,,,gt,datasets/vat44/gt/121_fc4b5_default.txt,,0,0
vat44,Vat 44,121_fc4b5_default.jpg,121_fc4b5_default,vat44,vat44,,,,,gt,datasets/vat44/gt/121_fc4b5_default.txt,,0,0
vat44,Vat 44,16_26f8e_default.jpg,16_26f8e_default,ashkenazy,ashkenazy,,,,,gt,datasets/vat44/gt/16_26f8e_default.txt,,0,0
vat44,Vat 44,16_26f8e_default.jpg,16_26f8e_default,biblia9,biblia9,,,,,gt,datasets/vat44/gt/16_26f8e_default.txt,,0,0
vat44,Vat 44,16_26f8e_default.jpg,16_26f8e_default,italian_7,italian 7,,,,,gt,datasets/vat44/gt/16_26f8e_default.txt,,0,0
vat44,Vat 44,16_26f8e_default.jpg,16_26f8e_default,prenumeranten,prenumeranten,,,,,gt,datasets/vat44/gt/16_26f8e_default.txt,,0,0
vat44,Vat 44,16_26f8e_default.jpg,16_26f8e_default,sephardi,sephardi,,,,,gt,datasets/vat44/gt/16_26f8e_default.txt,,0,0
vat44,Vat 44,16_26f8e_default.jpg,16_26f8e_default,sinai_no_voc_61,sinai no voc 61,,,,,gt,datasets/vat44/gt/16_26f8e_default.txt,,0,0
vat44,Vat 44,16_26f8e_default.jpg,16_26f8e_default,vat44,vat44,,,,,gt,datasets/vat44/gt/16_26f8e_default.txt,,0,0
vat44,Vat 44,6_254f4_default.jpg,6_254f4_default,ashkenazy,ashkenazy,,,,,gt,datasets/vat44/gt/6_254f4_default.txt,,0,0
vat44,Vat 44,6_254f4_default.jpg,6_254f4_default,biblia9,biblia9,,,,,gt,datasets/vat44/gt/6_254f4_default.txt,,0,0
vat44,Vat 44,6_254f4_default.jpg,6_254f4_default,italian_7,italian 7,,,,,gt,datasets/vat44/gt/6_254f4_default.txt,,0,0
vat44,Vat 44,6_254f4_default.jpg,6_254f4_default,prenumeranten,prenumeranten,,,,,gt,datasets/vat44/gt/6_254f4_default.txt,,0,0
vat44,Vat 44,6_254f4_default.jpg,6_254f4_default,sephardi,sephardi,,,,,gt,datasets/vat44/gt/6_254f4_default.txt,,0,0
vat44,Vat 44,6_254f4_default.jpg,6_254f4_default,sinai_no_voc_61,sinai no voc 61,,,,,gt,datasets/vat44/gt/6_254f4_default.txt,,0,0
vat44,Vat 44,6_254f4_default.jpg,6_254f4_default,vat44,vat44,,,,,gt,datasets/vat44/gt/6_254f4_default.txt,,0,0
vat44,Vat 44,9_04b5d_default.jpg,9_04b5d_default,ashkenazy,ashkenazy,99999.0,0.6898550724637681,0.32158590308370044,509.0,gt,datasets/vat44/gt/9_04b5d_default.txt,analysis_results/full_run_20260613/predictions/vat44/ashkenazy__9_04b5d_default.xml,1588,1348
vat44,Vat 44,9_04b5d_default.jpg,9_04b5d_default,biblia9,biblia9,99999.0,0.7768115942028986,0.34235368156073004,557.0,gt,datasets/vat44/gt/9_04b5d_default.txt,analysis_results/full_run_20260613/predictions/vat44/biblia9__9_04b5d_default.xml,1588,1671
vat44,Vat 44,9_04b5d_default.jpg,9_04b5d_default,italian_7,italian 7,99999.0,0.6231884057971014,0.25739458779106356,410.0,gt,datasets/vat44/gt/9_04b5d_default.txt,analysis_results/full_run_20260613/predictions/vat44/italian_7__9_04b5d_default.xml,1588,1712
vat44,Vat 44,9_04b5d_default.jpg,9_04b5d_default,prenumeranten,prenumeranten,99999.0,0.9826086956521739,0.6702328508495909,1065.0,gt,datasets/vat44/gt/9_04b5d_default.txt,analysis_results/full_run_20260613/predictions/vat44/prenumeranten__9_04b5d_default.xml,1588,1192
vat44,Vat 44,9_04b5d_default.jpg,9_04b5d_default,sephardi,sephardi,99999.0,0.4985507246376812,0.17747010698552548,281.0,gt,datasets/vat44/gt/9_04b5d_default.txt,analysis_results/full_run_20260613/predictions/vat44/sephardi__9_04b5d_default.xml,1588,1634
vat44,Vat 44,9_04b5d_default.jpg,9_04b5d_default,sinai_no_voc_61,sinai no voc 61,99999.0,0.7710144927536232,0.3536815607300189,560.0,gt,datasets/vat44/gt/9_04b5d_default.txt,analysis_results/full_run_20260613/predictions/vat44/sinai_no_voc_61__9_04b5d_default.xml,1588,1668
vat44,Vat 44,9_04b5d_default.jpg,9_04b5d_default,vat44,vat44,99999.0,0.7478260869565218,0.3146633102580239,512.0,gt,datasets/vat44/gt/9_04b5d_default.txt,analysis_results/full_run_20260613/predictions/vat44/vat44__9_04b5d_default.xml,1588,1601
vatebr34,Vat Ebr 34,10_de21e_default.jpg,10_de21e_default,ashkenazy,ashkenazy,,,,,gt,datasets/vatebr34/gt/10_de21e_default.txt,,0,0
vatebr34,Vat Ebr 34,10_de21e_default.jpg,10_de21e_default,biblia9,biblia9,,,,,gt,datasets/vatebr34/gt/10_de21e_default.txt,,0,0
vatebr34,Vat Ebr 34,10_de21e_default.jpg,10_de21e_default,italian_7,italian 7,,,,,gt,datasets/vatebr34/gt/10_de21e_default.txt,,0,0
vatebr34,Vat Ebr 34,10_de21e_default.jpg,10_de21e_default,prenumeranten,prenumeranten,,,,,gt,datasets/vatebr34/gt/10_de21e_default.txt,,0,0
vatebr34,Vat Ebr 34,10_de21e_default.jpg,10_de21e_default,sephardi,sephardi,,,,,gt,datasets/vatebr34/gt/10_de21e_default.txt,,0,0
vatebr34,Vat Ebr 34,10_de21e_default.jpg,10_de21e_default,sinai_no_voc_61,sinai no voc 61,,,,,gt,datasets/vatebr34/gt/10_de21e_default.txt,,0,0
vatebr34,Vat Ebr 34,10_de21e_default.jpg,10_de21e_default,vat44,vat44,,,,,gt,datasets/vatebr34/gt/10_de21e_default.txt,,0,0
vatebr34,Vat Ebr 34,13_a79f9_default.jpg,13_a79f9_default,ashkenazy,ashkenazy,5538.9837662610225,1.0,0.7604924454392837,1350.0,gt,datasets/vatebr34/gt/13_a79f9_default.txt,analysis_results/full_run_20260613/predictions/vatebr34/ashkenazy__13_a79f9_default.xml,1770,1790
vatebr34,Vat Ebr 34,13_a79f9_default.jpg,13_a79f9_default,biblia9,biblia9,6636.963296808302,0.9946808510638298,0.7711247901510913,1373.0,gt,datasets/vatebr34/gt/13_a79f9_default.txt,analysis_results/full_run_20260613/predictions/vatebr34/biblia9__13_a79f9_default.xml,1770,1814
vatebr34,Vat Ebr 34,13_a79f9_default.jpg,13_a79f9_default,italian_7,italian 7,5507.927075970918,1.0,0.7560156687185227,1343.0,gt,datasets/vatebr34/gt/13_a79f9_default.txt,analysis_results/full_run_20260613/predictions/vatebr34/italian_7__13_a79f9_default.xml,1770,1776
vatebr34,Vat Ebr 34,13_a79f9_default.jpg,13_a79f9_default,prenumeranten,prenumeranten,7411.300431659329,0.9920212765957447,0.8226077224398433,1479.0,gt,datasets/vatebr34/gt/13_a79f9_default.txt,analysis_results/full_run_20260613/predictions/vatebr34/prenumeranten__13_a79f9_default.xml,1770,1979
vatebr34,Vat Ebr 34,13_a79f9_default.jpg,13_a79f9_default,sephardi,sephardi,6030.896427094936,1.0053191489361701,0.7711247901510913,1362.0,gt,datasets/vatebr34/gt/13_a79f9_default.txt,analysis_results/full_run_20260613/predictions/vatebr34/sephardi__13_a79f9_default.xml,1770,1819
vatebr34,Vat Ebr 34,13_a79f9_default.jpg,13_a79f9_default,sinai_no_voc_61,sinai no voc 61,6445.119962352095,0.9920212765957447,0.7655288192501399,1367.0,gt,datasets/vatebr34/gt/13_a79f9_default.txt,analysis_results/full_run_20260613/predictions/vatebr34/sinai_no_voc_61__13_a79f9_default.xml,1770,1804
vatebr34,Vat Ebr 34,13_a79f9_default.jpg,13_a79f9_default,vat44,vat44,6453.862200066447,0.9867021276595744,0.7644096250699496,1359.0,gt,datasets/vatebr34/gt/13_a79f9_default.txt,analysis_results/full_run_20260613/predictions/vatebr34/vat44__13_a79f9_default.xml,1770,1775
vatebr34,Vat Ebr 34,61_8fd1f_default.jpg,61_8fd1f_default,ashkenazy,ashkenazy,5457.299369439832,0.9899497487437185,0.7534549474847982,1349.0,gt,datasets/vatebr34/gt/61_8fd1f_default.txt,analysis_results/full_run_20260613/predictions/vatebr34/ashkenazy__61_8fd1f_default.xml,1797,1790
vatebr34,Vat Ebr 34,61_8fd1f_default.jpg,61_8fd1f_default,biblia9,biblia9,7472.170280657709,0.9974874371859297,0.7761194029850746,1401.0,gt,datasets/vatebr34/gt/61_8fd1f_default.txt,analysis_results/full_run_20260613/predictions/vatebr34/biblia9__61_8fd1f_default.xml,1797,1892
vatebr34,Vat Ebr 34,61_8fd1f_default.jpg,61_8fd1f_default,italian_7,italian 7,5408.165862658265,0.9874371859296482,0.7545605306799337,1355.0,gt,datasets/vatebr34/gt/61_8fd1f_default.txt,analysis_results/full_run_20260613/predictions/vatebr34/italian_7__61_8fd1f_default.xml,1797,1794
vatebr34,Vat Ebr 34,61_8fd1f_default.jpg,61_8fd1f_default,prenumeranten,prenumeranten,7983.277955223806,0.992462311557789,0.8336097291321172,1523.0,gt,datasets/vatebr34/gt/61_8fd1f_default.txt,analysis_results/full_run_20260613/predictions/vatebr34/prenumeranten__61_8fd1f_default.xml,1797,2100
vatebr34,Vat Ebr 34,61_8fd1f_default.jpg,61_8fd1f_default,sephardi,sephardi,6505.182931936346,0.992462311557789,0.7628524046434494,1360.0,gt,datasets/vatebr34/gt/61_8fd1f_default.txt,analysis_results/full_run_20260613/predictions/vatebr34/sephardi__61_8fd1f_default.xml,1797,1811
vatebr34,Vat Ebr 34,61_8fd1f_default.jpg,61_8fd1f_default,sinai_no_voc_61,sinai no voc 61,6587.290128301829,0.9974874371859297,0.7628524046434494,1377.0,gt,datasets/vatebr34/gt/61_8fd1f_default.txt,analysis_results/full_run_20260613/predictions/vatebr34/sinai_no_voc_61__61_8fd1f_default.xml,1797,1817
vatebr34,Vat Ebr 34,61_8fd1f_default.jpg,61_8fd1f_default,vat44,vat44,7198.402656979859,0.9824120603015075,0.7783305693753455,1405.0,gt,datasets/vatebr34/gt/61_8fd1f_default.txt,analysis_results/full_run_20260613/predictions/vatebr34/vat44__61_8fd1f_default.xml,1797,1881
vatebr34,Vat Ebr 34,63_00fcb_default.jpg,63_00fcb_default,ashkenazy,ashkenazy,5389.595765498132,0.9800498753117207,0.75,1363.0,gt,datasets/vatebr34/gt/63_00fcb_default.txt,analysis_results/full_run_20260613/predictions/vatebr34/ashkenazy__63_00fcb_default.xml,1826,1812
vatebr34,Vat Ebr 34,63_00fcb_default.jpg,63_00fcb_default,biblia9,biblia9,7658.785486936569,0.9925187032418953,0.7868763557483731,1451.0,gt,datasets/vatebr34/gt/63_00fcb_default.txt,analysis_results/full_run_20260613/predictions/vatebr34/biblia9__63_00fcb_default.xml,1826,1941
vatebr34,Vat Ebr 34,63_00fcb_default.jpg,63_00fcb_default,italian_7,italian 7,5215.342383716721,0.9850374064837906,0.7516268980477223,1371.0,gt,datasets/vatebr34/gt/63_00fcb_default.txt,analysis_results/full_run_20260613/predictions/vatebr34/italian_7__63_00fcb_default.xml,1826,1825
vatebr34,Vat Ebr 34,63_00fcb_default.jpg,63_00fcb_default,prenumeranten,prenumeranten,8109.777028117009,0.9950124688279302,0.838937093275488,1563.0,gt,datasets/vatebr34/gt/63_00fcb_default.txt,analysis_results/full_run_20260613/predictions/vatebr34/prenumeranten__63_00fcb_default.xml,1826,2134
vatebr34,Vat Ebr 34,63_00fcb_default.jpg,63_00fcb_default,sephardi,sephardi,6784.161345800385,0.9850374064837906,0.764642082429501,1383.0,gt,datasets/vatebr34/gt/63_00fcb_default.txt,analysis_results/full_run_20260613/predictions/vatebr34/sephardi__63_00fcb_default.xml,1826,1852
vatebr34,Vat Ebr 34,63_00fcb_default.jpg,63_00fcb_default,sinai_no_voc_61,sinai no voc 61,6855.832013306004,0.9875311720698254,0.7581344902386117,1395.0,gt,datasets/vatebr34/gt/63_00fcb_default.txt,analysis_results/full_run_20260613/predictions/vatebr34/sinai_no_voc_61__63_00fcb_default.xml,1826,1847
vatebr34,Vat Ebr 34,63_00fcb_default.jpg,63_00fcb_default,vat44,vat44,7693.489039838314,0.9750623441396509,0.7765726681127982,1435.0,gt,datasets/vatebr34/gt/63_00fcb_default.txt,analysis_results/full_run_20260613/predictions/vatebr34/vat44__63_00fcb_default.xml,1826,1932
vatebr34,Vat Ebr 34,7_fdcd1_default.jpg,7_fdcd1_default,ashkenazy,ashkenazy,6709.361067568883,0.9882903981264637,0.7382307294361097,1420.0,gt,datasets/vatebr34/gt/7_fdcd1_default.txt,analysis_results/full_run_20260613/predictions/vatebr34/ashkenazy__7_fdcd1_default.xml,1928,1930
vatebr34,Vat Ebr 34,7_fdcd1_default.jpg,7_fdcd1_default,biblia9,biblia9,7258.671524435282,0.9953161592505855,0.7542679772374548,1461.0,gt,datasets/vatebr34/gt/7_fdcd1_default.txt,analysis_results/full_run_20260613/predictions/vatebr34/biblia9__7_fdcd1_default.xml,1928,1985
vatebr34,Vat Ebr 34,7_fdcd1_default.jpg,7_fdcd1_default,italian_7,italian 7,6332.984524270869,1.0,0.7408173823072943,1431.0,gt,datasets/vatebr34/gt/7_fdcd1_default.txt,analysis_results/full_run_20260613/predictions/vatebr34/italian_7__7_fdcd1_default.xml,1928,1949
vatebr34,Vat Ebr 34,7_fdcd1_default.jpg,7_fdcd1_default,prenumeranten,prenumeranten,7835.996995682319,0.990632318501171,0.8241076047594413,1602.0,gt,datasets/vatebr34/gt/7_fdcd1_default.txt,analysis_results/full_run_20260613/predictions/vatebr34/prenumeranten__7_fdcd1_default.xml,1928,2243
vatebr34,Vat Ebr 34,7_fdcd1_default.jpg,7_fdcd1_default,sephardi,sephardi,6734.44546700269,0.9953161592505855,0.7568546301086394,1448.0,gt,datasets/vatebr34/gt/7_fdcd1_default.txt,analysis_results/full_run_20260613/predictions/vatebr34/sephardi__7_fdcd1_default.xml,1928,1965
vatebr34,Vat Ebr 34,7_fdcd1_default.jpg,7_fdcd1_default,sinai_no_voc_61,sinai no voc 61,6867.21732393415,0.9812646370023419,0.7434040351784791,1438.0,gt,datasets/vatebr34/gt/7_fdcd1_default.txt,analysis_results/full_run_20260613/predictions/vatebr34/sinai_no_voc_61__7_fdcd1_default.xml,1928,1928
vatebr34,Vat Ebr 34,7_fdcd1_default.jpg,7_fdcd1_default,vat44,vat44,6965.350251734257,0.9812646370023419,0.7532333160889808,1457.0,gt,datasets/vatebr34/gt/7_fdcd1_default.txt,analysis_results/full_run_20260613/predictions/vatebr34/vat44__7_fdcd1_default.xml,1928,1937
vatebr34,Vat Ebr 34,99_05b89_default.jpg,99_05b89_default,ashkenazy,ashkenazy,6177.73485557735,0.9926470588235294,0.7603121516164995,1352.0,gt,datasets/vatebr34/gt/99_05b89_default.txt,analysis_results/full_run_20260613/predictions/vatebr34/ashkenazy__99_05b89_default.xml,1786,1805
vatebr34,Vat Ebr 34,99_05b89_default.jpg,99_05b89_default,biblia9,biblia9,7466.4140726150945,0.9950980392156863,0.7909698996655519,1418.0,gt,datasets/vatebr34/gt/99_05b89_default.txt,analysis_results/full_run_20260613/predictions/vatebr34/biblia9__99_05b89_default.xml,1786,1920
vatebr34,Vat Ebr 34,99_05b89_default.jpg,99_05b89_default,italian_7,italian 7,5578.846526550013,0.9950980392156863,0.7508361204013378,1342.0,gt,datasets/vatebr34/gt/99_05b89_default.txt,analysis_results/full_run_20260613/predictions/vatebr34/italian_7__99_05b89_default.xml,1786,1790
vatebr34,Vat Ebr 34,99_05b89_default.jpg,99_05b89_default,prenumeranten,prenumeranten,8094.133788627922,0.9975490196078431,0.8361204013377926,1518.0,gt,datasets/vatebr34/gt/99_05b89_default.txt,analysis_results/full_run_20260613/predictions/vatebr34/prenumeranten__99_05b89_default.xml,1786,2098
vatebr34,Vat Ebr 34,99_05b89_default.jpg,99_05b89_default,sephardi,sephardi,6838.9298053029925,0.9950980392156863,0.7675585284280937,1365.0,gt,datasets/vatebr34/gt/99_05b89_default.txt,analysis_results/full_run_20260613/predictions/vatebr34/sephardi__99_05b89_default.xml,1786,1822
vatebr34,Vat Ebr 34,99_05b89_default.jpg,99_05b89_default,sinai_no_voc_61,sinai no voc 61,6994.614754624665,0.9950980392156863,0.7681159420289855,1378.0,gt,datasets/vatebr34/gt/99_05b89_default.txt,analysis_results/full_run_20260613/predictions/vatebr34/sinai_no_voc_61__99_05b89_default.xml,1786,1847
vatebr34,Vat Ebr 34,99_05b89_default.jpg,99_05b89_default,vat44,vat44,7517.97029325366,0.9852941176470589,0.782608695652174,1403.0,gt,datasets/vatebr34/gt/99_05b89_default.txt,analysis_results/full_run_20260613/predictions/vatebr34/vat44__99_05b89_default.xml,1786,1911
vatebr34,Vat Ebr 34,9_492ab_default.jpg,9_492ab_default,ashkenazy,ashkenazy,5736.228979140287,0.995085995085995,0.7556728232189973,1418.0,gt,datasets/vatebr34/gt/9_492ab_default.txt,analysis_results/full_run_20260613/predictions/vatebr34/ashkenazy__9_492ab_default.xml,1881,1892
vatebr34,Vat Ebr 34,9_492ab_default.jpg,9_492ab_default,biblia9,biblia9,7108.386306852102,0.9926289926289926,0.770976253298153,1458.0,gt,datasets/vatebr34/gt/9_492ab_default.txt,analysis_results/full_run_20260613/predictions/vatebr34/biblia9__9_492ab_default.xml,1881,1946
vatebr34,Vat Ebr 34,9_492ab_default.jpg,9_492ab_default,italian_7,italian 7,5486.086361322203,0.9975429975429976,0.7509234828496042,1412.0,gt,datasets/vatebr34/gt/9_492ab_default.txt,analysis_results/full_run_20260613/predictions/vatebr34/italian_7__9_492ab_default.xml,1881,1880
vatebr34,Vat Ebr 34,9_492ab_default.jpg,9_492ab_default,prenumeranten,prenumeranten,7639.406611009734,0.9975429975429976,0.8200527704485489,1560.0,gt,datasets/vatebr34/gt/9_492ab_default.txt,analysis_results/full_run_20260613/predictions/vatebr34/prenumeranten__9_492ab_default.xml,1881,2124
vatebr34,Vat Ebr 34,9_492ab_default.jpg,9_492ab_default,sephardi,sephardi,6457.876665320073,1.0171990171990173,0.7672823218997361,1440.0,gt,datasets/vatebr34/gt/9_492ab_default.txt,analysis_results/full_run_20260613/predictions/vatebr34/sephardi__9_492ab_default.xml,1881,1933
vatebr34,Vat Ebr 34,9_492ab_default.jpg,9_492ab_default,sinai_no_voc_61,sinai no voc 61,6557.98794777412,0.9901719901719902,0.7567282321899736,1430.0,gt,datasets/vatebr34/gt/9_492ab_default.txt,analysis_results/full_run_20260613/predictions/vatebr34/sinai_no_voc_61__9_492ab_default.xml,1881,1918
vatebr34,Vat Ebr 34,9_492ab_default.jpg,9_492ab_default,vat44,vat44,7081.165623426437,0.9877149877149877,0.7662269129287599,1443.0,gt,datasets/vatebr34/gt/9_492ab_default.txt,analysis_results/full_run_20260613/predictions/vatebr34/vat44__9_492ab_default.xml,1881,1892
vatican34midrashtanchu,Vatican 34 Midrash Tanchuma,106_34e13_default.jpg,106_34e13_default,ashkenazy,ashkenazy,5854.330010909587,0.9902200488997555,0.7469234884965222,1405.0,gt,datasets/vatican34midrashtanchu/gt/106_34e13_default.txt,analysis_results/full_run_20260613/predictions/vatican34midrashtanchu/ashkenazy__106_34e13_default.xml,1907,1835
vatican34midrashtanchu,Vatican 34 Midrash Tanchuma,106_34e13_default.jpg,106_34e13_default,biblia9,biblia9,7192.925552411936,0.9902200488997555,0.763509898341359,1442.0,gt,datasets/vatican34midrashtanchu/gt/106_34e13_default.txt,analysis_results/full_run_20260613/predictions/vatican34midrashtanchu/biblia9__106_34e13_default.xml,1907,1904
vatican34midrashtanchu,Vatican 34 Midrash Tanchuma,106_34e13_default.jpg,106_34e13_default,italian_7,italian 7,5580.516246873885,0.9902200488997555,0.7453183520599251,1404.0,gt,datasets/vatican34midrashtanchu/gt/106_34e13_default.txt,analysis_results/full_run_20260613/predictions/vatican34midrashtanchu/italian_7__106_34e13_default.xml,1907,1838
vatican34midrashtanchu,Vatican 34 Midrash Tanchuma,106_34e13_default.jpg,106_34e13_default,prenumeranten,prenumeranten,8354.945826747338,0.9926650366748166,0.8261102193686464,1572.0,gt,datasets/vatican34midrashtanchu/gt/106_34e13_default.txt,analysis_results/full_run_20260613/predictions/vatican34midrashtanchu/prenumeranten__106_34e13_default.xml,1907,2152
vatican34midrashtanchu,Vatican 34 Midrash Tanchuma,106_34e13_default.jpg,106_34e13_default,sephardi,sephardi,6553.314474083483,0.9902200488997555,0.7549491706795077,1417.0,gt,datasets/vatican34midrashtanchu/gt/106_34e13_default.txt,analysis_results/full_run_20260613/predictions/vatican34midrashtanchu/sephardi__106_34e13_default.xml,1907,1872
vatican34midrashtanchu,Vatican 34 Midrash Tanchuma,106_34e13_default.jpg,106_34e13_default,sinai_no_voc_61,sinai no voc 61,6719.710716187954,0.9853300733496333,0.7586944890315677,1434.0,gt,datasets/vatican34midrashtanchu/gt/106_34e13_default.txt,analysis_results/full_run_20260613/predictions/vatican34midrashtanchu/sinai_no_voc_61__106_34e13_default.xml,1907,1911
vatican34midrashtanchu,Vatican 34 Midrash Tanchuma,106_34e13_default.jpg,106_34e13_default,vat44,vat44,7084.032506935298,0.9877750611246944,0.7592295345104334,1434.0,gt,datasets/vatican34midrashtanchu/gt/106_34e13_default.txt,analysis_results/full_run_20260613/predictions/vatican34midrashtanchu/vat44__106_34e13_default.xml,1907,1884
vatican34midrashtanchu,Vatican 34 Midrash Tanchuma,407_d9adf_default.jpg,407_d9adf_default,ashkenazy,ashkenazy,6353.730498213321,0.989821882951654,0.7612833061446438,1402.0,gt,datasets/vatican34midrashtanchu/gt/407_d9adf_default.txt,analysis_results/full_run_20260613/predictions/vatican34midrashtanchu/ashkenazy__407_d9adf_default.xml,1859,1838
vatican34midrashtanchu,Vatican 34 Midrash Tanchuma,407_d9adf_default.jpg,407_d9adf_default,biblia9,biblia9,7584.4264288544655,0.9923664122137404,0.7917346383904296,1465.0,gt,datasets/vatican34midrashtanchu/gt/407_d9adf_default.txt,analysis_results/full_run_20260613/predictions/vatican34midrashtanchu/biblia9__407_d9adf_default.xml,1859,1942
vatican34midrashtanchu,Vatican 34 Midrash Tanchuma,407_d9adf_default.jpg,407_d9adf_default,italian_7,italian 7,5453.764480528887,0.9821882951653944,0.7574768896139206,1396.0,gt,datasets/vatican34midrashtanchu/gt/407_d9adf_default.txt,analysis_results/full_run_20260613/predictions/vatican34midrashtanchu/italian_7__407_d9adf_default.xml,1859,1821
vatican34midrashtanchu,Vatican 34 Midrash Tanchuma,407_d9adf_default.jpg,407_d9adf_default,prenumeranten,prenumeranten,8507.57257592678,0.9974554707379135,0.831973898858075,1567.0,gt,datasets/vatican34midrashtanchu/gt/407_d9adf_default.txt,analysis_results/full_run_20260613/predictions/vatican34midrashtanchu/prenumeranten__407_d9adf_default.xml,1859,2145
vatican34midrashtanchu,Vatican 34 Midrash Tanchuma,407_d9adf_default.jpg,407_d9adf_default,sephardi,sephardi,6585.718389146496,0.989821882951654,0.7705274605764002,1418.0,gt,datasets/vatican34midrashtanchu/gt/407_d9adf_default.txt,analysis_results/full_run_20260613/predictions/vatican34midrashtanchu/sephardi__407_d9adf_default.xml,1859,1844
vatican34midrashtanchu,Vatican 34 Midrash Tanchuma,407_d9adf_default.jpg,407_d9adf_default,sinai_no_voc_61,sinai no voc 61,6519.410028871149,0.989821882951654,0.7618270799347472,1406.0,gt,datasets/vatican34midrashtanchu/gt/407_d9adf_default.txt,analysis_results/full_run_20260613/predictions/vatican34midrashtanchu/sinai_no_voc_61__407_d9adf_default.xml,1859,1825
vatican34midrashtanchu,Vatican 34 Midrash Tanchuma,407_d9adf_default.jpg,407_d9adf_default,vat44,vat44,7342.596014142036,0.9872773536895675,0.7770527460576401,1432.0,gt,datasets/vatican34midrashtanchu/gt/407_d9adf_default.txt,analysis_results/full_run_20260613/predictions/vatican34midrashtanchu/vat44__407_d9adf_default.xml,1859,1877
vatican44amitaimidrashtanchu,Vatican 44 Amitai Midrash Tanchuma,172_41b9b_default.jpg,172_41b9b_default,ashkenazy,ashkenazy,,,,,gt,datasets/vatican44amitaimidrashtanchu/gt/172_41b9b_default.txt,,0,0
vatican44amitaimidrashtanchu,Vatican 44 Amitai Midrash Tanchuma,172_41b9b_default.jpg,172_41b9b_default,biblia9,biblia9,,,,,gt,datasets/vatican44amitaimidrashtanchu/gt/172_41b9b_default.txt,,0,0
vatican44amitaimidrashtanchu,Vatican 44 Amitai Midrash Tanchuma,172_41b9b_default.jpg,172_41b9b_default,italian_7,italian 7,,,,,gt,datasets/vatican44amitaimidrashtanchu/gt/172_41b9b_default.txt,,0,0
vatican44amitaimidrashtanchu,Vatican 44 Amitai Midrash Tanchuma,172_41b9b_default.jpg,172_41b9b_default,prenumeranten,prenumeranten,,,,,gt,datasets/vatican44amitaimidrashtanchu/gt/172_41b9b_default.txt,,0,0
vatican44amitaimidrashtanchu,Vatican 44 Amitai Midrash Tanchuma,172_41b9b_default.jpg,172_41b9b_default,sephardi,sephardi,,,,,gt,datasets/vatican44amitaimidrashtanchu/gt/172_41b9b_default.txt,,0,0
vatican44amitaimidrashtanchu,Vatican 44 Amitai Midrash Tanchuma,172_41b9b_default.jpg,172_41b9b_default,sinai_no_voc_61,sinai no voc 61,,,,,gt,datasets/vatican44amitaimidrashtanchu/gt/172_41b9b_default.txt,,0,0
vatican44amitaimidrashtanchu,Vatican 44 Amitai Midrash Tanchuma,172_41b9b_default.jpg,172_41b9b_default,vat44,vat44,,,,,gt,datasets/vatican44amitaimidrashtanchu/gt/172_41b9b_default.txt,,0,0
vatican44amitaimidrashtanchu,Vatican 44 Amitai Midrash Tanchuma,217_39817_default.jpg,217_39817_default,ashkenazy,ashkenazy,3409.071992788231,0.3592233009708738,0.09785522788203753,146.0,gt,datasets/vatican44amitaimidrashtanchu/gt/217_39817_default.txt,analysis_results/full_run_20260613/predictions/vatican44amitaimidrashtanchu/ashkenazy__217_39817_default.xml,1491,1465
vatican44amitaimidrashtanchu,Vatican 44 Amitai Midrash Tanchuma,217_39817_default.jpg,217_39817_default,biblia9,biblia9,2050.9132993523344,0.016181229773462782,0.004021447721179625,7.0,gt,datasets/vatican44amitaimidrashtanchu/gt/217_39817_default.txt,analysis_results/full_run_20260613/predictions/vatican44amitaimidrashtanchu/biblia9__217_39817_default.xml,1491,1487
vatican44amitaimidrashtanchu,Vatican 44 Amitai Midrash Tanchuma,217_39817_default.jpg,217_39817_default,italian_7,italian 7,3264.327036325616,0.32362459546925565,0.08176943699731903,121.0,gt,datasets/vatican44amitaimidrashtanchu/gt/217_39817_default.txt,analysis_results/full_run_20260613/predictions/vatican44amitaimidrashtanchu/italian_7__217_39817_default.xml,1491,1493
vatican44amitaimidrashtanchu,Vatican 44 Amitai Midrash Tanchuma,217_39817_default.jpg,217_39817_default,prenumeranten,prenumeranten,5377.673624439165,0.9967637540453075,0.564343163538874,861.0,gt,datasets/vatican44amitaimidrashtanchu/gt/217_39817_default.txt,analysis_results/full_run_20260613/predictions/vatican44amitaimidrashtanchu/prenumeranten__217_39817_default.xml,1491,1604
vatican44amitaimidrashtanchu,Vatican 44 Amitai Midrash Tanchuma,217_39817_default.jpg,217_39817_default,sephardi,sephardi,3299.004635360121,0.3333333333333333,0.08780160857908847,132.0,gt,datasets/vatican44amitaimidrashtanchu/gt/217_39817_default.txt,analysis_results/full_run_20260613/predictions/vatican44amitaimidrashtanchu/sephardi__217_39817_default.xml,1491,1491
vatican44amitaimidrashtanchu,Vatican 44 Amitai Midrash Tanchuma,217_39817_default.jpg,217_39817_default,sinai_no_voc_61,sinai no voc 61,3855.4853903681205,0.5825242718446602,0.225201072386059,334.0,gt,datasets/vatican44amitaimidrashtanchu/gt/217_39817_default.txt,analysis_results/full_run_20260613/predictions/vatican44amitaimidrashtanchu/sinai_no_voc_61__217_39817_default.xml,1491,1472
vatican44amitaimidrashtanchu,Vatican 44 Amitai Midrash Tanchuma,217_39817_default.jpg,217_39817_default,vat44,vat44,2817.6211433797835,0.3268608414239482,0.06769436997319035,100.0,gt,datasets/vatican44amitaimidrashtanchu/gt/217_39817_default.txt,analysis_results/full_run_20260613/predictions/vatican44amitaimidrashtanchu/vat44__217_39817_default.xml,1491,1438
vatican44amitaimidrashtanchu,Vatican 44 Amitai Midrash Tanchuma,275_1c93f_default.jpg,275_1c93f_default,ashkenazy,ashkenazy,,,,,gt,datasets/vatican44amitaimidrashtanchu/gt/275_1c93f_default.txt,,0,0
vatican44amitaimidrashtanchu,Vatican 44 Amitai Midrash Tanchuma,275_1c93f_default.jpg,275_1c93f_default,biblia9,biblia9,,,,,gt,datasets/vatican44amitaimidrashtanchu/gt/275_1c93f_default.txt,,0,0
vatican44amitaimidrashtanchu,Vatican 44 Amitai Midrash Tanchuma,275_1c93f_default.jpg,275_1c93f_default,italian_7,italian 7,,,,,gt,datasets/vatican44amitaimidrashtanchu/gt/275_1c93f_default.txt,,0,0
vatican44amitaimidrashtanchu,Vatican 44 Amitai Midrash Tanchuma,275_1c93f_default.jpg,275_1c93f_default,prenumeranten,prenumeranten,,,,,gt,datasets/vatican44amitaimidrashtanchu/gt/275_1c93f_default.txt,,0,0
vatican44amitaimidrashtanchu,Vatican 44 Amitai Midrash Tanchuma,275_1c93f_default.jpg,275_1c93f_default,sephardi,sephardi,,,,,gt,datasets/vatican44amitaimidrashtanchu/gt/275_1c93f_default.txt,,0,0
vatican44amitaimidrashtanchu,Vatican 44 Amitai Midrash Tanchuma,275_1c93f_default.jpg,275_1c93f_default,sinai_no_voc_61,sinai no voc 61,,,,,gt,datasets/vatican44amitaimidrashtanchu/gt/275_1c93f_default.txt,,0,0
vatican44amitaimidrashtanchu,Vatican 44 Amitai Midrash Tanchuma,275_1c93f_default.jpg,275_1c93f_default,vat44,vat44,,,,,gt,datasets/vatican44amitaimidrashtanchu/gt/275_1c93f_default.txt,,0,0
vatican44amitaimidrashtanchu,Vatican 44 Amitai Midrash Tanchuma,310_5d59d_default.jpg,310_5d59d_default,ashkenazy,ashkenazy,3893.873751367908,0.42771084337349397,0.10914634146341463,191.0,gt,datasets/vatican44amitaimidrashtanchu/gt/310_5d59d_default.txt,analysis_results/full_run_20260613/predictions/vatican44amitaimidrashtanchu/ashkenazy__310_5d59d_default.xml,1652,1599
vatican44amitaimidrashtanchu,Vatican 44 Amitai Midrash Tanchuma,310_5d59d_default.jpg,310_5d59d_default,biblia9,biblia9,2019.9480928287703,0.018072289156626505,0.004878048780487805,8.0,gt,datasets/vatican44amitaimidrashtanchu/gt/310_5d59d_default.txt,analysis_results/full_run_20260613/predictions/vatican44amitaimidrashtanchu/biblia9__310_5d59d_default.xml,1652,1645
vatican44amitaimidrashtanchu,Vatican 44 Amitai Midrash Tanchuma,310_5d59d_default.jpg,310_5d59d_default,italian_7,italian 7,3886.9057640849787,0.4367469879518072,0.10670731707317073,183.0,gt,datasets/vatican44amitaimidrashtanchu/gt/310_5d59d_default.txt,analysis_results/full_run_20260613/predictions/vatican44amitaimidrashtanchu/italian_7__310_5d59d_default.xml,1652,1643
vatican44amitaimidrashtanchu,Vatican 44 Amitai Midrash Tanchuma,310_5d59d_default.jpg,310_5d59d_default,prenumeranten,prenumeranten,5795.927416716469,1.0602409638554218,0.6042682926829268,1006.0,gt,datasets/vatican44amitaimidrashtanchu/gt/310_5d59d_default.txt,analysis_results/full_run_20260613/predictions/vatican44amitaimidrashtanchu/prenumeranten__310_5d59d_default.xml,1652,1673
vatican44amitaimidrashtanchu,Vatican 44 Amitai Midrash Tanchuma,310_5d59d_default.jpg,310_5d59d_default,sephardi,sephardi,3800.3456123722717,0.42771084337349397,0.09695121951219512,170.0,gt,datasets/vatican44amitaimidrashtanchu/gt/310_5d59d_default.txt,analysis_results/full_run_20260613/predictions/vatican44amitaimidrashtanchu/sephardi__310_5d59d_default.xml,1652,1641
vatican44amitaimidrashtanchu,Vatican 44 Amitai Midrash Tanchuma,310_5d59d_default.jpg,310_5d59d_default,sinai_no_voc_61,sinai no voc 61,4690.219441898633,0.6566265060240963,0.2304878048780488,391.0,gt,datasets/vatican44amitaimidrashtanchu/gt/310_5d59d_default.txt,analysis_results/full_run_20260613/predictions/vatican44amitaimidrashtanchu/sinai_no_voc_61__310_5d59d_default.xml,1652,1618
vatican44amitaimidrashtanchu,Vatican 44 Amitai Midrash Tanchuma,310_5d59d_default.jpg,310_5d59d_default,vat44,vat44,3071.9421029195946,0.286144578313253,0.07073170731707316,116.0,gt,datasets/vatican44amitaimidrashtanchu/gt/310_5d59d_default.txt,analysis_results/full_run_20260613/predictions/vatican44amitaimidrashtanchu/vat44__310_5d59d_default.xml,1652,1610
vatican44amitaimidrashtanchu,Vatican 44 Amitai Midrash Tanchuma,318_06e85_default.jpg,318_06e85_default,ashkenazy,ashkenazy,,,,,gt,datasets/vatican44amitaimidrashtanchu/gt/318_06e85_default.txt,,0,0
vatican44amitaimidrashtanchu,Vatican 44 Amitai Midrash Tanchuma,318_06e85_default.jpg,318_06e85_default,biblia9,biblia9,,,,,gt,datasets/vatican44amitaimidrashtanchu/gt/318_06e85_default.txt,,0,0
vatican44amitaimidrashtanchu,Vatican 44 Amitai Midrash Tanchuma,318_06e85_default.jpg,318_06e85_default,italian_7,italian 7,,,,,gt,datasets/vatican44amitaimidrashtanchu/gt/318_06e85_default.txt,,0,0
vatican44amitaimidrashtanchu,Vatican 44 Amitai Midrash Tanchuma,318_06e85_default.jpg,318_06e85_default,prenumeranten,prenumeranten,,,,,gt,datasets/vatican44amitaimidrashtanchu/gt/318_06e85_default.txt,,0,0
vatican44amitaimidrashtanchu,Vatican 44 Amitai Midrash Tanchuma,318_06e85_default.jpg,318_06e85_default,sephardi,sephardi,,,,,gt,datasets/vatican44amitaimidrashtanchu/gt/318_06e85_default.txt,,0,0
vatican44amitaimidrashtanchu,Vatican 44 Amitai Midrash Tanchuma,318_06e85_default.jpg,318_06e85_default,sinai_no_voc_61,sinai no voc 61,,,,,gt,datasets/vatican44amitaimidrashtanchu/gt/318_06e85_default.txt,,0,0
vatican44amitaimidrashtanchu,Vatican 44 Amitai Midrash Tanchuma,318_06e85_default.jpg,318_06e85_default,vat44,vat44,,,,,gt,datasets/vatican44amitaimidrashtanchu/gt/318_06e85_default.txt,,0,0
vatican44amitaimidrashtanchu,Vatican 44 Amitai Midrash Tanchuma,327_e2363_default.jpg,327_e2363_default,ashkenazy,ashkenazy,,,,,gt,datasets/vatican44amitaimidrashtanchu/gt/327_e2363_default.txt,,0,0
vatican44amitaimidrashtanchu,Vatican 44 Amitai Midrash Tanchuma,327_e2363_default.jpg,327_e2363_default,biblia9,biblia9,,,,,gt,datasets/vatican44amitaimidrashtanchu/gt/327_e2363_default.txt,,0,0
vatican44amitaimidrashtanchu,Vatican 44 Amitai Midrash Tanchuma,327_e2363_default.jpg,327_e2363_default,italian_7,italian 7,,,,,gt,datasets/vatican44amitaimidrashtanchu/gt/327_e2363_default.txt,,0,0
vatican44amitaimidrashtanchu,Vatican 44 Amitai Midrash Tanchuma,327_e2363_default.jpg,327_e2363_default,prenumeranten,prenumeranten,,,,,gt,datasets/vatican44amitaimidrashtanchu/gt/327_e2363_default.txt,,0,0
vatican44amitaimidrashtanchu,Vatican 44 Amitai Midrash Tanchuma,327_e2363_default.jpg,327_e2363_default,sephardi,sephardi,,,,,gt,datasets/vatican44amitaimidrashtanchu/gt/327_e2363_default.txt,,0,0
vatican44amitaimidrashtanchu,Vatican 44 Amitai Midrash Tanchuma,327_e2363_default.jpg,327_e2363_default,sinai_no_voc_61,sinai no voc 61,,,,,gt,datasets/vatican44amitaimidrashtanchu/gt/327_e2363_default.txt,,0,0
vatican44amitaimidrashtanchu,Vatican 44 Amitai Midrash Tanchuma,327_e2363_default.jpg,327_e2363_default,vat44,vat44,,,,,gt,datasets/vatican44amitaimidrashtanchu/gt/327_e2363_default.txt,,0,0
vatican44amitaimidrashtanchu,Vatican 44 Amitai Midrash Tanchuma,347_a171b_default.jpg,347_a171b_default,ashkenazy,ashkenazy,,,,,gt,datasets/vatican44amitaimidrashtanchu/gt/347_a171b_default.txt,,0,0
vatican44amitaimidrashtanchu,Vatican 44 Amitai Midrash Tanchuma,347_a171b_default.jpg,347_a171b_default,biblia9,biblia9,,,,,gt,datasets/vatican44amitaimidrashtanchu/gt/347_a171b_default.txt,,0,0
vatican44amitaimidrashtanchu,Vatican 44 Amitai Midrash Tanchuma,347_a171b_default.jpg,347_a171b_default,italian_7,italian 7,,,,,gt,datasets/vatican44amitaimidrashtanchu/gt/347_a171b_default.txt,,0,0
vatican44amitaimidrashtanchu,Vatican 44 Amitai Midrash Tanchuma,347_a171b_default.jpg,347_a171b_default,prenumeranten,prenumeranten,,,,,gt,datasets/vatican44amitaimidrashtanchu/gt/347_a171b_default.txt,,0,0
vatican44amitaimidrashtanchu,Vatican 44 Amitai Midrash Tanchuma,347_a171b_default.jpg,347_a171b_default,sephardi,sephardi,,,,,gt,datasets/vatican44amitaimidrashtanchu/gt/347_a171b_default.txt,,0,0
vatican44amitaimidrashtanchu,Vatican 44 Amitai Midrash Tanchuma,347_a171b_default.jpg,347_a171b_default,sinai_no_voc_61,sinai no voc 61,,,,,gt,datasets/vatican44amitaimidrashtanchu/gt/347_a171b_default.txt,,0,0
vatican44amitaimidrashtanchu,Vatican 44 Amitai Midrash Tanchuma,347_a171b_default.jpg,347_a171b_default,vat44,vat44,,,,,gt,datasets/vatican44amitaimidrashtanchu/gt/347_a171b_default.txt,,0,0
vatican44amitaimidrashtanchu,Vatican 44 Amitai Midrash Tanchuma,353_aeb97_default.jpg,353_aeb97_default,ashkenazy,ashkenazy,,,,,gt,datasets/vatican44amitaimidrashtanchu/gt/353_aeb97_default.txt,,0,0
vatican44amitaimidrashtanchu,Vatican 44 Amitai Midrash Tanchuma,353_aeb97_default.jpg,353_aeb97_default,biblia9,biblia9,,,,,gt,datasets/vatican44amitaimidrashtanchu/gt/353_aeb97_default.txt,,0,0
vatican44amitaimidrashtanchu,Vatican 44 Amitai Midrash Tanchuma,353_aeb97_default.jpg,353_aeb97_default,italian_7,italian 7,,,,,gt,datasets/vatican44amitaimidrashtanchu/gt/353_aeb97_default.txt,,0,0
vatican44amitaimidrashtanchu,Vatican 44 Amitai Midrash Tanchuma,353_aeb97_default.jpg,353_aeb97_default,prenumeranten,prenumeranten,,,,,gt,datasets/vatican44amitaimidrashtanchu/gt/353_aeb97_default.txt,,0,0
vatican44amitaimidrashtanchu,Vatican 44 Amitai Midrash Tanchuma,353_aeb97_default.jpg,353_aeb97_default,sephardi,sephardi,,,,,gt,datasets/vatican44amitaimidrashtanchu/gt/353_aeb97_default.txt,,0,0
vatican44amitaimidrashtanchu,Vatican 44 Amitai Midrash Tanchuma,353_aeb97_default.jpg,353_aeb97_default,sinai_no_voc_61,sinai no voc 61,,,,,gt,datasets/vatican44amitaimidrashtanchu/gt/353_aeb97_default.txt,,0,0
vatican44amitaimidrashtanchu,Vatican 44 Amitai Midrash Tanchuma,353_aeb97_default.jpg,353_aeb97_default,vat44,vat44,,,,,gt,datasets/vatican44amitaimidrashtanchu/gt/353_aeb97_default.txt,,0,0
vatican44amitaimidrashtanchu,Vatican 44 Amitai Midrash Tanchuma,36_459a6_default.jpg,36_459a6_default,ashkenazy,ashkenazy,,,,,gt,datasets/vatican44amitaimidrashtanchu/gt/36_459a6_default.txt,,0,0
vatican44amitaimidrashtanchu,Vatican 44 Amitai Midrash Tanchuma,36_459a6_default.jpg,36_459a6_default,biblia9,biblia9,,,,,gt,datasets/vatican44amitaimidrashtanchu/gt/36_459a6_default.txt,,0,0
vatican44amitaimidrashtanchu,Vatican 44 Amitai Midrash Tanchuma,36_459a6_default.jpg,36_459a6_default,italian_7,italian 7,,,,,gt,datasets/vatican44amitaimidrashtanchu/gt/36_459a6_default.txt,,0,0
vatican44amitaimidrashtanchu,Vatican 44 Amitai Midrash Tanchuma,36_459a6_default.jpg,36_459a6_default,prenumeranten,prenumeranten,,,,,gt,datasets/vatican44amitaimidrashtanchu/gt/36_459a6_default.txt,,0,0
vatican44amitaimidrashtanchu,Vatican 44 Amitai Midrash Tanchuma,36_459a6_default.jpg,36_459a6_default,sephardi,sephardi,,,,,gt,datasets/vatican44amitaimidrashtanchu/gt/36_459a6_default.txt,,0,0
vatican44amitaimidrashtanchu,Vatican 44 Amitai Midrash Tanchuma,36_459a6_default.jpg,36_459a6_default,sinai_no_voc_61,sinai no voc 61,,,,,gt,datasets/vatican44amitaimidrashtanchu/gt/36_459a6_default.txt,,0,0
vatican44amitaimidrashtanchu,Vatican 44 Amitai Midrash Tanchuma,36_459a6_default.jpg,36_459a6_default,vat44,vat44,,,,,gt,datasets/vatican44amitaimidrashtanchu/gt/36_459a6_default.txt,,0,0
vatican44amitaimidrashtanchu,Vatican 44 Amitai Midrash Tanchuma,56_753b6_default.jpg,56_753b6_default,ashkenazy,ashkenazy,,,,,gt,datasets/vatican44amitaimidrashtanchu/gt/56_753b6_default.txt,,0,0
vatican44amitaimidrashtanchu,Vatican 44 Amitai Midrash Tanchuma,56_753b6_default.jpg,56_753b6_default,biblia9,biblia9,,,,,gt,datasets/vatican44amitaimidrashtanchu/gt/56_753b6_default.txt,,0,0
vatican44amitaimidrashtanchu,Vatican 44 Amitai Midrash Tanchuma,56_753b6_default.jpg,56_753b6_default,italian_7,italian 7,,,,,gt,datasets/vatican44amitaimidrashtanchu/gt/56_753b6_default.txt,,0,0
vatican44amitaimidrashtanchu,Vatican 44 Amitai Midrash Tanchuma,56_753b6_default.jpg,56_753b6_default,prenumeranten,prenumeranten,,,,,gt,datasets/vatican44amitaimidrashtanchu/gt/56_753b6_default.txt,,0,0
vatican44amitaimidrashtanchu,Vatican 44 Amitai Midrash Tanchuma,56_753b6_default.jpg,56_753b6_default,sephardi,sephardi,,,,,gt,datasets/vatican44amitaimidrashtanchu/gt/56_753b6_default.txt,,0,0
vatican44amitaimidrashtanchu,Vatican 44 Amitai Midrash Tanchuma,56_753b6_default.jpg,56_753b6_default,sinai_no_voc_61,sinai no voc 61,,,,,gt,datasets/vatican44amitaimidrashtanchu/gt/56_753b6_default.txt,,0,0
vatican44amitaimidrashtanchu,Vatican 44 Amitai Midrash Tanchuma,56_753b6_default.jpg,56_753b6_default,vat44,vat44,,,,,gt,datasets/vatican44amitaimidrashtanchu/gt/56_753b6_default.txt,,0,0
vaybertaytshexperiment,Vayber Taytsh experiment,0029_FL138498464.jpg,0029_FL138498464,ashkenazy,ashkenazy,105831.2444241643,0.9245283018867925,0.3290155440414508,639.0,gt,datasets/vaybertaytshexperiment/gt/0029_FL138498464.txt,analysis_results/full_run_20260613/predictions/vaybertaytshexperiment/ashkenazy__0029_FL138498464.xml,1930,2046
vaybertaytshexperiment,Vayber Taytsh experiment,0029_FL138498464.jpg,0029_FL138498464,biblia9,biblia9,105970.42203551531,0.8787061994609164,0.33471502590673574,651.0,gt,datasets/vaybertaytshexperiment/gt/0029_FL138498464.txt,analysis_results/full_run_20260613/predictions/vaybertaytshexperiment/biblia9__0029_FL138498464.xml,1930,2080
vaybertaytshexperiment,Vayber Taytsh experiment,0029_FL138498464.jpg,0029_FL138498464,italian_7,italian 7,105544.72142674262,0.9191374663072777,0.29740932642487045,567.0,gt,datasets/vaybertaytshexperiment/gt/0029_FL138498464.txt,analysis_results/full_run_20260613/predictions/vaybertaytshexperiment/italian_7__0029_FL138498464.xml,1930,2100
vaybertaytshexperiment,Vayber Taytsh experiment,0029_FL138498464.jpg,0029_FL138498464,prenumeranten,prenumeranten,106128.01949444413,0.9110512129380054,0.38652849740932643,770.0,gt,datasets/vaybertaytshexperiment/gt/0029_FL138498464.txt,analysis_results/full_run_20260613/predictions/vaybertaytshexperiment/prenumeranten__0029_FL138498464.xml,1930,1891
vaybertaytshexperiment,Vayber Taytsh experiment,0029_FL138498464.jpg,0029_FL138498464,sephardi,sephardi,106102.21747640148,1.0404312668463611,0.3316062176165803,636.0,gt,datasets/vaybertaytshexperiment/gt/0029_FL138498464.txt,analysis_results/full_run_20260613/predictions/vaybertaytshexperiment/sephardi__0029_FL138498464.xml,1930,2169
vaybertaytshexperiment,Vayber Taytsh experiment,0029_FL138498464.jpg,0029_FL138498464,sinai_no_voc_61,sinai no voc 61,104751.77986413566,0.5283018867924528,0.15906735751295337,305.0,gt,datasets/vaybertaytshexperiment/gt/0029_FL138498464.txt,analysis_results/full_run_20260613/predictions/vaybertaytshexperiment/sinai_no_voc_61__0029_FL138498464.xml,1930,2022
vaybertaytshexperiment,Vayber Taytsh experiment,0029_FL138498464.jpg,0029_FL138498464,vat44,vat44,106524.84134728462,0.9110512129380054,0.4015544041450777,776.0,gt,datasets/vaybertaytshexperiment/gt/0029_FL138498464.txt,analysis_results/full_run_20260613/predictions/vaybertaytshexperiment/vat44__0029_FL138498464.xml,1930,1973
vaybertaytshexperiment,Vayber Taytsh experiment,0033_FL138498468.jpg,0033_FL138498468,ashkenazy,ashkenazy,100140.8580994606,0.8256130790190735,0.2547322877230936,464.0,gt,datasets/vaybertaytshexperiment/gt/0033_FL138498468.txt,analysis_results/full_run_20260613/predictions/vaybertaytshexperiment/ashkenazy__0033_FL138498468.xml,1847,1831
vaybertaytshexperiment,Vayber Taytsh experiment,0033_FL138498468.jpg,0033_FL138498468,biblia9,biblia9,105485.49823894724,0.784741144414169,0.26176311519740403,486.0,gt,datasets/vaybertaytshexperiment/gt/0033_FL138498468.txt,analysis_results/full_run_20260613/predictions/vaybertaytshexperiment/biblia9__0033_FL138498468.xml,1847,1868
vaybertaytshexperiment,Vayber Taytsh experiment,0033_FL138498468.jpg,0033_FL138498468,italian_7,italian 7,100145.1579670906,0.779291553133515,0.22174148188209844,397.0,gt,datasets/vaybertaytshexperiment/gt/0033_FL138498468.txt,analysis_results/full_run_20260613/predictions/vaybertaytshexperiment/italian_7__0033_FL138498468.xml,1847,1901
vaybertaytshexperiment,Vayber Taytsh experiment,0033_FL138498468.jpg,0033_FL138498468,prenumeranten,prenumeranten,100158.5567266941,0.896457765667575,0.35424553812871823,679.0,gt,datasets/vaybertaytshexperiment/gt/0033_FL138498468.txt,analysis_results/full_run_20260613/predictions/vaybertaytshexperiment/prenumeranten__0033_FL138498468.xml,1847,1745
vaybertaytshexperiment,Vayber Taytsh experiment,0033_FL138498468.jpg,0033_FL138498468,sephardi,sephardi,100175.40281653404,0.9100817438692098,0.2666306111411574,488.0,gt,datasets/vaybertaytshexperiment/gt/0033_FL138498468.txt,analysis_results/full_run_20260613/predictions/vaybertaytshexperiment/sephardi__0033_FL138498468.xml,1847,1925
vaybertaytshexperiment,Vayber Taytsh experiment,0033_FL138498468.jpg,0033_FL138498468,sinai_no_voc_61,sinai no voc 61,100113.26022362709,0.1989100817438692,0.04434829637641969,82.0,gt,datasets/vaybertaytshexperiment/gt/0033_FL138498468.txt,analysis_results/full_run_20260613/predictions/vaybertaytshexperiment/sinai_no_voc_61__0033_FL138498468.xml,1847,1844
vaybertaytshexperiment,Vayber Taytsh experiment,0033_FL138498468.jpg,0033_FL138498468,vat44,vat44,100174.71249437332,0.9182561307901907,0.3520822065981612,649.0,gt,datasets/vaybertaytshexperiment/gt/0033_FL138498468.txt,analysis_results/full_run_20260613/predictions/vaybertaytshexperiment/vat44__0033_FL138498468.xml,1847,1795
